Message ID,Subject,Message,Spam/Ham,Date,text,label,cleaned_text,tokens,processed_text,text_length,word_count,unique_words,capital_ratio,digit_ratio,exclamation_count,question_count,spam_word_count,ham_word_count,spam_ratio,spam_ham_diff,avg_word_length,url_count,email_count,money_count,predicted,probability,actual,correct
3584,this week ' s neon sheet,- awesome glory . doc,ham,2001-11-06,this week ' s neon sheet - awesome glory . doc,0,this week s neon sheet awesome glory doc,"['week', 'neon', 'sheet', 'awesome', 'glory', 'doc']",week neon sheet awesome glory doc,40,6,6,0.0,0.0,0,0,0,0,0.0,0,4.666666666666667,0,0,0,1,0.5681762623819337,0,False
16,y 2 k - texas log,"name home pager
george grant 281 - 282 - 9084 713 - 764 - 5128
charlotte hawkins 281 - 655 - 0952 713 - 506 - 4006
aimee lannou 713 - 594 - 6562 713 - 698 - 7722
robert lloyd 281 - 847 - 2808 713 - 698 - 5446
stella morris 281 - 448 - 9067 713 - 200 - 8376
susan trevino 713 - 688 - 6186 713 - 200 - 8368
kim vaughn 281 - 586 - 0910 713 - 761 - 8153
jackie young 713 - 528 - 4562 713 - 990 - 6400
carlos rodriguez 281 - 344 - 0991 713 - 761 - 2722
mandy allen 281 - 970 - 6561 713 - 990 - 8332",ham,1999-12-15,"y 2 k - texas log name home pager
george grant 281 - 282 - 9084 713 - 764 - 5128
charlotte hawkins 281 - 655 - 0952 713 - 506 - 4006
aimee lannou 713 - 594 - 6562 713 - 698 - 7722
robert lloyd 281 - 847 - 2808 713 - 698 - 5446
stella morris 281 - 448 - 9067 713 - 200 - 8376
susan trevino 713 - 688 - 6186 713 - 200 - 8368
kim vaughn 281 - 586 - 0910 713 - 761 - 8153
jackie young 713 - 528 - 4562 713 - 990 - 6400
carlos rodriguez 281 - 344 - 0991 713 - 761 - 2722
mandy allen 281 - 970 - 6561 713 - 990 - 8332",0,y k texas log name home pager george grant charlotte hawkins aimee lannou robert lloyd stella morris susan trevino kim vaughn jackie young carlos rodriguez mandy allen,"['texa', 'log', 'name', 'home', 'pager', 'george', 'grant', 'charlotte', 'hawkin', 'aimee', 'lannou', 'robert', 'lloyd', 'stella', 'morri', 'susan', 'trevino', 'kim', 'vaughn', 'jackie', 'young', 'carlo', 'rodriguez', 'mandy', 'allen']",texa log name home pager george grant charlotte hawkin aimee lannou robert lloyd stella morri susan trevino kim vaughn jackie young carlo rodriguez mandy allen,167,25,25,0.0,0.0,0,0,0,0,0.0,0,5.4,0,0,0,1,0.5865750352543023,0,False
5262,9 inch t . v .,"goodmorning ,
we need another 9 inch t . v .
i am sorry to say but we need it
as quickly as possible .
the location for the set is eb 31301 c .
delores , you may have to install cable ,
i am not sure , so would you please check
for me .
company # 0011
r . c . # 100038
thanks
kevin moore",ham,2000-01-10,"9 inch t . v . goodmorning ,
we need another 9 inch t . v .
i am sorry to say but we need it
as quickly as possible .
the location for the set is eb 31301 c .
delores , you may have to install cable ,
i am not sure , so would you please check
for me .
company # 0011
r . c . # 100038
thanks
kevin moore",0,inch t v goodmorning we need another inch t v i am sorry to say but we need it as quickly as possible the location for the set is eb c delores you may have to install cable i am not sure so would you please check for me company r c thanks kevin moore,"['inch', 'goodmorn', 'ne', 'another', 'inch', 'say', 'ne', 'quickly', 'possible', 'loca', 'set', 'delore', 'may', 'install', 'cable', 'not', 'sure', 'check', 'company', 'kevin', 'moore']",inch goodmorn ne another inch say ne quickly possible loca set delore may install cable not sure check company kevin moore,250,21,19,0.0,0.0,0,0,0,0,0.0,0,4.857142857142857,0,0,0,1,0.6647449346584005,0,False
2832,neon lesson 5,"please respond to here is lesson # 5 . have fun !
- experiencing god week 5 . doc",ham,2001-03-23,"neon lesson 5 please respond to here is lesson # 5 . have fun !
- experiencing god week 5 . doc",0,neon lesson please respond to here is lesson have fun ! experiencing god week doc,"['neon', 'lesson', 'respond', 'lesson', 'fun', 'experienc', 'god', 'week', 'doc']",neon lesson respond lesson fun experienc god week doc,81,9,8,0.0,0.0,1,0,0,0,0.0,0,5.0,0,0,0,1,0.5626672599908986,0,False
22919,srm - direct reports,"southern cone risk management
martha stevens x 34742
sitara development
tom engel x 31488
russ severson x 37386
bill kasemervisz x 57579
hunaid engineer x 37913
srm",ham,2000-06-12,"srm - direct reports southern cone risk management
martha stevens x 34742
sitara development
tom engel x 31488
russ severson x 37386
bill kasemervisz x 57579
hunaid engineer x 37913
srm",0,srm direct reports southern cone risk management martha stevens x sitara development tom engel x russ severson x bill kasemervisz x hunaid engineer x srm,"['srm', 'direct', 'report', 'southern', 'cone', 'risk', 'management', 'martha', 'steven', 'sitara', 'development', 'tom', 'engel', 'rus', 'severson', 'bill', 'kasemervisz', 'hunaid', 'engineer', 'srm']",srm direct report southern cone risk management martha steven sitara development tom engel rus severson bill kasemervisz hunaid engineer srm,153,20,19,0.0,0.0,0,0,0,1,0.0,-1,6.05,0,0,0,1,0.5559348927223673,0,False
14126,i ' ll work up the eol 2002 budget figures for you asap . i ' d also like to continue our discussion about the credit idea .,0,ham,2001-11-26,i ' ll work up the eol 2002 budget figures for you asap . i ' d also like to continue our discussion about the credit idea . ,0,i ll work up the eol budget figures for you asap i d also like to continue our discussion about the credit idea,"['work', 'eol', 'budget', 'figure', 'asap', 'also', 'like', 'continue', 'discussion', 'credit', 'idea']",work eol budget figure asap also like continue discussion credit idea,111,11,11,0.0,0.0,0,0,1,1,0.0909090909090909,0,5.363636363636363,0,0,0,1,0.596188344866072,0,False
17033,path 15,"path 15 s - n flows are near the limit . beep has been put into split region
mode as of 2313 hours . beep will dispatch in two zones and will produce two
ex - post prices . sent by market operations , inquiries please call the real
time desk .
the system conditions described in this communication are dynamic and
subject to change . while the iso has attempted to reflect the most current ,
accurate information available in preparing this notice , system conditions
may change suddenly with little or no notice .",ham,2001-08-09,"path 15 path 15 s - n flows are near the limit . beep has been put into split region
mode as of 2313 hours . beep will dispatch in two zones and will produce two
ex - post prices . sent by market operations , inquiries please call the real
time desk .
the system conditions described in this communication are dynamic and
subject to change . while the iso has attempted to reflect the most current ,
accurate information available in preparing this notice , system conditions
may change suddenly with little or no notice .",0,path path s n flows are near the limit beep has been put into split region mode as of hours beep will dispatch in two zones and will produce two ex post prices sent by market operations inquiries please call the real time desk the system conditions described in this communication are dynamic and subject to change while the iso has attempted to reflect the most current accurate information available in preparing this notice system conditions may change suddenly with little or no notice,"['path', 'path', 'flow', 'near', 'limit', 'beep', 'put', 'split', 'region', 'mode', 'hour', 'beep', 'will', 'dispatch', 'two', 'zone', 'will', 'produce', 'two', 'post', 'price', 'market', 'operation', 'inquirie', 'call', 'real', 'time', 'desk', 'system', 'condition', 'describ', 'communica', 'dynamic', 'change', 'iso', 'attempt', 'reflect', 'current', 'accurate', 'informa', 'available', 'prepar', 'notice', 'system', 'condition', 'may', 'change', 'suddenly', 'little', 'notice']",path path flow near limit beep put split region mode hour beep will dispatch two zone will produce two post price market operation inquirie call real time desk system condition describ communica dynamic change iso attempt reflect current accurate informa available prepar notice system condition may change suddenly little notice,489,50,42,0.0,0.0,0,0,0,0,0.0,0,5.6,0,0,0,1,0.5645358945835417,0,False
17228,correction : pdci and coi derate,"correction : after the day ahead market ran , the coi branch group ttc in the
north to south direction was changed from 4150 mw to 4100 mw for he 20 from
4300 mw to 4100 mws he 21 and he 22 ; the pdci in the north to south direction
from 2721 mw to 2572 mw he 20 from 2721 mw to 2572 he 21 and he 22 for the
operating day 09 - 12 - 01 . the reason ( s ) for the change is extended 500 kv line
work . the first applicable hour ahead market to run with these values is
he 20 . the iso will update you of any changes in line rating status . sent by
market operations , inquiries please call the hour ahead desk .",ham,2001-09-12,"correction : pdci and coi derate correction : after the day ahead market ran , the coi branch group ttc in the
north to south direction was changed from 4150 mw to 4100 mw for he 20 from
4300 mw to 4100 mws he 21 and he 22 ; the pdci in the north to south direction
from 2721 mw to 2572 mw he 20 from 2721 mw to 2572 he 21 and he 22 for the
operating day 09 - 12 - 01 . the reason ( s ) for the change is extended 500 kv line
work . the first applicable hour ahead market to run with these values is
he 20 . the iso will update you of any changes in line rating status . sent by
market operations , inquiries please call the hour ahead desk .",0,correction pdci and coi derate correction after the day ahead market ran the coi branch group ttc in the north to south direction was changed from mw to mw for he from mw to mws he and he the pdci in the north to south direction from mw to mw he from mw to he and he for the operating day the reason s for the change is extended kv line work the first applicable hour ahead market to run with these values is he the iso will update you of any changes in line rating status sent by market operations inquiries please call the hour ahead desk,"['correc', 'pdci', 'coi', 'derate', 'correc', 'day', 'ahead', 'market', 'ran', 'coi', 'branch', 'group', 'ttc', 'north', 'south', 'direc', 'chang', 'mws', 'pdci', 'north', 'south', 'direc', 'operat', 'day', 'reason', 'change', 'extend', 'line', 'work', 'first', 'applicable', 'hour', 'ahead', 'market', 'run', 'value', 'iso', 'will', 'update', 'change', 'line', 'rat', 'statu', 'market', 'operation', 'inquirie', 'call', 'hour', 'ahead', 'desk']",correc pdci coi derate correc day ahead market ran coi branch group ttc north south direc chang mws pdci north south direc operat day reason change extend line work first applicable hour ahead market run value iso will update change line rat statu market operation inquirie call hour ahead desk,540,50,36,0.0,0.0,0,0,0,0,0.0,0,4.9,0,0,0,1,0.5023301993853774,0,False
922,re : may activity survey,"thanks , daren ,
these are the only stats that we need for now .
shari",ham,2000-06-08,"re : may activity survey thanks , daren ,
these are the only stats that we need for now .
shari",0,re may activity survey thanks daren these are the only stats that we need for now shari,"['may', 'activity', 'survey', 'daren', 'stat', 'ne', 'now', 'shari']",may activity survey daren stat ne now shari,87,8,8,0.0,0.0,0,0,0,0,0.0,0,4.5,0,0,0,1,0.5695400858515918,0,False
3291,mtr 980070 for 10 / 29 - 31 / 1999,"those deals have been manually entered into pops and reallocated . all is well .
mark",ham,2001-05-25,"mtr 980070 for 10 / 29 - 31 / 1999 those deals have been manually entered into pops and reallocated . all is well .
mark",0,mtr for those deals have been manually entered into pops and reallocated all is well mark,"['mtr', 'deal', 'manually', 'enter', 'pop', 'reallocat', 'mark']",mtr deal manually enter pop reallocat mark,89,7,7,0.0,0.0,0,0,0,0,0.0,0,5.142857142857143,0,0,0,1,0.5150852000405118,0,False
23722,ase attendees,"here is my list . i also touched base with brent , bob , and leslie to see who
they wanted to include from their staff as well .
we ' re a little over the suggested max of 25 people . i ' ve made a call to lisa
petruska to see if 25 is a firm number or if we can go a little over . please
review and make and additions / deletions you see fit and then return . i will
send out the notice to get this on everyone ' s calendar once i have your
updates .
i suggest we let each department handle flight arrangements , but that we
centrally coordinate lodging .",ham,2001-01-18,"ase attendees here is my list . i also touched base with brent , bob , and leslie to see who
they wanted to include from their staff as well .
we ' re a little over the suggested max of 25 people . i ' ve made a call to lisa
petruska to see if 25 is a firm number or if we can go a little over . please
review and make and additions / deletions you see fit and then return . i will
send out the notice to get this on everyone ' s calendar once i have your
updates .
i suggest we let each department handle flight arrangements , but that we
centrally coordinate lodging .",0,ase attendees here is my list i also touched base with brent bob and leslie to see who they wanted to include from their staff as well we re a little over the suggested max of people i ve made a call to lisa petruska to see if is a firm number or if we can go a little over please review and make and additions deletions you see fit and then return i will send out the notice to get this on everyone s calendar once i have your updates i suggest we let each department handle flight arrangements but that we centrally coordinate lodging,"['ase', 'attendee', 'list', 'also', 'touch', 'base', 'brent', 'bob', 'leslie', 'see', 'want', 'include', 'staff', 'little', 'suggest', 'max', 'people', 'made', 'call', 'lisa', 'petruska', 'see', 'firm', 'number', 'can', 'little', 'review', 'make', 'addition', 'deletion', 'see', 'fit', 'return', 'will', 'send', 'notice', 'get', 'everyone', 'calendar', 'update', 'suggest', 'let', 'department', 'handle', 'flight', 'arrangement', 'centrally', 'coordinate', 'lodg']",ase attendee list also touch base brent bob leslie see want include staff little suggest max people made call lisa petruska see firm number can little review make addition deletion see fit return will send notice get everyone calendar update suggest let department handle flight arrangement centrally coordinate lodg,536,49,45,0.0,0.0,0,0,0,1,0.0,-1,5.469387755102041,0,0,0,1,0.5211913655716478,0,False
7977,re : testing ir & fx var,"nick and winston ,
i understand that ir & fx var numbers are calculated every day in risktrac .
this results are overwritten
everyday in the database table by the official numbers calculated with the
old version of the code .
for the consistent testing we need historical results for each ir and fx
sub - portfolio .
can we store the numbers every day ?
tanya",ham,2000-12-19,"re : testing ir & fx var nick and winston ,
i understand that ir & fx var numbers are calculated every day in risktrac .
this results are overwritten
everyday in the database table by the official numbers calculated with the
old version of the code .
for the consistent testing we need historical results for each ir and fx
sub - portfolio .
can we store the numbers every day ?
tanya",0,re testing ir fx var nick and winston i understand that ir fx var numbers are calculated every day in risktrac this results are overwritten everyday in the database table by the official numbers calculated with the old version of the code for the consistent testing we need historical results for each ir and fx sub portfolio can we store the numbers every day ? tanya,"['test', 'var', 'nick', 'winston', 'understand', 'var', 'number', 'calculat', 'every', 'day', 'risktrac', 'result', 'overwritten', 'everyday', 'database', 'table', 'official', 'number', 'calculat', 'old', 'version', 'code', 'consistent', 'test', 'ne', 'historical', 'result', 'sub', 'portfolio', 'can', 'store', 'number', 'every', 'day', 'tanya']",test var nick winston understand var number calculat every day risktrac result overwritten everyday database table official number calculat old version code consistent test ne historical result sub portfolio can store number every day tanya,368,35,27,0.0,0.0,0,1,0,0,0.0,0,5.885714285714286,0,0,0,1,0.6824818716570588,0,False
1761,re : duke cashout entries 5 / 00 and 6 / 00,thanks . it came through . i should have 7 / 00 and 8 / 00 for you tomorrow .,ham,2000-10-05,re : duke cashout entries 5 / 00 and 6 / 00 thanks . it came through . i should have 7 / 00 and 8 / 00 for you tomorrow .,0,re duke cashout entries and thanks it came through i should have and for you tomorrow,"['duke', 'cashout', 'entrie', 'came', 'tomorrow']",duke cashout entrie came tomorrow,85,5,5,0.0,0.0,0,0,0,0,0.0,0,5.8,0,0,0,1,0.6165502423572691,0,False
14249,wire request,"louise ,
theresa vos will ask you to authorize a wire request for $ 100 , 000 for the roseville . this payment is required to keep the agreement with the muni alive which protects $ 5 mm - $ 15 mm of value for the creditors . a plan for monetization of this and other west positions is being pursued ( we have $ 1 . 1 mm coming in this month for erc sales ) . i recommend we fund this $ 100 , 000 payment .
chris calger
503 - 464 - 3735",ham,2001-12-04,"wire request louise ,
theresa vos will ask you to authorize a wire request for $ 100 , 000 for the roseville . this payment is required to keep the agreement with the muni alive which protects $ 5 mm - $ 15 mm of value for the creditors . a plan for monetization of this and other west positions is being pursued ( we have $ 1 . 1 mm coming in this month for erc sales ) . i recommend we fund this $ 100 , 000 payment .
chris calger
503 - 464 - 3735",0,wire request louise theresa vos will ask you to authorize a wire request for for the roseville this payment is required to keep the agreement with the muni alive which protects mm mm of value for the creditors a plan for monetization of this and other west positions is being pursued we have mm coming in this month for erc sales i recommend we fund this payment chris calger,"['wire', 'request', 'louise', 'theresa', 'vos', 'will', 'ask', 'authorize', 'wire', 'request', 'roseville', 'payment', 'requir', 'keep', 'agreement', 'muni', 'alive', 'protect', 'value', 'creditor', 'plan', 'monetiza', 'west', 'position', 'pursu', 'com', 'month', 'erc', 'sale', 'recommend', 'fund', 'payment', 'chri', 'calger']",wire request louise theresa vos will ask authorize wire request roseville payment requir keep agreement muni alive protect value creditor plan monetiza west position pursu com month erc sale recommend fund payment chri calger,375,34,31,0.0,0.0,0,0,0,2,0.0,-2,5.647058823529412,0,0,0,1,0.5156934974630828,0,False
8692,karolyi dinner tonight,"i ' m writing to confirm our dinner plans with andrew karolyi for this evening .
we have reservations for 7 pm at damian ' s , 3011 smith st . , 713 . 522 . 0439
dave
* * * * * * * * * * * * * * * * * * * * * * * * * * * * * * * * * * *
prof . david ikenberry
jones graduate school of management
rice university
713 - 348 - 5385",ham,2001-03-12,"karolyi dinner tonight i ' m writing to confirm our dinner plans with andrew karolyi for this evening .
we have reservations for 7 pm at damian ' s , 3011 smith st . , 713 . 522 . 0439
dave
* * * * * * * * * * * * * * * * * * * * * * * * * * * * * * * * * * *
prof . david ikenberry
jones graduate school of management
rice university
713 - 348 - 5385",0,karolyi dinner tonight i m writing to confirm our dinner plans with andrew karolyi for this evening we have reservations for pm at damian s smith st dave prof david ikenberry jones graduate school of management rice university,"['karolyi', 'dinner', 'tonight', 'writ', 'confirm', 'dinner', 'plan', 'andrew', 'karolyi', 'even', 'reservation', 'damian', 'smith', 'dave', 'prof', 'david', 'ikenberry', 'jone', 'graduate', 'school', 'management', 'rice', 'university']",karolyi dinner tonight writ confirm dinner plan andrew karolyi even reservation damian smith dave prof david ikenberry jone graduate school management rice university,226,23,21,0.0,0.0,0,0,1,0,0.0434782608695652,1,6.260869565217392,0,0,0,1,0.5291506071096632,0,False
3030,please process immediately to avoid loss of information,"read very carefully
your migration date is : today ! !
please make sure you are connected to the network before you launch this
application .
click the button only once !
if a pop - up box appears , prompting you to "" abort , cancel or trust signer ""
please select trust signer . this box may appear multiple times . please
select trust signer for every instance .
please note : you will not notice any change to your existing personal
address book , journal entries , private folder structure or calendar after
running this application . any information you add to your personal address
book , journal entries or calendar after you process this tool will need to be
manually imported into outlook after you are migrated .
failure to run this application will result in your data not being imported
to outlook .
thank you for your cooperation ,
outlook 2000 migration team",ham,2001-04-09,"please process immediately to avoid loss of information read very carefully
your migration date is : today ! !
please make sure you are connected to the network before you launch this
application .
click the button only once !
if a pop - up box appears , prompting you to "" abort , cancel or trust signer ""
please select trust signer . this box may appear multiple times . please
select trust signer for every instance .
please note : you will not notice any change to your existing personal
address book , journal entries , private folder structure or calendar after
running this application . any information you add to your personal address
book , journal entries or calendar after you process this tool will need to be
manually imported into outlook after you are migrated .
failure to run this application will result in your data not being imported
to outlook .
thank you for your cooperation ,
outlook 2000 migration team",0,please process immediately to avoid loss of information read very carefully your migration date is today ! ! please make sure you are connected to the network before you launch this application click the button only once ! if a pop up box appears prompting you to abort cancel or trust signer please select trust signer this box may appear multiple times please select trust signer for every instance please note you will not notice any change to your existing personal address book journal entries private folder structure or calendar after running this application any information you add to your personal address book journal entries or calendar after you process this tool will need to be manually imported into outlook after you are migrated failure to run this application will result in your data not being imported to outlook thank you for your cooperation outlook migration team,"['proces', 'immediately', 'avoid', 'los', 'informa', 'read', 'carefully', 'migra', 'today', 'make', 'sure', 'connect', 'network', 'launch', 'applica', 'click', 'button', 'pop', 'box', 'appear', 'prompt', 'abort', 'cancel', 'trust', 'signer', 'select', 'trust', 'signer', 'box', 'may', 'appear', 'multiple', 'time', 'select', 'trust', 'signer', 'every', 'instance', 'note', 'will', 'not', 'notice', 'change', 'exist', 'personal', 'addres', 'book', 'journal', 'entrie', 'private', 'folder', 'structure', 'calendar', 'runn', 'applica', 'informa', 'add', 'personal', 'addres', 'book', 'journal', 'entrie', 'calendar', 'proces', 'tool', 'will', 'ne', 'manually', 'import', 'outlook', 'migrat', 'failure', 'run', 'applica', 'will', 'result', 'data', 'not', 'import', 'outlook', 'coopera', 'outlook', 'migra', 'team']",proces immediately avoid los informa read carefully migra today make sure connect network launch applica click button pop box appear prompt abort cancel trust signer select trust signer box may appear multiple time select trust signer every instance note will not notice change exist personal addres book journal entrie private folder structure calendar runn applica informa add personal addres book journal entrie calendar proces tool will ne manually import outlook migrat failure run applica will result data not import outlook coopera outlook migra team,887,84,60,0.0,0.0,3,0,1,0,0.0119047619047619,1,5.642857142857143,0,0,0,1,0.6286476849635311,0,False
2289,january brown bag sessions,"if you would like to sharpen your performance evaluation writting skills or
your interviewing skills please read below .
the following classes are being offered on an "" invitation only "" basis .
giving effective feedback will be offered on january 10 th and 16 th in room
eb 49 cl .
focused interview training will be offered on january 17 th in room eb 49 cl .
both classes are from 11 : 30 am to 1 : 00 pm .
to register for these offerings , click on the provided link . once in the
devolpment center data base , click on the session you wish to attend and
submit your registration . hurry , space for these trainings is limited .
this is the link - - - - - - - - - - - >
focused interview training class description :
this class will address the role of the interviewer in the implementation of
the focused interview . topics to be covered include :
steps for preparation
setting expectations
conducting a focused interview
using the focused interview tool
legal and ethical consideration
the role of competencies in your final evaluation
discussion will be encouraged to ensure transfer of information .
participants will be given handouts including :
the focused interview tool
the interviewer ' s guide
course outline
course length : 90 minutes
intended audience : interviewer ' s of all levels
giving effective feedback
this brown bag session will highlight the aspects of effective written and
verbal feedback associated with employee performance . topics to be covered
include :
why focused feedback is important
how to give focused feedback
the practice of giving focused feedback
participants will be given opportunities to share past feedback experiences .
exercises will be offered to facilitate the transfer of learning .
participants will be given handouts including :
course outline
the focused feedback guide
course length : 90 minutes
intended audience : supervisor ' s of all levels",ham,2000-12-27,"january brown bag sessions if you would like to sharpen your performance evaluation writting skills or
your interviewing skills please read below .
the following classes are being offered on an "" invitation only "" basis .
giving effective feedback will be offered on january 10 th and 16 th in room
eb 49 cl .
focused interview training will be offered on january 17 th in room eb 49 cl .
both classes are from 11 : 30 am to 1 : 00 pm .
to register for these offerings , click on the provided link . once in the
devolpment center data base , click on the session you wish to attend and
submit your registration . hurry , space for these trainings is limited .
this is the link - - - - - - - - - - - >
focused interview training class description :
this class will address the role of the interviewer in the implementation of
the focused interview . topics to be covered include :
steps for preparation
setting expectations
conducting a focused interview
using the focused interview tool
legal and ethical consideration
the role of competencies in your final evaluation
discussion will be encouraged to ensure transfer of information .
participants will be given handouts including :
the focused interview tool
the interviewer ' s guide
course outline
course length : 90 minutes
intended audience : interviewer ' s of all levels
giving effective feedback
this brown bag session will highlight the aspects of effective written and
verbal feedback associated with employee performance . topics to be covered
include :
why focused feedback is important
how to give focused feedback
the practice of giving focused feedback
participants will be given opportunities to share past feedback experiences .
exercises will be offered to facilitate the transfer of learning .
participants will be given handouts including :
course outline
the focused feedback guide
course length : 90 minutes
intended audience : supervisor ' s of all levels",0,january brown bag sessions if you would like to sharpen your performance evaluation writting skills or your interviewing skills please read below the following classes are being offered on an invitation only basis giving effective feedback will be offered on january th and th in room eb cl focused interview training will be offered on january th in room eb cl both classes are from am to pm to register for these offerings click on the provided link once in the devolpment center data base click on the session you wish to attend and submit your registration hurry space for these trainings is limited this is the link focused interview training class description this class will address the role of the interviewer in the implementation of the focused interview topics to be covered include steps for preparation setting expectations conducting a focused interview using the focused interview tool legal and ethical consideration the role of competencies in your final evaluation discussion will be encouraged to ensure transfer of information participants will be given handouts including the focused interview tool the interviewer s guide course outline course length minutes intended audience interviewer s of all levels giving effective feedback this brown bag session will highlight the aspects of effective written and verbal feedback associated with employee performance topics to be covered include why focused feedback is important how to give focused feedback the practice of giving focused feedback participants will be given opportunities to share past feedback experiences exercises will be offered to facilitate the transfer of learning participants will be given handouts including course outline the focused feedback guide course length minutes intended audience supervisor s of all levels,"['january', 'brown', 'bag', 'session', 'like', 'sharpen', 'performance', 'evalua', 'writt', 'skill', 'interview', 'skill', 'read', 'follow', 'classe', 'offer', 'invita', 'basi', 'giv', 'effective', 'feedback', 'will', 'offer', 'january', 'room', 'focus', 'interview', 'train', 'will', 'offer', 'january', 'room', 'classe', 'register', 'offering', 'click', 'provid', 'link', 'devolpment', 'center', 'data', 'base', 'click', 'session', 'wish', 'attend', 'submit', 'registra', 'hurry', 'space', 'training', 'limit', 'link', 'focus', 'interview', 'train', 'clas', 'descrip', 'clas', 'will', 'addres', 'role', 'interviewer', 'implementa', 'focus', 'interview', 'topic', 'cover', 'include', 'step', 'prepara', 'sett', 'expectation', 'conduct', 'focus', 'interview', 'us', 'focus', 'interview', 'tool', 'legal', 'ethical', 'considera', 'role', 'competencie', 'final', 'evalua', 'discussion', 'will', 'encourag', 'ensure', 'transfer', 'informa', 'participant', 'will', 'given', 'handout', 'includ', 'focus', 'interview', 'tool', 'interviewer', 'guide', 'course', 'outline', 'course', 'length', 'minute', 'intend', 'audience', 'interviewer', 'level', 'giv', 'effective', 'feedback', 'brown', 'bag', 'session', 'will', 'highlight', 'aspect', 'effective', 'written', 'verbal', 'feedback', 'associat', 'employee', 'performance', 'topic', 'cover', 'include', 'focus', 'feedback', 'important', 'give', 'focus', 'feedback', 'practice', 'giv', 'focus', 'feedback', 'participant', 'will', 'given', 'opportunitie', 'share', 'past', 'feedback', 'experience', 'exercise', 'will', 'offer', 'facilitate', 'transfer', 'learn', 'participant', 'will', 'given', 'handout', 'includ', 'course', 'outline', 'focus', 'feedback', 'guide', 'course', 'length', 'minute', 'intend', 'audience', 'supervisor', 'level']",january brown bag session like sharpen performance evalua writt skill interview skill read follow classe offer invita basi giv effective feedback will offer january room focus interview train will offer january room classe register offering click provid link devolpment center data base click session wish attend submit registra hurry space training limit link focus interview train clas descrip clas will addres role interviewer implementa focus interview topic cover include step prepara sett expectation conduct focus interview us focus interview tool legal ethical considera role competencie final evalua discussion will encourag ensure transfer informa participant will given handout includ focus interview tool interviewer guide course outline course length minute intend audience interviewer level giv effective feedback brown bag session will highlight aspect effective written verbal feedback associat employee performance topic cover include focus feedback important give focus feedback practice giv focus feedback participant will given opportunitie share past feedback experience exercise will offer facilitate transfer learn participant will given handout includ course outline focus feedback guide course length minute intend audience supervisor level,1808,172,96,0.0,0.0,0,0,8,15,0.0465116279069767,-7,6.3604651162790695,0,0,0,1,0.6196799882986099,0,False
22855,hiring,"sally ,
we need to start hiring asap . we ' d like 2 / 3 people ( risk ) on board by
early / mid june .
super saturday - what ' s the timing on that ?
otherwise - how would i interview for external folks ?
b .",ham,2000-05-22,"hiring sally ,
we need to start hiring asap . we ' d like 2 / 3 people ( risk ) on board by
early / mid june .
super saturday - what ' s the timing on that ?
otherwise - how would i interview for external folks ?
b .",0,hiring sally we need to start hiring asap we d like people risk on board by early mid june super saturday what s the timing on that ? otherwise how would i interview for external folks ? b,"['hir', 'sally', 'ne', 'start', 'hir', 'asap', 'like', 'people', 'risk', 'board', 'early', 'mid', 'june', 'super', 'saturday', 'tim', 'otherwise', 'interview', 'external', 'folk']",hir sally ne start hir asap like people risk board early mid june super saturday tim otherwise interview external folk,188,20,19,0.0,0.0,0,2,0,1,0.0,-1,4.95,0,0,0,1,0.5623401834982659,0,False
14089,nymex _ 1123 _ im . xls,"here is the nymex initial margins as of statements dated 11 / 23 . total is $ 182 mm after credit lines .
greg 35399",ham,2001-11-25,"nymex _ 1123 _ im . xls here is the nymex initial margins as of statements dated 11 / 23 . total is $ 182 mm after credit lines .
greg 35399",0,nymex im xls here is the nymex initial margins as of statements dated total is mm after credit lines greg,"['nymex', 'xls', 'nymex', 'initial', 'margin', 'statement', 'dat', 'total', 'credit', 'line', 'greg']",nymex xls nymex initial margin statement dat total credit line greg,105,11,10,0.0,0.0,0,0,1,0,0.0909090909090909,1,5.181818181818182,0,0,0,1,0.5837540778202721,0,False
3417,resume - tyler cutshall,"a friend of mine that i ' ve known since college at harding is looking for a
job in it or consulting .
his last stint was as a senior systems engineer in compaq ' s sap solutions
center .
he ' s a stellar guy , and very smart , as you can tell from his resume .
if you know of any opportunities , please pass this along .
thanks ,
ram tackett
owner , abacus technologies
17611 loring lane , spring , tx 77388 - 5746
mailto : rtackett @ abacustech . net
v : ( 281 ) 651 - 7106
f : 1 + ( 281 ) 528 - 8636
web : http : / / www . abacustech . net
- resume . doc",ham,2001-08-09,"resume - tyler cutshall a friend of mine that i ' ve known since college at harding is looking for a
job in it or consulting .
his last stint was as a senior systems engineer in compaq ' s sap solutions
center .
he ' s a stellar guy , and very smart , as you can tell from his resume .
if you know of any opportunities , please pass this along .
thanks ,
ram tackett
owner , abacus technologies
17611 loring lane , spring , tx 77388 - 5746
mailto : rtackett @ abacustech . net
v : ( 281 ) 651 - 7106
f : 1 + ( 281 ) 528 - 8636
web : http : / / www . abacustech . net
- resume . doc",0,resume tyler cutshall a friend of mine that i ve known since college at harding is looking for a job in it or consulting his last stint was as a senior systems engineer in compaq s sap solutions center he s a stellar guy and very smart as you can tell from his resume if you know of any opportunities please pass this along thanks ram tackett owner abacus technologies loring lane spring tx mailto rtackett abacustech net v f web http www abacustech net resume doc,"['resume', 'tyler', 'cutshall', 'friend', 'mine', 'known', 'since', 'college', 'hard', 'look', 'job', 'consult', 'last', 'stint', 'senior', 'system', 'engineer', 'compaq', 'sap', 'solution', 'center', 'stellar', 'guy', 'smart', 'can', 'tell', 'resume', 'know', 'opportunitie', 'pas', 'along', 'ram', 'tackett', 'owner', 'abacu', 'technologie', 'lor', 'lane', 'spr', 'mailto', 'rtackett', 'abacustech', 'net', 'web', 'http', 'www', 'abacustech', 'net', 'resume', 'doc']",resume tyler cutshall friend mine known since college hard look job consult last stint senior system engineer compaq sap solution center stellar guy smart can tell resume know opportunitie pas along ram tackett owner abacu technologie lor lane spr mailto rtackett abacustech net web http www abacustech net resume doc,464,50,46,0.0,0.0,0,0,0,0,0.0,0,5.36,0,0,0,1,0.6307238878237316,0,False
8299,wharton fap 2001 webcafe access,"about a month , ago you should have received an invitation to your fap 2001
webcafe room ( s ) that contained log on information to access the room . if you
have not received the email or are having difficulty logging into the
webcafe , please contact the wharton webcafe team be sending email to
webcafe @ wharton . upenn . edu and we will be happy to assist you .
best regards ,
michele krull
wcit webcafe team
webcafe @ wharton . upenn . edu
215 - 573 - 4262",ham,2001-01-22,"wharton fap 2001 webcafe access about a month , ago you should have received an invitation to your fap 2001
webcafe room ( s ) that contained log on information to access the room . if you
have not received the email or are having difficulty logging into the
webcafe , please contact the wharton webcafe team be sending email to
webcafe @ wharton . upenn . edu and we will be happy to assist you .
best regards ,
michele krull
wcit webcafe team
webcafe @ wharton . upenn . edu
215 - 573 - 4262",0,wharton fap webcafe access about a month ago you should have received an invitation to your fap webcafe room s that contained log on information to access the room if you have not received the email or are having difficulty logging into the webcafe please contact the wharton webcafe team be sending email to webcafe wharton upenn edu and we will be happy to assist you best regards michele krull wcit webcafe team webcafe wharton upenn edu,"['wharton', 'fap', 'webcafe', 'acces', 'month', 'ago', 'invita', 'fap', 'webcafe', 'room', 'contain', 'log', 'informa', 'acces', 'room', 'not', 'difficulty', 'logg', 'webcafe', 'contact', 'wharton', 'webcafe', 'team', 'send', 'webcafe', 'wharton', 'upenn', 'edu', 'will', 'happy', 'assist', 'best', 'michele', 'krull', 'wcit', 'webcafe', 'team', 'webcafe', 'wharton', 'upenn', 'edu']",wharton fap webcafe acces month ago invita fap webcafe room contain log informa acces room not difficulty logg webcafe contact wharton webcafe team send webcafe wharton upenn edu will happy assist best michele krull wcit webcafe team webcafe wharton upenn edu,440,41,26,0.0,0.0,0,0,0,0,0.0,0,5.341463414634147,0,0,0,1,0.6280514736613246,0,False
1154,this is hillarious !,"take a minute and call ( 800 ) 578 - 7453 and listen to the greeting of the brown
& williamson tobacco company . at the point where you are asked to select an
extension , hang up .
david heineke
dheineke @ tsteel . com",ham,2000-07-10,"this is hillarious ! take a minute and call ( 800 ) 578 - 7453 and listen to the greeting of the brown
& williamson tobacco company . at the point where you are asked to select an
extension , hang up .
david heineke
dheineke @ tsteel . com",0,this is hillarious ! take a minute and call and listen to the greeting of the brown williamson tobacco company at the point where you are asked to select an extension hang up david heineke dheineke tsteel com,"['hillariou', 'take', 'minute', 'call', 'listen', 'greet', 'brown', 'williamson', 'tobacco', 'company', 'point', 'ask', 'select', 'extension', 'hang', 'david', 'heineke', 'dheineke', 'tsteel', 'com']",hillariou take minute call listen greet brown williamson tobacco company point ask select extension hang david heineke dheineke tsteel com,208,20,20,0.0,0.0,1,0,0,0,0.0,0,5.95,0,0,0,1,0.6209107781574406,0,False
29008,fw : computers,"happy holidays !
bonnie hitschel
210 - 283 - 2456
> subject : computers
>
> dear tech support ,
>
> last year i upgraded from boyfriend 5 . 0 to husband 1 . 0 and noticed a
> slowdown in the performance of flower and jewelry applications that had
> operated flawlessly under boyfriend 5 . 0 . in addition , husband 1 . 0
> uninstalled many other valuable programs , such as romance 9 . 9 , and
> installed
> undesirable programs such as nfl 5 . 0 and nba 3 . 0 .
>
> conversation 8 . 0 no longer runs and housecleaning 2 . 6 simply crashes
> the system . i ' ve tried running nagging 5 . 3 to fix these problems , but to
> no avail . what can i do ?
>
> desperate
>
> > > - - - - - - - - - - - - - - - - - - - - - - - - - - - - - - - - - - - - - - - - - - - - - - - - - - - - - - - - - - - - - - - - - - - - -
>
> dear desperate ,
>
> first , keep in mind that boyfriend 5 . 0 is an entertainment package ,
> while husband 1 . 0 is an operating system . install tears 6 . 2 and enter the
> command .
>
> husband 1 . 0 should then automatically run the applications guilty 3 . 0 and
> flowers 7 . 0 . but remember , overuse can cause husband 1 . 0 to default to
> grumpy silence 2 . 5 , happy hour 7 . 0 , or beer 6 . 1 . beer 6 . 1 is a very bad
> program that will create snoring loudly . wav files .
>
> do not install mother - in law 1 . 0 or reinstall another boyfriend
> program . these are not supported applications and will crash husband 1 . 0 .
>
> in summary , husband 1 . 0 is a great program , but it does have a
> limited memory and cannot learn new applications quickly . you might
> consider
> buying additional software to improve performance . i personally recommend
> hot food 3 . 0 and lingerie 6 . 9 .
>
> good luck .
>",ham,2001-12-21,"fw : computers happy holidays !
bonnie hitschel
210 - 283 - 2456
> subject : computers
>
> dear tech support ,
>
> last year i upgraded from boyfriend 5 . 0 to husband 1 . 0 and noticed a
> slowdown in the performance of flower and jewelry applications that had
> operated flawlessly under boyfriend 5 . 0 . in addition , husband 1 . 0
> uninstalled many other valuable programs , such as romance 9 . 9 , and
> installed
> undesirable programs such as nfl 5 . 0 and nba 3 . 0 .
>
> conversation 8 . 0 no longer runs and housecleaning 2 . 6 simply crashes
> the system . i ' ve tried running nagging 5 . 3 to fix these problems , but to
> no avail . what can i do ?
>
> desperate
>
> > > - - - - - - - - - - - - - - - - - - - - - - - - - - - - - - - - - - - - - - - - - - - - - - - - - - - - - - - - - - - - - - - - - - - - -
>
> dear desperate ,
>
> first , keep in mind that boyfriend 5 . 0 is an entertainment package ,
> while husband 1 . 0 is an operating system . install tears 6 . 2 and enter the
> command .
>
> husband 1 . 0 should then automatically run the applications guilty 3 . 0 and
> flowers 7 . 0 . but remember , overuse can cause husband 1 . 0 to default to
> grumpy silence 2 . 5 , happy hour 7 . 0 , or beer 6 . 1 . beer 6 . 1 is a very bad
> program that will create snoring loudly . wav files .
>
> do not install mother - in law 1 . 0 or reinstall another boyfriend
> program . these are not supported applications and will crash husband 1 . 0 .
>
> in summary , husband 1 . 0 is a great program , but it does have a
> limited memory and cannot learn new applications quickly . you might
> consider
> buying additional software to improve performance . i personally recommend
> hot food 3 . 0 and lingerie 6 . 9 .
>
> good luck .
>",0,fw computers happy holidays ! bonnie hitschel subject computers dear tech support last year i upgraded from boyfriend to husband and noticed a slowdown in the performance of flower and jewelry applications that had operated flawlessly under boyfriend in addition husband uninstalled many other valuable programs such as romance and installed undesirable programs such as nfl and nba conversation no longer runs and housecleaning simply crashes the system i ve tried running nagging to fix these problems but to no avail what can i do ? desperate dear desperate first keep in mind that boyfriend is an entertainment package while husband is an operating system install tears and enter the command husband should then automatically run the applications guilty and flowers but remember overuse can cause husband to default to grumpy silence happy hour or beer beer is a very bad program that will create snoring loudly wav files do not install mother in law or reinstall another boyfriend program these are not supported applications and will crash husband in summary husband is a great program but it does have a limited memory and cannot learn new applications quickly you might consider buying additional software to improve performance i personally recommend hot food and lingerie good luck,"['computer', 'happy', 'holiday', 'bonnie', 'hitschel', 'computer', 'tech', 'support', 'last', 'year', 'upgrad', 'boyfriend', 'husband', 'notic', 'slowdown', 'performance', 'flower', 'jewelry', 'application', 'operat', 'flawlessly', 'boyfriend', 'addi', 'husband', 'uninstall', 'many', 'valuable', 'program', 'romance', 'install', 'undesirable', 'program', 'nfl', 'nba', 'conversa', 'longer', 'run', 'houseclean', 'simply', 'crashe', 'system', 'tri', 'runn', 'nagg', 'fix', 'problem', 'avail', 'can', 'desperate', 'desperate', 'first', 'keep', 'mind', 'boyfriend', 'entertainment', 'package', 'husband', 'operat', 'system', 'install', 'tear', 'enter', 'command', 'husband', 'automatically', 'run', 'application', 'guilty', 'flower', 'remember', 'overuse', 'can', 'cause', 'husband', 'default', 'grumpy', 'silence', 'happy', 'hour', 'beer', 'beer', 'bad', 'program', 'will', 'create', 'snor', 'loudly', 'wav', 'file', 'not', 'install', 'mother', 'law', 'reinstall', 'another', 'boyfriend', 'program', 'not', 'support', 'application', 'will', 'crash', 'husband', 'summary', 'husband', 'great', 'program', 'limit', 'memory', 'cannot', 'learn', 'new', 'application', 'quickly', 'might', 'consider', 'buy', 'additional', 'software', 'improve', 'performance', 'personally', 'recommend', 'hot', 'food', 'lingerie', 'good', 'luck']",computer happy holiday bonnie hitschel computer tech support last year upgrad boyfriend husband notic slowdown performance flower jewelry application operat flawlessly boyfriend addi husband uninstall many valuable program romance install undesirable program nfl nba conversa longer run houseclean simply crashe system tri runn nagg fix problem avail can desperate desperate first keep mind boyfriend entertainment package husband operat system install tear enter command husband automatically run application guilty flower remember overuse can cause husband default grumpy silence happy hour beer beer bad program will create snor loudly wav file not install mother law reinstall another boyfriend program not support application will crash husband summary husband great program limit memory cannot learn new application quickly might consider buy additional software improve performance personally recommend hot food lingerie good luck,1291,128,97,0.0,0.0,1,1,0,0,0.0,0,6.328125,0,0,0,1,0.6751905509904088,0,False
2560,correction on first delivery for cody,"it should read cuba libre field and cuba libre central point .
eb",ham,2001-02-12,"correction on first delivery for cody it should read cuba libre field and cuba libre central point .
eb",0,correction on first delivery for cody it should read cuba libre field and cuba libre central point eb,"['correc', 'first', 'delivery', 'cody', 'read', 'cuba', 'libre', 'field', 'cuba', 'libre', 'central', 'point']",correc first delivery cody read cuba libre field cuba libre central point,101,12,10,0.0,0.0,0,0,0,1,0.0,-1,5.166666666666667,0,0,0,1,0.6735341478143788,0,False
995,resume - robert goerner,"following is the resume of robert goerner . he is currently at reliant doing
pipeline accounting . his salary is at $ 52 k . he was referred by karen
lindley .",ham,2000-06-17,"resume - robert goerner following is the resume of robert goerner . he is currently at reliant doing
pipeline accounting . his salary is at $ 52 k . he was referred by karen
lindley .",0,resume robert goerner following is the resume of robert goerner he is currently at reliant doing pipeline accounting his salary is at k he was referred by karen lindley,"['resume', 'robert', 'goerner', 'follow', 'resume', 'robert', 'goerner', 'currently', 'reliant', 'pipeline', 'account', 'salary', 'referr', 'karen', 'lindley']",resume robert goerner follow resume robert goerner currently reliant pipeline account salary referr karen lindley,168,15,12,0.0,0.0,0,0,1,0,0.0666666666666666,1,6.6,0,0,0,1,0.5895469401831962,0,False
8732,password,"login kkindal
password marketcredit !",ham,2001-03-15,"password login kkindal
password marketcredit !",0,password login kkindal password marketcredit !,"['password', 'login', 'kkindal', 'password', 'marketcredit']",password login kkindal password marketcredit,46,5,4,0.0,0.0,1,0,2,0,0.4,2,8.0,0,0,0,1,0.6824818716570588,0,False
13482,external counterparty / external user logins,"external user logins : 891
external counterparty logins : 4726",ham,2001-10-24,"external counterparty / external user logins external user logins : 891
external counterparty logins : 4726",0,external counterparty external user logins external user logins external counterparty logins,"['external', 'counterparty', 'external', 'user', 'login', 'external', 'user', 'login', 'external', 'counterparty', 'login']",external counterparty external user login external user login external counterparty login,92,11,4,0.0,0.0,0,0,0,0,0.0,0,7.181818181818182,0,0,0,1,0.6757008139747807,0,False
18926,you will be mine,"you might need this , ,
is love just around the corner ? it is , if youre looking in the right places .
the dating web site that was created by women
crypt and fake or asilomar
carnegie sun , ltd - 2135 a des laurentides blvd , suite # 10057 laval qc h 7 m - 4 m 2 , canada
a monthly magazine exterior for boys . each issue containsdiachronic several feature stories - - includes a current events column , games and puzzles . adventures set in a variety of historical periods and locales - - that continue over three to four months . stories are copiously illustrated with half - page and full - page engravings in addition to the cover illustration . miscellaneous material at the back of each issue . imagine life without telephones , tvs , computers , x - rays , lasers , and the internet . as diverse as they may seen , all these technologies , and many others , have one thing in common - they all use electricity and magnetism . for hundreds of years , engineers have been finding new ways of using electricity to revolutionize the way we work , play , learn , and communicate . at this site by the institute of electrical and electronics engineers you will explore the history of these technologies , find out how they work , and learn about some of the people who invented them . tonight is what many consider the biggest night ofor the school year - prom night . and with more than one covington county school celebrating tonight , the roadways are guaranteed to be a little more congested than a typical thursday night . covington county citizens have a unique opportunity tonight to sample a little wildlife - or wild food if you will when the alabama wildlife federation presents its annual wild game cook off at the covington center arena in andalusia at 5 p . m . andalusia ace tyler wilson was on and the beauregard hornets were not as the bulldogs recorded an 8 - 0 win in the first round of the state baseball playoffs wednesday . and on this most holy of weekends , we should rest in the comfort that their is hope and peace that is found in time of sorrow . and if the pain becomes too much to bear for the friends , family and acquaintances of these two fine young men - then we implore them to seek out the help of others - others who can offer those words of kindness and comfort . how is this different than the star - news web site ? our web site is full of valuable carpet information , but it does not contain all the stories in each day ' s paper . web visitors miss engagement announcements , wedding news , social news , religious columns , full - length obituaries , photos and more . the digital download star - news is the exact same file used to make our printing plates , only smaller and with some non - electronic ads removed . the recent proposal to the covington county commission is nothing more than an attempt to limit the rights of those who wish to hunt with the use of dogs . many of the actions of dog hunters as well as those who oppose dog hunting are regrettable and disgusting . the truth is i could fill this article with instances where a dog hunter did something hurtful to a landowner . i could also cite many instances where stalk hunters have done things they shouldn ' t have done . i have even been encouraged to attack the character of those with an opposing view but i want to steer clear of that sort of emotional grandstanding and simply present some facts . the bushe administration is moving to change a postwar cancerous policy that blocked members of saddam hussein ' s baath party from iraqi government and military positions . civilian administrator paul bremer , who put the ban in place , now wants to change the policy as part of an effort to convince sunnis , who dominate the party , that they are welcome in the postwar political transition . an official with south korea ' s defense ministry confirmed thursday that a large explosion occurred near ryongchon station , causing an unknown number of deaths , yonhap news agency reported . two trains carrying flammable materials have exploded in a north korean train station , leaving a large number of casualties , south korean media reports . eight people died in the collapse of the milestonetavern when a tornado destroyed large parts of the town of utica , illinois . survivor jeremy thorson tells the tale of how he left the tavern just before the tornado hit on tuesday night .
where your are determines what grows inside of you . the best way to distract a man with a goal is to give him another one . those who unlock your compassion are those who have been assigned . losers discuss what that are going through . champions discuss what they are going to do .
",spam,2004-05-14,"you will be mine you might need this , ,
is love just around the corner ? it is , if youre looking in the right places .
the dating web site that was created by women
crypt and fake or asilomar
carnegie sun , ltd - 2135 a des laurentides blvd , suite # 10057 laval qc h 7 m - 4 m 2 , canada
a monthly magazine exterior for boys . each issue containsdiachronic several feature stories - - includes a current events column , games and puzzles . adventures set in a variety of historical periods and locales - - that continue over three to four months . stories are copiously illustrated with half - page and full - page engravings in addition to the cover illustration . miscellaneous material at the back of each issue . imagine life without telephones , tvs , computers , x - rays , lasers , and the internet . as diverse as they may seen , all these technologies , and many others , have one thing in common - they all use electricity and magnetism . for hundreds of years , engineers have been finding new ways of using electricity to revolutionize the way we work , play , learn , and communicate . at this site by the institute of electrical and electronics engineers you will explore the history of these technologies , find out how they work , and learn about some of the people who invented them . tonight is what many consider the biggest night ofor the school year - prom night . and with more than one covington county school celebrating tonight , the roadways are guaranteed to be a little more congested than a typical thursday night . covington county citizens have a unique opportunity tonight to sample a little wildlife - or wild food if you will when the alabama wildlife federation presents its annual wild game cook off at the covington center arena in andalusia at 5 p . m . andalusia ace tyler wilson was on and the beauregard hornets were not as the bulldogs recorded an 8 - 0 win in the first round of the state baseball playoffs wednesday . and on this most holy of weekends , we should rest in the comfort that their is hope and peace that is found in time of sorrow . and if the pain becomes too much to bear for the friends , family and acquaintances of these two fine young men - then we implore them to seek out the help of others - others who can offer those words of kindness and comfort . how is this different than the star - news web site ? our web site is full of valuable carpet information , but it does not contain all the stories in each day ' s paper . web visitors miss engagement announcements , wedding news , social news , religious columns , full - length obituaries , photos and more . the digital download star - news is the exact same file used to make our printing plates , only smaller and with some non - electronic ads removed . the recent proposal to the covington county commission is nothing more than an attempt to limit the rights of those who wish to hunt with the use of dogs . many of the actions of dog hunters as well as those who oppose dog hunting are regrettable and disgusting . the truth is i could fill this article with instances where a dog hunter did something hurtful to a landowner . i could also cite many instances where stalk hunters have done things they shouldn ' t have done . i have even been encouraged to attack the character of those with an opposing view but i want to steer clear of that sort of emotional grandstanding and simply present some facts . the bushe administration is moving to change a postwar cancerous policy that blocked members of saddam hussein ' s baath party from iraqi government and military positions . civilian administrator paul bremer , who put the ban in place , now wants to change the policy as part of an effort to convince sunnis , who dominate the party , that they are welcome in the postwar political transition . an official with south korea ' s defense ministry confirmed thursday that a large explosion occurred near ryongchon station , causing an unknown number of deaths , yonhap news agency reported . two trains carrying flammable materials have exploded in a north korean train station , leaving a large number of casualties , south korean media reports . eight people died in the collapse of the milestonetavern when a tornado destroyed large parts of the town of utica , illinois . survivor jeremy thorson tells the tale of how he left the tavern just before the tornado hit on tuesday night .
where your are determines what grows inside of you . the best way to distract a man with a goal is to give him another one . those who unlock your compassion are those who have been assigned . losers discuss what that are going through . champions discuss what they are going to do .
",1,you will be mine you might need this is love just around the corner ? it is if youre looking in the right places the dating web site that was created by women crypt and fake or asilomar carnegie sun ltd a des laurentides blvd suite laval qc h m m canada a monthly magazine exterior for boys each issue containsdiachronic several feature stories includes a current events column games and puzzles adventures set in a variety of historical periods and locales that continue over three to four months stories are copiously illustrated with half page and full page engravings in addition to the cover illustration miscellaneous material at the back of each issue imagine life without telephones tvs computers x rays lasers and the internet as diverse as they may seen all these technologies and many others have one thing in common they all use electricity and magnetism for hundreds of years engineers have been finding new ways of using electricity to revolutionize the way we work play learn and communicate at this site by the institute of electrical and electronics engineers you will explore the history of these technologies find out how they work and learn about some of the people who invented them tonight is what many consider the biggest night ofor the school year prom night and with more than one covington county school celebrating tonight the roadways are guaranteed to be a little more congested than a typical thursday night covington county citizens have a unique opportunity tonight to sample a little wildlife or wild food if you will when the alabama wildlife federation presents its annual wild game cook off at the covington center arena in andalusia at p m andalusia ace tyler wilson was on and the beauregard hornets were not as the bulldogs recorded an win in the first round of the state baseball playoffs wednesday and on this most holy of weekends we should rest in the comfort that their is hope and peace that is found in time of sorrow and if the pain becomes too much to bear for the friends family and acquaintances of these two fine young men then we implore them to seek out the help of others others who can offer those words of kindness and comfort how is this different than the star news web site ? our web site is full of valuable carpet information but it does not contain all the stories in each day s paper web visitors miss engagement announcements wedding news social news religious columns full length obituaries photos and more the digital download star news is the exact same file used to make our printing plates only smaller and with some non electronic ads removed the recent proposal to the covington county commission is nothing more than an attempt to limit the rights of those who wish to hunt with the use of dogs many of the actions of dog hunters as well as those who oppose dog hunting are regrettable and disgusting the truth is i could fill this article with instances where a dog hunter did something hurtful to a landowner i could also cite many instances where stalk hunters have done things they shouldn t have done i have even been encouraged to attack the character of those with an opposing view but i want to steer clear of that sort of emotional grandstanding and simply present some facts the bushe administration is moving to change a postwar cancerous policy that blocked members of saddam hussein s baath party from iraqi government and military positions civilian administrator paul bremer who put the ban in place now wants to change the policy as part of an effort to convince sunnis who dominate the party that they are welcome in the postwar political transition an official with south korea s defense ministry confirmed thursday that a large explosion occurred near ryongchon station causing an unknown number of deaths yonhap news agency reported two trains carrying flammable materials have exploded in a north korean train station leaving a large number of casualties south korean media reports eight people died in the collapse of the milestonetavern when a tornado destroyed large parts of the town of utica illinois survivor jeremy thorson tells the tale of how he left the tavern just before the tornado hit on tuesday night where your are determines what grows inside of you the best way to distract a man with a goal is to give him another one those who unlock your compassion are those who have been assigned losers discuss what that are going through champions discuss what they are going to do,"['will', 'mine', 'might', 'ne', 'love', 'just', 'around', 'corner', 'look', 'right', 'place', 'dat', 'web', 'site', 'creat', 'women', 'crypt', 'fake', 'asilomar', 'carnegie', 'sun', 'ltd', 'des', 'laurentide', 'blvd', 'suite', 'laval', 'canada', 'monthly', 'magazine', 'exterior', 'boy', 'issue', 'containsdiachronic', 'several', 'feature', 'storie', 'include', 'current', 'event', 'column', 'game', 'puzzle', 'adventure', 'set', 'variety', 'historical', 'period', 'locale', 'continue', 'three', 'four', 'month', 'storie', 'copiously', 'illustrat', 'half', 'page', 'full', 'page', 'engraving', 'addi', 'cover', 'illustra', 'miscellaneou', 'material', 'back', 'issue', 'imagine', 'life', 'without', 'telephone', 'tvs', 'computer', 'ray', 'laser', 'internet', 'diverse', 'may', 'seen', 'technologie', 'many', 'other', 'one', 'th', 'common', 'use', 'electricity', 'magnetism', 'hundred', 'year', 'engineer', 'find', 'new', 'way', 'us', 'electricity', 'revolutionize', 'way', 'work', 'play', 'learn', 'communicate', 'site', 'institute', 'electrical', 'electronic', 'engineer', 'will', 'explore', 'history', 'technologie', 'find', 'work', 'learn', 'people', 'invent', 'tonight', 'many', 'consider', 'biggest', 'night', 'ofor', 'school', 'year', 'prom', 'night', 'one', 'covington', 'county', 'school', 'celebrat', 'tonight', 'roadway', 'guarante', 'little', 'congest', 'typical', 'thursday', 'night', 'covington', 'county', 'citizen', 'unique', 'opportunity', 'tonight', 'sample', 'little', 'wildlife', 'wild', 'food', 'will', 'alabama', 'wildlife', 'federa', 'present', 'annual', 'wild', 'game', 'cook', 'off', 'covington', 'center', 'arena', 'andalusia', 'andalusia', 'ace', 'tyler', 'wilson', 'beauregard', 'hornet', 'not', 'bulldog', 'record', 'win', 'first', 'round', 'state', 'baseball', 'playoff', 'wednesday', 'holy', 'weekend', 'rest', 'comfort', 'hope', 'peace', 'found', 'time', 'sorrow', 'pain', 'become', 'much', 'bear', 'friend', 'family', 'acquaintance', 'two', 'fine', 'young', 'men', 'implore', 'seek', 'help', 'other', 'other', 'can', 'offer', 'word', 'kindnes', 'comfort', 'different', 'star', 'new', 'web', 'site', 'web', 'site', 'full', 'valuable', 'carpet', 'informa', 'not', 'contain', 'storie', 'day', 'paper', 'web', 'visitor', 'mis', 'engagement', 'announcement', 'wedd', 'new', 'social', 'new', 'religiou', 'column', 'full', 'length', 'obituarie', 'photo', 'digital', 'download', 'star', 'new', 'exact', 'file', 'us', 'make', 'print', 'plate', 'smaller', 'non', 'electronic', 'ads', 'remov', 'recent', 'proposal', 'covington', 'county', 'commission', 'noth', 'attempt', 'limit', 'right', 'wish', 'hunt', 'use', 'dog', 'many', 'action', 'dog', 'hunter', 'oppose', 'dog', 'hunt', 'regrettable', 'disgust', 'truth', 'fill', 'article', 'instance', 'dog', 'hunter', 'someth', 'hurtful', 'landowner', 'also', 'cite', 'many', 'instance', 'stalk', 'hunter', 'done', 'thing', 'shouldn', 'done', 'even', 'encourag', 'attack', 'character', 'oppos', 'view', 'want', 'steer', 'clear', 'sort', 'emotional', 'grandstand', 'simply', 'present', 'fact', 'bushe', 'administra', 'mov', 'change', 'postwar', 'cancerou', 'policy', 'block', 'member', 'saddam', 'hussein', 'baath', 'party', 'iraqi', 'government', 'military', 'position', 'civilian', 'administrator', 'paul', 'bremer', 'put', 'ban', 'place', 'now', 'want', 'change', 'policy', 'part', 'effort', 'convince', 'sunni', 'dominate', 'party', 'welcome', 'postwar', 'political', 'transi', 'official', 'south', 'korea', 'defense', 'ministry', 'confirm', 'thursday', 'large', 'explosion', 'occurr', 'near', 'ryongchon', 'sta', 'caus', 'unknown', 'number', 'death', 'yonhap', 'new', 'agency', 'report', 'two', 'train', 'carry', 'flammable', 'material', 'explod', 'north', 'korean', 'train', 'sta', 'leav', 'large', 'number', 'casualtie', 'south', 'korean', 'media', 'report', 'eight', 'people', 'di', 'collapse', 'milestonetavern', 'tornado', 'destroy', 'large', 'part', 'town', 'utica', 'illinoi', 'survivor', 'jeremy', 'thorson', 'tell', 'tale', 'left', 'tavern', 'just', 'tornado', 'hit', 'tuesday', 'night', 'determine', 'grow', 'inside', 'best', 'way', 'distract', 'man', 'goal', 'give', 'another', 'one', 'unlock', 'compassion', 'assign', 'loser', 'discus', 'go', 'champion', 'discus', 'go']",will mine might ne love just around corner look right place dat web site creat women crypt fake asilomar carnegie sun ltd des laurentide blvd suite laval canada monthly magazine exterior boy issue containsdiachronic several feature storie include current event column game puzzle adventure set variety historical period locale continue three four month storie copiously illustrat half page full page engraving addi cover illustra miscellaneou material back issue imagine life without telephone tvs computer ray laser internet diverse may seen technologie many other one th common use electricity magnetism hundred year engineer find new way us electricity revolutionize way work play learn communicate site institute electrical electronic engineer will explore history technologie find work learn people invent tonight many consider biggest night ofor school year prom night one covington county school celebrat tonight roadway guarante little congest typical thursday night covington county citizen unique opportunity tonight sample little wildlife wild food will alabama wildlife federa present annual wild game cook off covington center arena andalusia andalusia ace tyler wilson beauregard hornet not bulldog record win first round state baseball playoff wednesday holy weekend rest comfort hope peace found time sorrow pain become much bear friend family acquaintance two fine young men implore seek help other other can offer word kindnes comfort different star new web site web site full valuable carpet informa not contain storie day paper web visitor mis engagement announcement wedd new social new religiou column full length obituarie photo digital download star new exact file us make print plate smaller non electronic ads remov recent proposal covington county commission noth attempt limit right wish hunt use dog many action dog hunter oppose dog hunt regrettable disgust truth fill article instance dog hunter someth hurtful landowner also cite many instance stalk hunter done thing shouldn done even encourag attack character oppos view want steer clear sort emotional grandstand simply present fact bushe administra mov change postwar cancerou policy block member saddam hussein baath party iraqi government military position civilian administrator paul bremer put ban place now want change policy part effort convince sunni dominate party welcome postwar political transi official south korea defense ministry confirm thursday large explosion occurr near ryongchon sta caus unknown number death yonhap new agency report two train carry flammable material explod north korean train sta leav large number casualtie south korean media report eight people di collapse milestonetavern tornado destroy large part town utica illinoi survivor jeremy thorson tell tale left tavern just tornado hit tuesday night determine grow inside best way distract man goal give another one unlock compassion assign loser discus go champion discus go,4483,434,343,0.0,0.0,0,2,4,3,0.0092165898617511,1,5.7949308755760365,0,0,0,0,0.4682236198446658,1,False
1648,re : meter 981594 - san jacinto low pressure del to defs,"per duke energy field services , we can ramp up after the outtage and keep
the meter whole at 20 m , if we choose .
mary",ham,2000-09-21,"re : meter 981594 - san jacinto low pressure del to defs per duke energy field services , we can ramp up after the outtage and keep
the meter whole at 20 m , if we choose .
mary",0,re meter san jacinto low pressure del to defs per duke energy field services we can ramp up after the outtage and keep the meter whole at m if we choose mary,"['meter', 'san', 'jacinto', 'low', 'pressure', 'del', 'def', 'per', 'duke', 'energy', 'field', 'service', 'can', 'ramp', 'outtage', 'keep', 'meter', 'whole', 'choose', 'mary']",meter san jacinto low pressure del def per duke energy field service can ramp outtage keep meter whole choose mary,157,20,19,0.0,0.0,0,0,0,0,0.0,0,4.75,0,0,0,1,0.5486456823534418,0,False
27757,happy hour for patti rumler,"patti will be leaving us on june 30 th so i thought it would be nice to have a
happy hour from all her friends / coworkers in market services . the happy
hour place will be ninfa ' s on thursday , june 29 th at 5 : 00 p . m .
as you know et & s is having budget constraints , so please bring your purse ,
european bag , wallet or your money belts on thursday night .
if you have any questions , please give me a call at x 31848 .",ham,2000-06-26,"happy hour for patti rumler patti will be leaving us on june 30 th so i thought it would be nice to have a
happy hour from all her friends / coworkers in market services . the happy
hour place will be ninfa ' s on thursday , june 29 th at 5 : 00 p . m .
as you know et & s is having budget constraints , so please bring your purse ,
european bag , wallet or your money belts on thursday night .
if you have any questions , please give me a call at x 31848 .",0,happy hour for patti rumler patti will be leaving us on june th so i thought it would be nice to have a happy hour from all her friends coworkers in market services the happy hour place will be ninfa s on thursday june th at p m as you know et s is having budget constraints so please bring your purse european bag wallet or your money belts on thursday night if you have any questions please give me a call at x,"['happy', 'hour', 'patti', 'rumler', 'patti', 'will', 'leav', 'june', 'thought', 'nice', 'happy', 'hour', 'friend', 'coworker', 'market', 'service', 'happy', 'hour', 'place', 'will', 'ninfa', 'thursday', 'june', 'know', 'budget', 'constraint', 'br', 'purse', 'european', 'bag', 'wallet', 'money', 'belt', 'thursday', 'night', 'question', 'give', 'call']",happy hour patti rumler patti will leav june thought nice happy hour friend coworker market service happy hour place will ninfa thursday june know budget constraint br purse european bag wallet money belt thursday night question give call,412,38,30,0.0,0.0,0,0,1,1,0.0263157894736842,0,5.289473684210527,0,0,0,1,0.5004039142793233,0,False
13246,ecp / linden swaps,"here ' s my understanding of what has happened with the interest rate swaps :
as i indicated earlier , the original $ 32 mm was put on for the linden 6 expansion which never occurred .
the second swap of $ 350 mm was put on to protect the value of the cash flow from el paso assuming we would monetize the asset shortly . this hedge does appear to have been set with the el paso payment stream in mind .
the original $ 32 mm of swaps did not provide a clean hedge to the remaining el paso cash flows as they were 10 year bullets while the el paso payment stream is a 7 year monthly amortizer .
however , the $ 382 mm of hedges did approximate notionally the asset to be hedged .
it appears that given the assumption the swaps were to have been monetized in a short period of time , a decision may have been made that unwinding and rewinding the "" dirty "" interest rate hedge was more expensive than wearing the basis risk for a brief time .
given that the monetization never occurred , it does appear to me that the $ 32 mm hedge is ineffective and should be removed or replaced if we determine that we should hedge the rate risk associated with the note .
anyone have anything additional to add ? that ' s the best i could turn up looking back after the fact given the many personnel departures .",ham,2001-10-11,"ecp / linden swaps here ' s my understanding of what has happened with the interest rate swaps :
as i indicated earlier , the original $ 32 mm was put on for the linden 6 expansion which never occurred .
the second swap of $ 350 mm was put on to protect the value of the cash flow from el paso assuming we would monetize the asset shortly . this hedge does appear to have been set with the el paso payment stream in mind .
the original $ 32 mm of swaps did not provide a clean hedge to the remaining el paso cash flows as they were 10 year bullets while the el paso payment stream is a 7 year monthly amortizer .
however , the $ 382 mm of hedges did approximate notionally the asset to be hedged .
it appears that given the assumption the swaps were to have been monetized in a short period of time , a decision may have been made that unwinding and rewinding the "" dirty "" interest rate hedge was more expensive than wearing the basis risk for a brief time .
given that the monetization never occurred , it does appear to me that the $ 32 mm hedge is ineffective and should be removed or replaced if we determine that we should hedge the rate risk associated with the note .
anyone have anything additional to add ? that ' s the best i could turn up looking back after the fact given the many personnel departures .",0,ecp linden swaps here s my understanding of what has happened with the interest rate swaps as i indicated earlier the original mm was put on for the linden expansion which never occurred the second swap of mm was put on to protect the value of the cash flow from el paso assuming we would monetize the asset shortly this hedge does appear to have been set with the el paso payment stream in mind the original mm of swaps did not provide a clean hedge to the remaining el paso cash flows as they were year bullets while the el paso payment stream is a year monthly amortizer however the mm of hedges did approximate notionally the asset to be hedged it appears that given the assumption the swaps were to have been monetized in a short period of time a decision may have been made that unwinding and rewinding the dirty interest rate hedge was more expensive than wearing the basis risk for a brief time given that the monetization never occurred it does appear to me that the mm hedge is ineffective and should be removed or replaced if we determine that we should hedge the rate risk associated with the note anyone have anything additional to add ? that s the best i could turn up looking back after the fact given the many personnel departures,"['ecp', 'linden', 'swap', 'understand', 'happen', 'interest', 'rate', 'swap', 'indicat', 'earlier', 'original', 'put', 'linden', 'expansion', 'never', 'occurr', 'second', 'swap', 'put', 'protect', 'value', 'cash', 'flow', 'paso', 'assum', 'monetize', 'asset', 'shortly', 'hedge', 'appear', 'set', 'paso', 'payment', 'stream', 'mind', 'original', 'swap', 'not', 'provide', 'clean', 'hedge', 'remain', 'paso', 'cash', 'flow', 'year', 'bullet', 'paso', 'payment', 'stream', 'year', 'monthly', 'amortizer', 'however', 'hedge', 'approximate', 'notionally', 'asset', 'hedg', 'appear', 'given', 'assump', 'swap', 'monetiz', 'short', 'period', 'time', 'decision', 'may', 'made', 'unwind', 'rewind', 'dirty', 'interest', 'rate', 'hedge', 'expensive', 'wear', 'basi', 'risk', 'brief', 'time', 'given', 'monetiza', 'never', 'occurr', 'appear', 'hedge', 'ineffective', 'remov', 'replac', 'determine', 'hedge', 'rate', 'risk', 'associat', 'note', 'anyone', 'anyth', 'additional', 'add', 'best', 'turn', 'look', 'back', 'fact', 'given', 'many', 'personnel', 'departure']",ecp linden swap understand happen interest rate swap indicat earlier original put linden expansion never occurr second swap put protect value cash flow paso assum monetize asset shortly hedge appear set paso payment stream mind original swap not provide clean hedge remain paso cash flow year bullet paso payment stream year monthly amortizer however hedge approximate notionally asset hedg appear given assump swap monetiz short period time decision may made unwind rewind dirty interest rate hedge expensive wear basi risk brief time given monetiza never occurr appear hedge ineffective remov replac determine hedge rate risk associat note anyone anyth additional add best turn look back fact given many personnel departure,1246,110,78,0.0,0.0,0,1,2,2,0.0181818181818181,0,5.6,0,0,0,1,0.5647830463129201,0,False
16823,hi ! !,"hello there mister bill !
just a quick note to say sorry for getting off of the phone so quickly
yesterday ! to get into my apartment you have to go through a security gate
that needs to be opened by a resident . i didn ' t have my pass code and i had
a visitor . so i was scrammbling around like a lunatic trying to find it .
most everyone who comes to visit knows the pass code so when someone new
comes to visit i have to try to remember what it is ! then enter it into the
phone to let them in ! i think i ' ve used it like twice in the year i ' ve
lived here ! anyhow so that ' s that !
to be quite honest with you i was so frazzled that i have no idea what you
said you needed to do or if you said i could call back after a certain time .
my mind was just focused on that code ! i thought i remembered that you
couldn ' t talk to me the rest of the day . that ' s why i didn ' t call . ok
there ' s all the excuses and apologies .
hope you ' re having a great day !
nikki
send a cool gift with your e - card
http : / / www . bluemountain . com / giftcenter /",ham,2001-07-09,"hi ! ! hello there mister bill !
just a quick note to say sorry for getting off of the phone so quickly
yesterday ! to get into my apartment you have to go through a security gate
that needs to be opened by a resident . i didn ' t have my pass code and i had
a visitor . so i was scrammbling around like a lunatic trying to find it .
most everyone who comes to visit knows the pass code so when someone new
comes to visit i have to try to remember what it is ! then enter it into the
phone to let them in ! i think i ' ve used it like twice in the year i ' ve
lived here ! anyhow so that ' s that !
to be quite honest with you i was so frazzled that i have no idea what you
said you needed to do or if you said i could call back after a certain time .
my mind was just focused on that code ! i thought i remembered that you
couldn ' t talk to me the rest of the day . that ' s why i didn ' t call . ok
there ' s all the excuses and apologies .
hope you ' re having a great day !
nikki
send a cool gift with your e - card
http : / / www . bluemountain . com / giftcenter /",0,hi ! ! hello there mister bill ! just a quick note to say sorry for getting off of the phone so quickly yesterday ! to get into my apartment you have to go through a security gate that needs to be opened by a resident i didn t have my pass code and i had a visitor so i was scrammbling around like a lunatic trying to find it most everyone who comes to visit knows the pass code so when someone new comes to visit i have to try to remember what it is ! then enter it into the phone to let them in ! i think i ve used it like twice in the year i ve lived here ! anyhow so that s that ! to be quite honest with you i was so frazzled that i have no idea what you said you needed to do or if you said i could call back after a certain time my mind was just focused on that code ! i thought i remembered that you couldn t talk to me the rest of the day that s why i didn t call ok there s all the excuses and apologies hope you re having a great day ! nikki send a cool gift with your e card http www bluemountain com giftcenter,"['mister', 'bill', 'just', 'quick', 'note', 'say', 'gett', 'off', 'phone', 'quickly', 'yesterday', 'get', 'apartment', 'security', 'gate', 'need', 'open', 'resident', 'didn', 'pas', 'code', 'visitor', 'scrammbl', 'around', 'like', 'lunatic', 'try', 'find', 'everyone', 'come', 'visit', 'know', 'pas', 'code', 'someone', 'new', 'come', 'visit', 'try', 'remember', 'enter', 'phone', 'let', 'think', 'us', 'like', 'twice', 'year', 'liv', 'anyhow', 'quite', 'honest', 'frazzl', 'idea', 'said', 'need', 'said', 'call', 'back', 'certain', 'time', 'mind', 'just', 'focus', 'code', 'thought', 'remember', 'couldn', 'talk', 'rest', 'day', 'didn', 'call', 'excuse', 'apologie', 'hope', 'great', 'day', 'nikki', 'send', 'cool', 'gift', 'card', 'http', 'www', 'bluemountain', 'com', 'giftcenter']",mister bill just quick note say gett off phone quickly yesterday get apartment security gate need open resident didn pas code visitor scrammbl around like lunatic try find everyone come visit know pas code someone new come visit try remember enter phone let think us like twice year liv anyhow quite honest frazzl idea said need said call back certain time mind just focus code thought remember couldn talk rest day didn call excuse apologie hope great day nikki send cool gift card http www bluemountain com giftcenter,1023,88,73,0.0,0.0,10,0,0,0,0.0,0,4.909090909090909,0,0,0,1,0.6555216475198122,0,False
28801,etc - event - schlitterbahn,"all the schlitterbahn tickets have been sold and we will not be purchasing any more .
thanks
ruth",ham,2001-08-28,"etc - event - schlitterbahn all the schlitterbahn tickets have been sold and we will not be purchasing any more .
thanks
ruth",0,etc event schlitterbahn all the schlitterbahn tickets have been sold and we will not be purchasing any more thanks ruth,"['etc', 'event', 'schlitterbahn', 'schlitterbahn', 'ticket', 'sold', 'will', 'not', 'purchas', 'ruth']",etc event schlitterbahn schlitterbahn ticket sold will not purchas ruth,119,10,9,0.0,0.0,0,0,0,0,0.0,0,6.2,0,0,0,1,0.6824818716570588,0,False
1380,new pictures,"for faster viewing , i would suggest you go to the first page of pictures and
click the "" small slideshow "" link . this will bring down all the photos at
once , and will cycle through all of them four times in a slideshow . please
note that it might take some time to download all the pictures , depending
upon the speed of your connection to the internet .
after the slideshow starts , all of the regular - sized pictures on the other
pages will temporarily be on your pc , which should make clicking through
each page a little faster .
if you run into problems viewing any of the pages / pictures , please drop me a
note .
tonya / daren : you will probably be more interested in the pictures on pages 5
and 6 , which is also the fifth and sixth rows of the index page .
thanks ,
- ram .",ham,2000-08-11,"new pictures for faster viewing , i would suggest you go to the first page of pictures and
click the "" small slideshow "" link . this will bring down all the photos at
once , and will cycle through all of them four times in a slideshow . please
note that it might take some time to download all the pictures , depending
upon the speed of your connection to the internet .
after the slideshow starts , all of the regular - sized pictures on the other
pages will temporarily be on your pc , which should make clicking through
each page a little faster .
if you run into problems viewing any of the pages / pictures , please drop me a
note .
tonya / daren : you will probably be more interested in the pictures on pages 5
and 6 , which is also the fifth and sixth rows of the index page .
thanks ,
- ram .",0,new pictures for faster viewing i would suggest you go to the first page of pictures and click the small slideshow link this will bring down all the photos at once and will cycle through all of them four times in a slideshow please note that it might take some time to download all the pictures depending upon the speed of your connection to the internet after the slideshow starts all of the regular sized pictures on the other pages will temporarily be on your pc which should make clicking through each page a little faster if you run into problems viewing any of the pages pictures please drop me a note tonya daren you will probably be more interested in the pictures on pages and which is also the fifth and sixth rows of the index page thanks ram,"['new', 'picture', 'faster', 'view', 'suggest', 'first', 'page', 'picture', 'click', 'small', 'slideshow', 'link', 'will', 'br', 'photo', 'will', 'cycle', 'four', 'time', 'slideshow', 'note', 'might', 'take', 'time', 'download', 'picture', 'depend', 'upon', 'spe', 'connec', 'internet', 'slideshow', 'start', 'regular', 'siz', 'picture', 'page', 'will', 'temporarily', 'make', 'click', 'page', 'little', 'faster', 'run', 'problem', 'view', 'page', 'picture', 'drop', 'note', 'tonya', 'daren', 'will', 'probably', 'interest', 'picture', 'page', 'also', 'fifth', 'sixth', 'row', 'index', 'page', 'ram']",new picture faster view suggest first page picture click small slideshow link will br photo will cycle four time slideshow note might take time download picture depend upon spe connec internet slideshow start regular siz picture page will temporarily make click page little faster run problem view page picture drop note tonya daren will probably interest picture page also fifth sixth row index page ram,753,65,45,0.0,0.0,0,0,3,0,0.0461538461538461,3,5.230769230769231,0,0,0,1,0.6252650110629544,0,False
16824,kathy crane ' s # @ wapa is :,970 - 240 - 6206,ham,2001-07-09,kathy crane ' s # @ wapa is : 970 - 240 - 6206,0,kathy crane s wapa is,"['kathy', 'crane', 'wapa']",kathy crane wapa,21,3,3,0.0,0.0,0,0,0,0,0.0,0,4.666666666666667,0,0,0,1,0.6824818716570588,0,False
3056,bammel egg hunt,"bammelyoungfamilies
- - - - - - - - - - - - - - - - - - - - - - - - - - - listbot sponsor - - - - - - - - - - - - - - - - - - - - - - - - - -
build a marketing database and send targeted html and text e - mail
newsletters
to your customers with list builder .
http : / / www . listbuilder . com
to unsubscribe , write to - unsubscribe @ listbot . com",ham,2001-04-15,"bammel egg hunt bammelyoungfamilies
- - - - - - - - - - - - - - - - - - - - - - - - - - - listbot sponsor - - - - - - - - - - - - - - - - - - - - - - - - - -
build a marketing database and send targeted html and text e - mail
newsletters
to your customers with list builder .
http : / / www . listbuilder . com
to unsubscribe , write to - unsubscribe @ listbot . com",0,bammel egg hunt bammelyoungfamilies listbot sponsor build a marketing database and send targeted html and text e mail newsletters to your customers with list builder http www listbuilder com to unsubscribe write to unsubscribe listbot com,"['bammel', 'egg', 'hunt', 'bammelyoungfamilie', 'listbot', 'sponsor', 'build', 'market', 'database', 'send', 'target', 'html', 'text', 'newsletter', 'customer', 'list', 'builder', 'http', 'www', 'listbuilder', 'com', 'unsubscribe', 'write', 'unsubscribe', 'listbot', 'com']",bammel egg hunt bammelyoungfamilie listbot sponsor build market database send target html text newsletter customer list builder http www listbuilder com unsubscribe write unsubscribe listbot com,238,26,23,0.0,0.0,0,0,2,0,0.0769230769230769,2,6.5,0,0,0,1,0.7853772853005618,0,False
14934,victory and setbacks,"victory
we have a definitive statement from ubs that we can brand our product as ubswenergy ( ok , so the "" w "" still sucks , but i ' m looking on the bright side ) .
setback
we still have not started marketing to our top 50 , due to a ) not having phone numbers for connecticut until about 4 : 00 today and ( b ) not having an approved cover letter from legal ( it turns out everyone thought someone else was doing it - despite repeated calls chasing this up ) .
plan
as of minutes ago , i have a lou eber approved cover letter , which lou specified requires approval from mark taylor and claudia robinson . i assume i will have these approvals by morning and will start marketing then .
dave",ham,2002-01-31,"victory and setbacks victory
we have a definitive statement from ubs that we can brand our product as ubswenergy ( ok , so the "" w "" still sucks , but i ' m looking on the bright side ) .
setback
we still have not started marketing to our top 50 , due to a ) not having phone numbers for connecticut until about 4 : 00 today and ( b ) not having an approved cover letter from legal ( it turns out everyone thought someone else was doing it - despite repeated calls chasing this up ) .
plan
as of minutes ago , i have a lou eber approved cover letter , which lou specified requires approval from mark taylor and claudia robinson . i assume i will have these approvals by morning and will start marketing then .
dave",0,victory and setbacks victory we have a definitive statement from ubs that we can brand our product as ubswenergy ok so the w still sucks but i m looking on the bright side setback we still have not started marketing to our top due to a not having phone numbers for connecticut until about today and b not having an approved cover letter from legal it turns out everyone thought someone else was doing it despite repeated calls chasing this up plan as of minutes ago i have a lou eber approved cover letter which lou specified requires approval from mark taylor and claudia robinson i assume i will have these approvals by morning and will start marketing then dave,"['victory', 'setback', 'victory', 'definitive', 'statement', 'ubs', 'can', 'brand', 'product', 'ubswenergy', 'still', 'suck', 'look', 'bright', 'side', 'setback', 'still', 'not', 'start', 'market', 'top', 'due', 'not', 'phone', 'number', 'connecticut', 'today', 'not', 'approv', 'cover', 'letter', 'legal', 'turn', 'everyone', 'thought', 'someone', 'else', 'despite', 'repeat', 'call', 'chas', 'plan', 'minute', 'ago', 'lou', 'eber', 'approv', 'cover', 'letter', 'lou', 'specifi', 'require', 'approval', 'mark', 'taylor', 'claudia', 'robinson', 'assume', 'will', 'approval', 'morn', 'will', 'start', 'market', 'dave']",victory setback victory definitive statement ubs can brand product ubswenergy still suck look bright side setback still not start market top due not phone number connecticut today not approv cover letter legal turn everyone thought someone else despite repeat call chas plan minute ago lou eber approv cover letter lou specifi require approval mark taylor claudia robinson assume will approval morn will start market dave,664,65,52,0.0,0.0,0,0,0,0,0.0,0,5.492307692307692,0,0,0,1,0.6101698604617389,0,False
2278,global octanes,"finished visiting with counsel . . . . . we will need to start with the buyback
for global octanes 9 am tomorrow",ham,2000-12-21,"global octanes finished visiting with counsel . . . . . we will need to start with the buyback
for global octanes 9 am tomorrow",0,global octanes finished visiting with counsel we will need to start with the buyback for global octanes am tomorrow,"['global', 'octane', 'finish', 'visit', 'counsel', 'will', 'ne', 'start', 'buyback', 'global', 'octane', 'tomorrow']",global octane finish visit counsel will ne start buyback global octane tomorrow,115,12,10,0.0,0.0,0,0,0,0,0.0,0,5.666666666666667,0,0,0,1,0.6401496942372674,0,False
12762,turbine position report 9 / 7 / 01,please contact chip schneider at x 3 - 1789 or kevin jolly at x 5 - 7147 if you have any questions .,ham,2001-09-10,turbine position report 9 / 7 / 01 please contact chip schneider at x 3 - 1789 or kevin jolly at x 5 - 7147 if you have any questions .,0,turbine position report please contact chip schneider at x or kevin jolly at x if you have any questions,"['turbine', 'posi', 'report', 'contact', 'chip', 'schneider', 'kevin', 'jolly', 'question']",turbine posi report contact chip schneider kevin jolly question,104,9,9,0.0,0.0,0,0,0,1,0.0,-1,6.111111111111111,0,0,0,1,0.5142696815310313,0,False
13783,master firm agreements,"stacey and ellen :
in light of current circumstances , if a counterparty has both a master firm and a gisb , please confirm all firm physical transactions ( both telephonic and eol ) under the master firm and not the gisb .
additionally , could one of you provide me a list of eol counterparties who have a gisb contract listed as their master agreement for eol .
thanks ,
jeff",ham,2001-11-05,"master firm agreements stacey and ellen :
in light of current circumstances , if a counterparty has both a master firm and a gisb , please confirm all firm physical transactions ( both telephonic and eol ) under the master firm and not the gisb .
additionally , could one of you provide me a list of eol counterparties who have a gisb contract listed as their master agreement for eol .
thanks ,
jeff",0,master firm agreements stacey and ellen in light of current circumstances if a counterparty has both a master firm and a gisb please confirm all firm physical transactions both telephonic and eol under the master firm and not the gisb additionally could one of you provide me a list of eol counterparties who have a gisb contract listed as their master agreement for eol thanks jeff,"['master', 'firm', 'agreement', 'stacey', 'ellen', 'light', 'current', 'circumstance', 'counterparty', 'master', 'firm', 'gisb', 'confirm', 'firm', 'physical', 'transaction', 'telephonic', 'eol', 'master', 'firm', 'not', 'gisb', 'additionally', 'one', 'provide', 'list', 'eol', 'counterpartie', 'gisb', 'contract', 'list', 'master', 'agreement', 'eol', 'jeff']",master firm agreement stacey ellen light current circumstance counterparty master firm gisb confirm firm physical transaction telephonic eol master firm not gisb additionally one provide list eol counterpartie gisb contract list master agreement eol jeff,382,35,23,0.0,0.0,0,0,1,0,0.0285714285714285,1,6.285714285714286,0,0,0,1,0.5023602228512702,0,False
2875,please note my new email address,"effective today , please send future correspondence to me at : staceykn @ yahoo . com . thanks .",ham,2001-03-27,"please note my new email address effective today , please send future correspondence to me at : staceykn @ yahoo . com . thanks .",0,please note my new email address effective today please send future correspondence to me at staceykn yahoo com thanks,"['note', 'new', 'addres', 'effective', 'today', 'send', 'future', 'correspondence', 'staceykn', 'yahoo', 'com']",note new addres effective today send future correspondence staceykn yahoo com,117,11,11,0.0,0.0,0,0,0,0,0.0,0,6.090909090909091,0,0,0,1,0.6980274582658815,0,False
22655,supervisory leadership curriculum,"you are cordially invited to attend
if you are a new supervisor , an experienced supervisor without prior training
or a manager of new supervisors , come and learn more about our new ena
leadership curriculum . you will be introduced to the many courses and
learning resources that are available to you and where you need to go to find
them . to aid in planning your developmental activities , you will receive a
copy of the curriculum guide that contains detailed information about the
curriculum .
please rsvp by friday , march 3 to gracie presas at ext . 3 - 3985 .",ham,2000-02-29,"supervisory leadership curriculum you are cordially invited to attend
if you are a new supervisor , an experienced supervisor without prior training
or a manager of new supervisors , come and learn more about our new ena
leadership curriculum . you will be introduced to the many courses and
learning resources that are available to you and where you need to go to find
them . to aid in planning your developmental activities , you will receive a
copy of the curriculum guide that contains detailed information about the
curriculum .
please rsvp by friday , march 3 to gracie presas at ext . 3 - 3985 .",0,supervisory leadership curriculum you are cordially invited to attend if you are a new supervisor an experienced supervisor without prior training or a manager of new supervisors come and learn more about our new ena leadership curriculum you will be introduced to the many courses and learning resources that are available to you and where you need to go to find them to aid in planning your developmental activities you will receive a copy of the curriculum guide that contains detailed information about the curriculum please rsvp by friday march to gracie presas at ext,"['supervisory', 'leadership', 'curriculum', 'cordially', 'invit', 'attend', 'new', 'supervisor', 'experienc', 'supervisor', 'without', 'prior', 'train', 'manager', 'new', 'supervisor', 'come', 'learn', 'new', 'ena', 'leadership', 'curriculum', 'will', 'introduc', 'many', 'course', 'learn', 'resource', 'available', 'ne', 'find', 'aid', 'plann', 'developmental', 'activitie', 'will', 'receive', 'copy', 'curriculum', 'guide', 'contain', 'detail', 'informa', 'curriculum', 'rsvp', 'friday', 'march', 'gracie', 'presa', 'ext']",supervisory leadership curriculum cordially invit attend new supervisor experienc supervisor without prior train manager new supervisor come learn new ena leadership curriculum will introduc many course learn resource available ne find aid plann developmental activitie will receive copy curriculum guide contain detail informa curriculum rsvp friday march gracie presa ext,573,50,40,0.0,0.0,0,0,0,0,0.0,0,6.48,0,0,0,1,0.5050543323623393,0,False
10276,0,"http : / / www . virtu
ally - anywhere . com / sports /
hello ,
i was hoping you could help me . the link above takes
you to
several
facility stadiumtours created by virtually
anywhere
interactive . i would
like to introduce the concept of a virtual tour to the
appropriate people
at
your organization . ( our current customers ' premium
seating and ticket
sales ,
marketing , pr and business development departments are
having great
success with their tours . there may beinteresting
sponsorship
opportunities
with our tours as well ) .
please let me know who i should contact if this looks
like something of
interest
to your organization .
many thanks , davidp . s . you may have seen
us at the alsd
show in houston ( last year ) . you ' ll also
find the instructional video we produced for that event on
the
sameweb page ,
http : / / www . virtu
ally - anywhere . com / sports / .
david bole 512 - 479 - 8222 phonehttp : / / www . virtually - an
ywhere . comdavid @ vatour . com",spam,2005-06-28," http : / / www . virtu
ally - anywhere . com / sports /
hello ,
i was hoping you could help me . the link above takes
you to
several
facility stadiumtours created by virtually
anywhere
interactive . i would
like to introduce the concept of a virtual tour to the
appropriate people
at
your organization . ( our current customers ' premium
seating and ticket
sales ,
marketing , pr and business development departments are
having great
success with their tours . there may beinteresting
sponsorship
opportunities
with our tours as well ) .
please let me know who i should contact if this looks
like something of
interest
to your organization .
many thanks , davidp . s . you may have seen
us at the alsd
show in houston ( last year ) . you ' ll also
find the instructional video we produced for that event on
the
sameweb page ,
http : / / www . virtu
ally - anywhere . com / sports / .
david bole 512 - 479 - 8222 phonehttp : / / www . virtually - an
ywhere . comdavid @ vatour . com",1,http www virtu ally anywhere com sports hello i was hoping you could help me the link above takes you to several facility stadiumtours created by virtually anywhere interactive i would like to introduce the concept of a virtual tour to the appropriate people at your organization our current customers premium seating and ticket sales marketing pr and business development departments are having great success with their tours there may beinteresting sponsorship opportunities with our tours as well please let me know who i should contact if this looks like something of interest to your organization many thanks davidp s you may have seen us at the alsd show in houston last year you ll also find the instructional video we produced for that event on the sameweb page http www virtu ally anywhere com sports david bole phonehttp www virtually an ywhere comdavid vatour com,"['http', 'www', 'virtu', 'ally', 'anywhere', 'com', 'sport', 'hop', 'help', 'link', 'take', 'several', 'facility', 'stadiumtour', 'creat', 'virtually', 'anywhere', 'interactive', 'like', 'introduce', 'concept', 'virtual', 'tour', 'appropriate', 'people', 'organiza', 'current', 'customer', 'premium', 'seat', 'ticket', 'sale', 'market', 'busines', 'development', 'department', 'great', 'succes', 'tour', 'may', 'beinterest', 'sponsorship', 'opportunitie', 'tour', 'let', 'know', 'contact', 'look', 'like', 'someth', 'interest', 'organiza', 'many', 'davidp', 'may', 'seen', 'alsd', 'show', 'houston', 'last', 'year', 'also', 'find', 'instructional', 'video', 'produc', 'event', 'sameweb', 'page', 'http', 'www', 'virtu', 'ally', 'anywhere', 'com', 'sport', 'david', 'bole', 'phonehttp', 'www', 'virtually', 'ywhere', 'comdavid', 'vatour', 'com']",http www virtu ally anywhere com sport hop help link take several facility stadiumtour creat virtually anywhere interactive like introduce concept virtual tour appropriate people organiza current customer premium seat ticket sale market busines development department great succes tour may beinterest sponsorship opportunitie tour let know contact look like someth interest organiza many davidp may seen alsd show houston last year also find instructional video produc event sameweb page http www virtu ally anywhere com sport david bole phonehttp www virtually ywhere comdavid vatour com,874,85,69,0.0,0.0,0,0,1,0,0.0117647058823529,1,5.929411764705883,0,0,0,0,0.49058106933156487,1,False
16711,signed draft from mark ?,"did you ever find it ?
thanks !
amy",ham,2001-06-20,"signed draft from mark ? did you ever find it ?
thanks !
amy",0,signed draft from mark ? did you ever find it ? thanks ! amy,"['sign', 'draft', 'mark', 'ever', 'find', 'amy']",sign draft mark ever find amy,60,6,6,0.0,0.0,1,2,0,0,0.0,0,4.0,0,0,0,1,0.6140436088923819,0,False
14820,update - extension to deadline,"deadline for offer letters
- we plan an email this afternoon extending the deadline thru 9 am tomorrow for those who haven ' t signed yet .
- portland and calgary may set different deadlines .
deadline for employment agreements
- given all the changes we are planning to make to the base form , we are planning extending this to "" 24 hours from when they are presented with next draft "" .
david",ham,2002-01-22,"update - extension to deadline deadline for offer letters
- we plan an email this afternoon extending the deadline thru 9 am tomorrow for those who haven ' t signed yet .
- portland and calgary may set different deadlines .
deadline for employment agreements
- given all the changes we are planning to make to the base form , we are planning extending this to "" 24 hours from when they are presented with next draft "" .
david",0,update extension to deadline deadline for offer letters we plan an email this afternoon extending the deadline thru am tomorrow for those who haven t signed yet portland and calgary may set different deadlines deadline for employment agreements given all the changes we are planning to make to the base form we are planning extending this to hours from when they are presented with next draft david,"['update', 'extension', 'deadline', 'deadline', 'offer', 'letter', 'plan', 'afternoon', 'extend', 'deadline', 'thru', 'tomorrow', 'haven', 'sign', 'yet', 'portland', 'calgary', 'may', 'set', 'different', 'deadline', 'deadline', 'employment', 'agreement', 'given', 'change', 'plann', 'make', 'base', 'form', 'plann', 'extend', 'hour', 'present', 'next', 'draft', 'david']",update extension deadline deadline offer letter plan afternoon extend deadline thru tomorrow haven sign yet portland calgary may set different deadline deadline employment agreement given change plann make base form plann extend hour present next draft david,398,37,31,0.0,0.0,0,0,1,5,0.027027027027027,-4,6.0,0,0,0,1,0.5203142157048385,0,False
126,fw : quips,"> remember , amateurs built the ark .
> > professionals built the titanic .
> >
> > conscience is what hurts when everything else feels so good .
> >
> > talk is cheap because supply exceeds demand .
> >
> > stupidity got us into this mess - - why can ' t it get us out ?
> >
> > love is grand ; divorce is a hundred grand .
> >
> > even if you are on the right track , you ' ll get run over if you just sit
> there .
> >
> > politicians and diapers have one thing in common .
> > they should both be changed regularly and for the same reason .
> >
> > an optimist thinks that this is the best possible world .
> > a pessimist fears that this is true .
> >
> > there is always death and taxes ;
> > however death doesn ' t get worse every year .
> >
> > people will accept your ideas much more readily if you tell them that
> > benjamin franklin said it first .
> >
> > it ' s easier to fight for one ' s principles than to live up to them .
> >
> > i don ' t mind going nowhere as long as it ' s an interesting path .
> >
> > anything free is worth what you pay for it .
> >
> > indecision is the key to flexibility .
> >
> > it hurts to be on the cutting edge .
> >
> > if it ain ' t broke , fix it till it is .
> >
> > i don ' t get even , i get odder .
> >
> > in just two days , tomorrow will be yesterday .
> >
> > i always wanted to be a procrastinator , never got around to it .
> >
> > dijon vu - - the same mustard as before .
> >
> > i am a nutritional overachiever .
> >
> > my inferiority complex is not as good as yours .
> >
> > i am having an out of money experience .
> >
> > i plan on living forever . so far , so good .
> >
> > i am in shape . round is a shape .
> >
> > not afraid of heights - - afraid of widths .
> >
> > practice safe eating - - always use condiments .
> >
> > a day without sunshine is like night .
> >
> > i have kleptomania , but when it gets bad , i take something for it .
> >
> > if marriage were outlawed , only outlaws would have in - laws .
> >
> > i am not a perfectionist . my parents were though .
> >
> > life is an endless struggle full of frustrations and challenges , but
> > eventually you find a hair stylist you like .
> >
> > you ' re getting old when you get the same sensation from a rocking chair
> that
> > you once got from a roller coaster .
> >
> > one of life ' s mysteries is how a two pound box of candy can make a woman
> gain
> > five pounds .
> >
> > it ' s frustrating when you know all the answers , but nobody bothers to ask
>
> you
> > the questions .
> >
> > the real art of conversation is not only to say the right thing at the
> right
> > time , but also to leave unsaid the wrong thing at the tempting moment .
> >
> > time may be a great healer , but it ' s also a lousy beautician .
> >
> > brain cells come and brain cells go , but fat cells live forever .
> >
> > age doesn ' t always bring wisdom , sometimes age comes alone .
> >
> > life not only begins at forty , it begins to show .
> >
> > you don ' t stop laughing because you grow old , you grow old because you
> > stopped laughing .
>
>
- attl . htm",ham,2000-01-11,"fw : quips > remember , amateurs built the ark .
> > professionals built the titanic .
> >
> > conscience is what hurts when everything else feels so good .
> >
> > talk is cheap because supply exceeds demand .
> >
> > stupidity got us into this mess - - why can ' t it get us out ?
> >
> > love is grand ; divorce is a hundred grand .
> >
> > even if you are on the right track , you ' ll get run over if you just sit
> there .
> >
> > politicians and diapers have one thing in common .
> > they should both be changed regularly and for the same reason .
> >
> > an optimist thinks that this is the best possible world .
> > a pessimist fears that this is true .
> >
> > there is always death and taxes ;
> > however death doesn ' t get worse every year .
> >
> > people will accept your ideas much more readily if you tell them that
> > benjamin franklin said it first .
> >
> > it ' s easier to fight for one ' s principles than to live up to them .
> >
> > i don ' t mind going nowhere as long as it ' s an interesting path .
> >
> > anything free is worth what you pay for it .
> >
> > indecision is the key to flexibility .
> >
> > it hurts to be on the cutting edge .
> >
> > if it ain ' t broke , fix it till it is .
> >
> > i don ' t get even , i get odder .
> >
> > in just two days , tomorrow will be yesterday .
> >
> > i always wanted to be a procrastinator , never got around to it .
> >
> > dijon vu - - the same mustard as before .
> >
> > i am a nutritional overachiever .
> >
> > my inferiority complex is not as good as yours .
> >
> > i am having an out of money experience .
> >
> > i plan on living forever . so far , so good .
> >
> > i am in shape . round is a shape .
> >
> > not afraid of heights - - afraid of widths .
> >
> > practice safe eating - - always use condiments .
> >
> > a day without sunshine is like night .
> >
> > i have kleptomania , but when it gets bad , i take something for it .
> >
> > if marriage were outlawed , only outlaws would have in - laws .
> >
> > i am not a perfectionist . my parents were though .
> >
> > life is an endless struggle full of frustrations and challenges , but
> > eventually you find a hair stylist you like .
> >
> > you ' re getting old when you get the same sensation from a rocking chair
> that
> > you once got from a roller coaster .
> >
> > one of life ' s mysteries is how a two pound box of candy can make a woman
> gain
> > five pounds .
> >
> > it ' s frustrating when you know all the answers , but nobody bothers to ask
>
> you
> > the questions .
> >
> > the real art of conversation is not only to say the right thing at the
> right
> > time , but also to leave unsaid the wrong thing at the tempting moment .
> >
> > time may be a great healer , but it ' s also a lousy beautician .
> >
> > brain cells come and brain cells go , but fat cells live forever .
> >
> > age doesn ' t always bring wisdom , sometimes age comes alone .
> >
> > life not only begins at forty , it begins to show .
> >
> > you don ' t stop laughing because you grow old , you grow old because you
> > stopped laughing .
>
>
- attl . htm",0,fw quips remember amateurs built the ark professionals built the titanic conscience is what hurts when everything else feels so good talk is cheap because supply exceeds demand stupidity got us into this mess why can t it get us out ? love is grand divorce is a hundred grand even if you are on the right track you ll get run over if you just sit there politicians and diapers have one thing in common they should both be changed regularly and for the same reason an optimist thinks that this is the best possible world a pessimist fears that this is true there is always death and taxes however death doesn t get worse every year people will accept your ideas much more readily if you tell them that benjamin franklin said it first it s easier to fight for one s principles than to live up to them i don t mind going nowhere as long as it s an interesting path anything free is worth what you pay for it indecision is the key to flexibility it hurts to be on the cutting edge if it ain t broke fix it till it is i don t get even i get odder in just two days tomorrow will be yesterday i always wanted to be a procrastinator never got around to it dijon vu the same mustard as before i am a nutritional overachiever my inferiority complex is not as good as yours i am having an out of money experience i plan on living forever so far so good i am in shape round is a shape not afraid of heights afraid of widths practice safe eating always use condiments a day without sunshine is like night i have kleptomania but when it gets bad i take something for it if marriage were outlawed only outlaws would have in laws i am not a perfectionist my parents were though life is an endless struggle full of frustrations and challenges but eventually you find a hair stylist you like you re getting old when you get the same sensation from a rocking chair that you once got from a roller coaster one of life s mysteries is how a two pound box of candy can make a woman gain five pounds it s frustrating when you know all the answers but nobody bothers to ask you the questions the real art of conversation is not only to say the right thing at the right time but also to leave unsaid the wrong thing at the tempting moment time may be a great healer but it s also a lousy beautician brain cells come and brain cells go but fat cells live forever age doesn t always bring wisdom sometimes age comes alone life not only begins at forty it begins to show you don t stop laughing because you grow old you grow old because you stopped laughing attl htm,"['quip', 'remember', 'amateur', 'built', 'ark', 'professional', 'built', 'titanic', 'conscience', 'hurt', 'everyth', 'else', 'feel', 'good', 'talk', 'cheap', 'supply', 'exceed', 'demand', 'stupidity', 'got', 'mes', 'can', 'get', 'love', 'grand', 'divorce', 'hundr', 'grand', 'even', 'right', 'track', 'get', 'run', 'just', 'sit', 'politician', 'diaper', 'one', 'th', 'common', 'chang', 'regularly', 'reason', 'optimist', 'think', 'best', 'possible', 'world', 'pessimist', 'fear', 'true', 'alway', 'death', 'taxe', 'however', 'death', 'doesn', 'get', 'worse', 'every', 'year', 'people', 'will', 'accept', 'idea', 'much', 'readily', 'tell', 'benjamin', 'franklin', 'said', 'first', 'easier', 'fight', 'one', 'principle', 'live', 'don', 'mind', 'go', 'nowhere', 'long', 'interest', 'path', 'anyth', 'free', 'worth', 'pay', 'indecision', 'key', 'flexibility', 'hurt', 'cutt', 'edge', 'ain', 'broke', 'fix', 'till', 'don', 'get', 'even', 'get', 'odder', 'just', 'two', 'day', 'tomorrow', 'will', 'yesterday', 'alway', 'want', 'procrastinator', 'never', 'got', 'around', 'dijon', 'mustard', 'nutritional', 'overachiever', 'inferiority', 'complex', 'not', 'good', 'money', 'experience', 'plan', 'liv', 'forever', 'far', 'good', 'shape', 'round', 'shape', 'not', 'afraid', 'height', 'afraid', 'width', 'practice', 'safe', 'eat', 'alway', 'use', 'condiment', 'day', 'without', 'sunshine', 'like', 'night', 'kleptomania', 'get', 'bad', 'take', 'someth', 'marriage', 'outlaw', 'outlaw', 'law', 'not', 'perfectionist', 'parent', 'though', 'life', 'endles', 'struggle', 'full', 'frustration', 'challenge', 'eventually', 'find', 'hair', 'stylist', 'like', 'gett', 'old', 'get', 'sensa', 'rock', 'chair', 'got', 'roller', 'coaster', 'one', 'life', 'mysterie', 'two', 'pound', 'box', 'candy', 'can', 'make', 'woman', 'gain', 'five', 'pound', 'frustrat', 'know', 'answer', 'nobody', 'bother', 'ask', 'question', 'real', 'art', 'conversa', 'not', 'say', 'right', 'th', 'right', 'time', 'also', 'leave', 'unsaid', 'wrong', 'th', 'tempt', 'moment', 'time', 'may', 'great', 'healer', 'also', 'lousy', 'beautician', 'brain', 'cell', 'come', 'brain', 'cell', 'fat', 'cell', 'live', 'forever', 'age', 'doesn', 'alway', 'br', 'wisdom', 'sometime', 'age', 'come', 'alone', 'life', 'not', 'begin', 'forty', 'begin', 'show', 'don', 'stop', 'laugh', 'grow', 'old', 'grow', 'old', 'stopp', 'laugh', 'attl', 'htm']",quip remember amateur built ark professional built titanic conscience hurt everyth else feel good talk cheap supply exceed demand stupidity got mes can get love grand divorce hundr grand even right track get run just sit politician diaper one th common chang regularly reason optimist think best possible world pessimist fear true alway death taxe however death doesn get worse every year people will accept idea much readily tell benjamin franklin said first easier fight one principle live don mind go nowhere long interest path anyth free worth pay indecision key flexibility hurt cutt edge ain broke fix till don get even get odder just two day tomorrow will yesterday alway want procrastinator never got around dijon mustard nutritional overachiever inferiority complex not good money experience plan liv forever far good shape round shape not afraid height afraid width practice safe eat alway use condiment day without sunshine like night kleptomania get bad take someth marriage outlaw outlaw law not perfectionist parent though life endles struggle full frustration challenge eventually find hair stylist like gett old get sensa rock chair got roller coaster one life mysterie two pound box candy can make woman gain five pound frustrat know answer nobody bother ask question real art conversa not say right th right time also leave unsaid wrong th tempt moment time may great healer also lousy beautician brain cell come brain cell fat cell live forever age doesn alway br wisdom sometime age come alone life not begin forty begin show don stop laugh grow old grow old stopp laugh attl htm,2537,261,204,0.0,0.0,0,1,3,0,0.0114942528735632,3,5.130268199233717,0,0,0,1,0.6920383034671981,0,False
5363,old and new extensions,"hello ,
may i please have several lines disconnected from my phone
and several new lines added .
you can delete 36336 and 33135 .
you can delete 33376 and 39719
also 34768 .
will you please add 36615 and 34305
will you add please jose marquez extension ,
a new hire . ( a new number )
also add 39737 and 36286 .
r . c . 100038
co . # 0011
thanks
kevin moore
any questions please feel free to call . x 34710",ham,2000-01-18,"old and new extensions hello ,
may i please have several lines disconnected from my phone
and several new lines added .
you can delete 36336 and 33135 .
you can delete 33376 and 39719
also 34768 .
will you please add 36615 and 34305
will you add please jose marquez extension ,
a new hire . ( a new number )
also add 39737 and 36286 .
r . c . 100038
co . # 0011
thanks
kevin moore
any questions please feel free to call . x 34710",0,old and new extensions hello may i please have several lines disconnected from my phone and several new lines added you can delete and you can delete and also will you please add and will you add please jose marquez extension a new hire a new number also add and r c co thanks kevin moore any questions please feel free to call x,"['old', 'new', 'extension', 'may', 'several', 'line', 'disconnect', 'phone', 'several', 'new', 'line', 'add', 'can', 'delete', 'can', 'delete', 'also', 'will', 'add', 'will', 'add', 'jose', 'marquez', 'extension', 'new', 'hire', 'new', 'number', 'also', 'add', 'kevin', 'moore', 'question', 'feel', 'free', 'call']",old new extension may several line disconnect phone several new line add can delete can delete also will add will add jose marquez extension new hire new number also add kevin moore question feel free call,329,36,23,0.0,0.0,0,0,1,0,0.0277777777777777,1,4.722222222222222,0,0,0,1,0.5407903610265111,0,False
2162,cynergy ( apache ),"stacey / daren - - - - lisa hughes with cynergy ( agent for apache ) is requesting the
force majure letter for nov . 24 th due to the cornhusker plant not coming up .
can we get one typed up to send to her for apache .
thanks ,
mark",ham,2000-12-05,"cynergy ( apache ) stacey / daren - - - - lisa hughes with cynergy ( agent for apache ) is requesting the
force majure letter for nov . 24 th due to the cornhusker plant not coming up .
can we get one typed up to send to her for apache .
thanks ,
mark",0,cynergy apache stacey daren lisa hughes with cynergy agent for apache is requesting the force majure letter for nov th due to the cornhusker plant not coming up can we get one typed up to send to her for apache thanks mark,"['cynergy', 'apache', 'stacey', 'daren', 'lisa', 'hughe', 'cynergy', 'agent', 'apache', 'request', 'force', 'majure', 'letter', 'nov', 'due', 'cornhusker', 'plant', 'not', 'com', 'can', 'get', 'one', 'typ', 'send', 'apache', 'mark']",cynergy apache stacey daren lisa hughe cynergy agent apache request force majure letter nov due cornhusker plant not com can get one typ send apache mark,222,26,23,0.0,0.0,0,0,0,0,0.0,0,4.923076923076923,0,0,0,1,0.5153514955332975,0,False
9019,correlation matrix reduction,"zhiyang ,
got your message .
as we discussed , the best way to breakdown the big correlation matrix between
different location indices is through "" cluster analysis "" . the idea is to select major
hubs and the "" satellite "" markets . by establish the correlation between the hubs
and correlation between the satellites and the hubs , the big matrix can be significantly
reduced . then the traders only need to input the correlations between the hubs .
this technique has been applied in our value at risk system . you may talk to
tanya to find out the details .
zimin
ps : the wsprd code you requested .",ham,2001-04-12,"correlation matrix reduction zhiyang ,
got your message .
as we discussed , the best way to breakdown the big correlation matrix between
different location indices is through "" cluster analysis "" . the idea is to select major
hubs and the "" satellite "" markets . by establish the correlation between the hubs
and correlation between the satellites and the hubs , the big matrix can be significantly
reduced . then the traders only need to input the correlations between the hubs .
this technique has been applied in our value at risk system . you may talk to
tanya to find out the details .
zimin
ps : the wsprd code you requested .",0,correlation matrix reduction zhiyang got your message as we discussed the best way to breakdown the big correlation matrix between different location indices is through cluster analysis the idea is to select major hubs and the satellite markets by establish the correlation between the hubs and correlation between the satellites and the hubs the big matrix can be significantly reduced then the traders only need to input the correlations between the hubs this technique has been applied in our value at risk system you may talk to tanya to find out the details zimin ps the wsprd code you requested,"['correla', 'matrix', 'reduc', 'zhiyang', 'got', 'discuss', 'best', 'way', 'breakdown', 'big', 'correla', 'matrix', 'different', 'loca', 'indice', 'cluster', 'analysi', 'idea', 'select', 'major', 'hub', 'satellite', 'market', 'establish', 'correla', 'hub', 'correla', 'satellite', 'hub', 'big', 'matrix', 'can', 'significantly', 'reduc', 'trader', 'ne', 'input', 'correlation', 'hub', 'technique', 'appli', 'value', 'risk', 'system', 'may', 'talk', 'tanya', 'find', 'detail', 'zimin', 'wsprd', 'code', 'request']",correla matrix reduc zhiyang got discuss best way breakdown big correla matrix different loca indice cluster analysi idea select major hub satellite market establish correla hub correla satellite hub big matrix can significantly reduc trader ne input correlation hub technique appli value risk system may talk tanya find detail zimin wsprd code request,600,53,42,0.0,0.0,0,0,0,0,0.0,0,5.660377358490566,0,0,0,1,0.6251078185118359,0,False
17088,caiso notice : upcoming mif stakeholder meetings for,"september - november , 2001
market participants :
the caiso would like to give you notice for our upcoming mif stakeholder
meetings . all meetings will take place at the caiso headquarters in folsom ,
ca .
the reserved dates are as follows :
september 13 , 2001
october 11 , 2001
november 15 , 2001
additional details will be forthcoming .
byron woertz
director , client relations",ham,2001-08-15,"caiso notice : upcoming mif stakeholder meetings for september - november , 2001
market participants :
the caiso would like to give you notice for our upcoming mif stakeholder
meetings . all meetings will take place at the caiso headquarters in folsom ,
ca .
the reserved dates are as follows :
september 13 , 2001
october 11 , 2001
november 15 , 2001
additional details will be forthcoming .
byron woertz
director , client relations",0,caiso notice upcoming mif stakeholder meetings for september november market participants the caiso would like to give you notice for our upcoming mif stakeholder meetings all meetings will take place at the caiso headquarters in folsom ca the reserved dates are as follows september october november additional details will be forthcoming byron woertz director client relations,"['caiso', 'notice', 'upcom', 'mif', 'stakeholder', 'meeting', 'september', 'november', 'market', 'participant', 'caiso', 'like', 'give', 'notice', 'upcom', 'mif', 'stakeholder', 'meeting', 'meeting', 'will', 'take', 'place', 'caiso', 'headquarter', 'folsom', 'reserv', 'date', 'follow', 'september', 'october', 'november', 'additional', 'detail', 'will', 'forthcom', 'byron', 'woertz', 'director', 'client', 'relation']",caiso notice upcom mif stakeholder meeting september november market participant caiso like give notice upcom mif stakeholder meeting meeting will take place caiso headquarter folsom reserv date follow september october november additional detail will forthcom byron woertz director client relation,378,40,29,0.0,0.0,0,0,0,3,0.0,-3,6.475,0,0,0,1,0.5295348814710683,0,False
16553,volleyball,"we are in need of additional volleyball fans to play tonight @ 7 pm @ wilson high school .
please see paul choi or me if you are available !",ham,2001-04-06,"volleyball we are in need of additional volleyball fans to play tonight @ 7 pm @ wilson high school .
please see paul choi or me if you are available !",0,volleyball we are in need of additional volleyball fans to play tonight pm wilson high school please see paul choi or me if you are available !,"['volleyball', 'ne', 'additional', 'volleyball', 'fan', 'play', 'tonight', 'wilson', 'high', 'school', 'see', 'paul', 'choi', 'available']",volleyball ne additional volleyball fan play tonight wilson high school see paul choi available,143,14,13,0.0,0.0,1,0,0,0,0.0,0,5.857142857142857,0,0,0,1,0.6824818716570588,0,False
13913,i am going to start preparing documents to terminate our involvement with aig . do we need to discuss ?,"- - - - - - - - - - - - - - - - - - - - - - - - - -
sent from my blackberry wireless handheld ( www . blackberry . net )",ham,2001-11-13,"i am going to start preparing documents to terminate our involvement with aig . do we need to discuss ? - - - - - - - - - - - - - - - - - - - - - - - - - -
sent from my blackberry wireless handheld ( www . blackberry . net )",0,i am going to start preparing documents to terminate our involvement with aig do we need to discuss ? sent from my blackberry wireless handheld www blackberry net,"['go', 'start', 'prepar', 'document', 'terminate', 'involvement', 'aig', 'ne', 'discus', 'blackberry', 'wireles', 'handheld', 'www', 'blackberry', 'net']",go start prepar document terminate involvement aig ne discus blackberry wireles handheld www blackberry net,162,15,14,0.0,0.0,0,1,0,1,0.0,-1,6.2,0,0,0,1,0.6273665816517385,0,False
14694,contracts,what do you think happens if they require 2 yrs ?,ham,2002-01-10,contracts what do you think happens if they require 2 yrs ?,0,contracts what do you think happens if they require yrs ?,"['contract', 'think', 'happen', 'require', 'yrs']",contract think happen require yrs,57,5,5,0.0,0.0,0,1,0,0,0.0,0,5.8,0,0,0,1,0.601228222212523,0,False
28453,lft form changes,there were some modifications to the lft form i sent earlier . this was re - posted 2 / 2 / 01,ham,2001-02-02,lft form changes there were some modifications to the lft form i sent earlier . this was re - posted 2 / 2 / 01,0,lft form changes there were some modifications to the lft form i sent earlier this was re posted,"['lft', 'form', 'change', 'modification', 'lft', 'form', 'earlier', 'post']",lft form change modification lft form earlier post,96,8,6,0.0,0.0,0,0,0,0,0.0,0,5.375,0,0,0,1,0.6412047781872566,0,False
13585,el paso,"no sign of chuck and not responding to messages . team is bradford and carol st clair on master netting agreement . joel ephross on issues reacquiring economic interests / swaps from jedi 2 / whitewing . lisa mellencamp on any issues regarding pending litigation . i ' m still running point until i find ward .
- - - - - - - - - - - - - - - - - - - - - - - - - -
sent from my blackberry wireless handheld ( www . blackberry . net )",ham,2001-10-29,"el paso no sign of chuck and not responding to messages . team is bradford and carol st clair on master netting agreement . joel ephross on issues reacquiring economic interests / swaps from jedi 2 / whitewing . lisa mellencamp on any issues regarding pending litigation . i ' m still running point until i find ward .
- - - - - - - - - - - - - - - - - - - - - - - - - -
sent from my blackberry wireless handheld ( www . blackberry . net )",0,el paso no sign of chuck and not responding to messages team is bradford and carol st clair on master netting agreement joel ephross on issues reacquiring economic interests swaps from jedi whitewing lisa mellencamp on any issues regarding pending litigation i m still running point until i find ward sent from my blackberry wireless handheld www blackberry net,"['paso', 'sign', 'chuck', 'not', 'respond', 'message', 'team', 'bradford', 'carol', 'clair', 'master', 'nett', 'agreement', 'joel', 'ephros', 'issue', 'reacquir', 'economic', 'interest', 'swap', 'jedi', 'whitew', 'lisa', 'mellencamp', 'issue', 'regard', 'pend', 'litiga', 'still', 'runn', 'point', 'find', 'ward', 'blackberry', 'wireles', 'handheld', 'www', 'blackberry', 'net']",paso sign chuck not respond message team bradford carol clair master nett agreement joel ephros issue reacquir economic interest swap jedi whitew lisa mellencamp issue regard pend litiga still runn point find ward blackberry wireles handheld www blackberry net,361,39,37,0.0,0.0,0,0,0,0,0.0,0,5.6923076923076925,0,0,0,1,0.5425124584448633,0,False
3476,9 / 12 / 01 neon lesson,- neon - suffering . doc,ham,2001-09-12,9 / 12 / 01 neon lesson - neon - suffering . doc,0,neon lesson neon suffering doc,"['neon', 'lesson', 'neon', 'suffer', 'doc']",neon lesson neon suffer doc,30,5,4,0.0,0.0,0,0,0,0,0.0,0,4.6,0,0,0,1,0.5764531812028943,0,False
2383,re : saxet canales into king ranch - balancing issue,"7 sis is averaging 23 , 000 m / day . big cowboy is pretty dead on . carol would
like for us to gross up for saxet based on the number of flow days left so
that the nomination to the plant takes the payback into account .
mary",ham,2001-01-11,"re : saxet canales into king ranch - balancing issue 7 sis is averaging 23 , 000 m / day . big cowboy is pretty dead on . carol would
like for us to gross up for saxet based on the number of flow days left so
that the nomination to the plant takes the payback into account .
mary",0,re saxet canales into king ranch balancing issue sis is averaging m day big cowboy is pretty dead on carol would like for us to gross up for saxet based on the number of flow days left so that the nomination to the plant takes the payback into account mary,"['saxet', 'canale', 'k', 'ranch', 'balanc', 'issue', 'sis', 'averag', 'day', 'big', 'cowboy', 'pretty', 'dead', 'carol', 'like', 'gros', 'saxet', 'bas', 'number', 'flow', 'day', 'left', 'nomina', 'plant', 'take', 'payback', 'account', 'mary']",saxet canale k ranch balanc issue sis averag day big cowboy pretty dead carol like gros saxet bas number flow day left nomina plant take payback account mary,256,28,26,0.0,0.0,0,0,1,0,0.0357142857142857,1,4.642857142857143,0,0,0,1,0.519345698300572,0,False
1150,meoh plant status,"the methanol plant has determined extensive repairs are needed , including
replacement of piping and retubing of 2 of the 3 preheat exchangers .
it appears that the plant will be down until the last week of the month . at
a minimum , the plant will be down until the middle of next week . a better
estimate of downtime will be available by tomorrow afternoon .",ham,2000-07-10,"meoh plant status the methanol plant has determined extensive repairs are needed , including
replacement of piping and retubing of 2 of the 3 preheat exchangers .
it appears that the plant will be down until the last week of the month . at
a minimum , the plant will be down until the middle of next week . a better
estimate of downtime will be available by tomorrow afternoon .",0,meoh plant status the methanol plant has determined extensive repairs are needed including replacement of piping and retubing of of the preheat exchangers it appears that the plant will be down until the last week of the month at a minimum the plant will be down until the middle of next week a better estimate of downtime will be available by tomorrow afternoon,"['meoh', 'plant', 'statu', 'methanol', 'plant', 'determin', 'extensive', 'repair', 'need', 'includ', 'replacement', 'pip', 'retub', 'preheat', 'exchanger', 'appear', 'plant', 'will', 'last', 'week', 'month', 'minimum', 'plant', 'will', 'middle', 'next', 'week', 'better', 'estimate', 'downtime', 'will', 'available', 'tomorrow', 'afternoon']",meoh plant statu methanol plant determin extensive repair need includ replacement pip retub preheat exchanger appear plant will last week month minimum plant will middle next week better estimate downtime will available tomorrow afternoon,362,34,28,0.0,0.0,0,0,0,0,0.0,0,6.029411764705882,0,0,0,1,0.5913599555043638,0,False
3345,http : / / 208 . 246 . 87 . 65 / info _ postings / capacity / op _ point _ index . asp,0,ham,2001-06-21,http : / / 208 . 246 . 87 . 65 / info _ postings / capacity / op _ point _ index . asp ,0,http info postings capacity op point index asp,"['http', 'info', 'posting', 'capacity', 'point', 'index', 'asp']",http info posting capacity point index asp,46,7,7,0.0,0.0,0,0,0,0,0.0,0,5.142857142857143,0,0,0,1,0.6906718545561936,0,False
1733,september deal inactivation in sitara,"currently , prior month deals are inactivated in sitara for portfolio
purposes on the 10 th of the month .
for system efficiencies we would like to inactivate september deals this
weekend if possible . this will have no affect on volume feedback .
a system enhancement is being worked on so that we would not have to try to
inactivate earlier than normal for next month .
please contact me if this timing would cause you any problems .
thank you
russ
x 37386",ham,2000-10-02,"september deal inactivation in sitara currently , prior month deals are inactivated in sitara for portfolio
purposes on the 10 th of the month .
for system efficiencies we would like to inactivate september deals this
weekend if possible . this will have no affect on volume feedback .
a system enhancement is being worked on so that we would not have to try to
inactivate earlier than normal for next month .
please contact me if this timing would cause you any problems .
thank you
russ
x 37386",0,september deal inactivation in sitara currently prior month deals are inactivated in sitara for portfolio purposes on the th of the month for system efficiencies we would like to inactivate september deals this weekend if possible this will have no affect on volume feedback a system enhancement is being worked on so that we would not have to try to inactivate earlier than normal for next month please contact me if this timing would cause you any problems thank you russ x,"['september', 'deal', 'inactiva', 'sitara', 'currently', 'prior', 'month', 'deal', 'inactivat', 'sitara', 'portfolio', 'purpose', 'month', 'system', 'efficiencie', 'like', 'inactivate', 'september', 'deal', 'weekend', 'possible', 'will', 'affect', 'volume', 'feedback', 'system', 'enhancement', 'work', 'not', 'try', 'inactivate', 'earlier', 'normal', 'next', 'month', 'contact', 'tim', 'cause', 'problem', 'rus']",september deal inactiva sitara currently prior month deal inactivat sitara portfolio purpose month system efficiencie like inactivate september deal weekend possible will affect volume feedback system enhancement work not try inactivate earlier normal next month contact tim cause problem rus,475,40,32,0.0,0.0,0,0,0,1,0.0,-1,6.325,0,0,0,1,0.5158348774900001,0,False
16803,caiso notice : rfp for development of transmission project evaluat,"ion . . .
> market participants :
>
> the iso has issued an rfp for development of transmission project
> evaluation and justification principles and methodology recommendations .
> this rfp can be accessed at :
> http : / / wwwl . caiso . com / docs / 2001 / 07 / 03 / . html .
>
>
> thank you .
> catalin micsa
> grid planning
>
> us mail :
> p . o . box 639014
> folsom , ca 95763 - 9014
>
> tel . : ( 916 ) 608 - 5704
> fax : ( 916 ) 351 - 2272
> email : cmicsa @ caiso . com
>
>",ham,2001-07-06,"caiso notice : rfp for development of transmission project evaluat ion . . .
> market participants :
>
> the iso has issued an rfp for development of transmission project
> evaluation and justification principles and methodology recommendations .
> this rfp can be accessed at :
> http : / / wwwl . caiso . com / docs / 2001 / 07 / 03 / . html .
>
>
> thank you .
> catalin micsa
> grid planning
>
> us mail :
> p . o . box 639014
> folsom , ca 95763 - 9014
>
> tel . : ( 916 ) 608 - 5704
> fax : ( 916 ) 351 - 2272
> email : cmicsa @ caiso . com
>
>",0,caiso notice rfp for development of transmission project evaluat ion market participants the iso has issued an rfp for development of transmission project evaluation and justification principles and methodology recommendations this rfp can be accessed at http URL caiso com docs html thank you catalin micsa grid planning us mail p o box folsom ca tel fax email cmicsa caiso com,"['caiso', 'notice', 'rfp', 'development', 'transmission', 'project', 'evaluat', 'ion', 'market', 'participant', 'iso', 'issu', 'rfp', 'development', 'transmission', 'project', 'evalua', 'justifica', 'principle', 'methodology', 'recommendation', 'rfp', 'can', 'access', 'http', 'URL', 'caiso', 'com', 'doc', 'html', 'catalin', 'micsa', 'grid', 'plann', 'box', 'folsom', 'tel', 'fax', 'cmicsa', 'caiso', 'com']",caiso notice rfp development transmission project evaluat ion market participant iso issu rfp development transmission project evalua justifica principle methodology recommendation rfp can access http URL caiso com doc html catalin micsa grid plann box folsom tel fax cmicsa caiso com,378,41,33,0.0079365079365079,0.0,0,0,0,2,0.0,-2,5.951219512195122,1,0,0,1,0.5695267692337604,0,False
8443,vacation day feb . 16,"shirley ,
please put me down for a vacation day of feb . 16 .
thanks ,
stinson",ham,2001-01-31,"vacation day feb . 16 shirley ,
please put me down for a vacation day of feb . 16 .
thanks ,
stinson",0,vacation day feb shirley please put me down for a vacation day of feb thanks stinson,"['vaca', 'day', 'feb', 'shirley', 'put', 'vaca', 'day', 'feb', 'stinson']",vaca day feb shirley put vaca day feb stinson,84,9,6,0.0,0.0,0,0,0,0,0.0,0,4.111111111111111,0,0,0,1,0.6491344286243605,0,False
5339,access to research project tracking database,"kevin kindall brought to my attention that a number of new members in the
group may need to get access to the research projects tracking database in
lotus notes . access can be requested through use of the secutity resource
request form accessed from lotus notes . just submit the form requesting
that you be added as a user of the research group ' s research projects
tracking database .
thanks ,
- - stinson",ham,2000-01-14,"access to research project tracking database kevin kindall brought to my attention that a number of new members in the
group may need to get access to the research projects tracking database in
lotus notes . access can be requested through use of the secutity resource
request form accessed from lotus notes . just submit the form requesting
that you be added as a user of the research group ' s research projects
tracking database .
thanks ,
- - stinson",0,access to research project tracking database kevin kindall brought to my attention that a number of new members in the group may need to get access to the research projects tracking database in lotus notes access can be requested through use of the secutity resource request form accessed from lotus notes just submit the form requesting that you be added as a user of the research group s research projects tracking database thanks stinson,"['acces', 'research', 'project', 'track', 'database', 'kevin', 'kindall', 'brought', 'atten', 'number', 'new', 'member', 'group', 'may', 'ne', 'get', 'acces', 'research', 'project', 'track', 'database', 'lotu', 'note', 'acces', 'can', 'request', 'use', 'secutity', 'resource', 'request', 'form', 'access', 'lotu', 'note', 'just', 'submit', 'form', 'request', 'add', 'user', 'research', 'group', 'research', 'project', 'track', 'database', 'stinson']",acces research project track database kevin kindall brought atten number new member group may ne get acces research project track database lotu note acces can request use secutity resource request form access lotu note just submit form request add user research group research project track database stinson,440,47,30,0.0,0.0,0,0,0,3,0.0,-3,5.553191489361702,0,0,0,1,0.5034152353473902,0,False
14710,request for netco transmission contract on georgia transmission,"( gtc )
gtc personnel told us that netco will not be able to obtain transmission on gtc until epmi ' s bill is paid . we will address this issue further with gtc after a formal submission of a transmission request from netco .
valid or not , this could delay implementation of transmission on gtc .",ham,2002-01-10,"request for netco transmission contract on georgia transmission ( gtc )
gtc personnel told us that netco will not be able to obtain transmission on gtc until epmi ' s bill is paid . we will address this issue further with gtc after a formal submission of a transmission request from netco .
valid or not , this could delay implementation of transmission on gtc .",0,request for netco transmission contract on georgia transmission gtc gtc personnel told us that netco will not be able to obtain transmission on gtc until epmi s bill is paid we will address this issue further with gtc after a formal submission of a transmission request from netco valid or not this could delay implementation of transmission on gtc,"['request', 'netco', 'transmission', 'contract', 'georgia', 'transmission', 'gtc', 'gtc', 'personnel', 'told', 'netco', 'will', 'not', 'able', 'obtain', 'transmission', 'gtc', 'epmi', 'bill', 'paid', 'will', 'addres', 'issue', 'gtc', 'formal', 'submission', 'transmission', 'request', 'netco', 'valid', 'not', 'delay', 'implementa', 'transmission', 'gtc']",request netco transmission contract georgia transmission gtc gtc personnel told netco will not able obtain transmission gtc epmi bill paid will addres issue gtc formal submission transmission request netco valid not delay implementa transmission gtc,348,35,22,0.0,0.0,0,0,0,0,0.0,0,6.142857142857143,0,0,0,1,0.504008452754487,0,False
8857,introducing the new iijournals online !,"institutional investor journals are now published online !
dear subscriber ,
your institutional investor journals subscription now includes free access to
a full - text website . visit www . iijournals . com and log onto the new iijournals
homepage - - from there you can go to any of the journal specific sites .
you can logon today with the following account information .
userid : 13417514
password : 13417514
new site features at http : / / www . iijournals . com :
- read the full - text of the current issue online before the paper edition
reaches your mailbox .
- use a keyword search engine to search through the entire listing of
iijournals abstracts .
- access online any article that has been published since january 1999 .
- update your personal information , change your mailing address , or sample
other institutional investor journals .
to read full - text articles :
before accessing the full - text of articles on any institutional investor
journals web site , you need to install adobe acrobat 4 . 0 and fileopen . this
is a one - time process and should take only a few minutes .
please visit our "" how to read articles "" page on the website . click here to
link : http : / / www . iijournals . com / common / readarticles . asp
we hope you enjoy the new website . if you have any additional questions ,
comments , or suggestions about the website , please email info @ iijournals . com
or phone ( 212 ) 224 - 3664 .
sincerely ,
allison adams
publisher
http : / / www . iijournals . com",ham,2001-04-02,"introducing the new iijournals online ! institutional investor journals are now published online !
dear subscriber ,
your institutional investor journals subscription now includes free access to
a full - text website . visit www . iijournals . com and log onto the new iijournals
homepage - - from there you can go to any of the journal specific sites .
you can logon today with the following account information .
userid : 13417514
password : 13417514
new site features at http : / / www . iijournals . com :
- read the full - text of the current issue online before the paper edition
reaches your mailbox .
- use a keyword search engine to search through the entire listing of
iijournals abstracts .
- access online any article that has been published since january 1999 .
- update your personal information , change your mailing address , or sample
other institutional investor journals .
to read full - text articles :
before accessing the full - text of articles on any institutional investor
journals web site , you need to install adobe acrobat 4 . 0 and fileopen . this
is a one - time process and should take only a few minutes .
please visit our "" how to read articles "" page on the website . click here to
link : http : / / www . iijournals . com / common / readarticles . asp
we hope you enjoy the new website . if you have any additional questions ,
comments , or suggestions about the website , please email info @ iijournals . com
or phone ( 212 ) 224 - 3664 .
sincerely ,
allison adams
publisher
http : / / www . iijournals . com",0,introducing the new iijournals online ! institutional investor journals are now published online ! dear subscriber your institutional investor journals subscription now includes free access to a full text website visit www iijournals com and log onto the new iijournals homepage from there you can go to any of the journal specific sites you can logon today with the following account information userid password new site features at http www iijournals com read the full text of the current issue online before the paper edition reaches your mailbox use a keyword search engine to search through the entire listing of iijournals abstracts access online any article that has been published since january update your personal information change your mailing address or sample other institutional investor journals to read full text articles before accessing the full text of articles on any institutional investor journals web site you need to install adobe acrobat and fileopen this is a one time process and should take only a few minutes please visit our how to read articles page on the website click here to link http www iijournals com common readarticles asp we hope you enjoy the new website if you have any additional questions comments or suggestions about the website please email info iijournals com or phone sincerely allison adams publisher http www iijournals com,"['introduc', 'new', 'iijournal', 'online', 'institutional', 'investor', 'journal', 'now', 'publish', 'online', 'subscriber', 'institutional', 'investor', 'journal', 'subscrip', 'now', 'include', 'free', 'acces', 'full', 'text', 'website', 'visit', 'www', 'iijournal', 'com', 'log', 'onto', 'new', 'iijournal', 'homepage', 'can', 'journal', 'specific', 'site', 'can', 'logon', 'today', 'follow', 'account', 'informa', 'userid', 'password', 'new', 'site', 'feature', 'http', 'www', 'iijournal', 'com', 'read', 'full', 'text', 'current', 'issue', 'online', 'paper', 'edi', 'reache', 'mailbox', 'use', 'keyword', 'search', 'engine', 'search', 'entire', 'list', 'iijournal', 'abstract', 'acces', 'online', 'article', 'publish', 'since', 'january', 'update', 'personal', 'informa', 'change', 'mail', 'addres', 'sample', 'institutional', 'investor', 'journal', 'read', 'full', 'text', 'article', 'access', 'full', 'text', 'article', 'institutional', 'investor', 'journal', 'web', 'site', 'ne', 'install', 'adobe', 'acrobat', 'fileopen', 'one', 'time', 'proces', 'take', 'minute', 'visit', 'read', 'article', 'page', 'website', 'click', 'link', 'http', 'www', 'iijournal', 'com', 'common', 'readarticle', 'asp', 'hope', 'enjoy', 'new', 'website', 'additional', 'question', 'comment', 'suggestion', 'website', 'info', 'iijournal', 'com', 'phone', 'allison', 'adam', 'publisher', 'http', 'www', 'iijournal', 'com']",introduc new iijournal online institutional investor journal now publish online subscriber institutional investor journal subscrip now include free acces full text website visit www iijournal com log onto new iijournal homepage can journal specific site can logon today follow account informa userid password new site feature http www iijournal com read full text current issue online paper edi reache mailbox use keyword search engine search entire list iijournal abstract acces online article publish since january update personal informa change mail addres sample institutional investor journal read full text article access full text article institutional investor journal web site ne install adobe acrobat fileopen one time proces take minute visit read article page website click link http www iijournal com common readarticle asp hope enjoy new website additional question comment suggestion website info iijournal com phone allison adam publisher http www iijournal com,1377,142,87,0.0,0.0,2,0,5,0,0.0352112676056338,5,5.887323943661972,0,0,0,1,0.6163480471585749,0,False
27762,dp question,"jeff :
you asked how your gross margin % could be higher in 2000 but your overall
gross margin be lower .
you appear to have lower invoiced volumes in jan - april 2000 .
january and feb . - for example :
great question !
dave",ham,2000-06-28,"dp question jeff :
you asked how your gross margin % could be higher in 2000 but your overall
gross margin be lower .
you appear to have lower invoiced volumes in jan - april 2000 .
january and feb . - for example :
great question !
dave",0,dp question jeff you asked how your gross margin could be higher in but your overall gross margin be lower you appear to have lower invoiced volumes in jan april january and feb for example great question ! dave,"['ques', 'jeff', 'ask', 'gros', 'margin', 'higher', 'overall', 'gros', 'margin', 'lower', 'appear', 'lower', 'invoic', 'volume', 'jan', 'april', 'january', 'feb', 'example', 'great', 'ques', 'dave']",ques jeff ask gros margin higher overall gros margin lower appear lower invoic volume jan april january feb example great ques dave,211,22,18,0.0,0.0,1,0,0,0,0.0,0,5.0,0,0,0,1,0.5150088829484477,0,False
3462,enron,"damn ! ! ! ! what are you guys doing down there . i leave you alone and the place goes to hell in a hand - basket .
i ' m sure glad my portfolio is diversified into stocks that have lost even more money than enron ( chuckle ) .
hang in there . . . . . . . . . this has happened before . if it gets bad enough call me and i ' ll buy you lunch .
ken
p . s . i finally get to see my beloved huskers in waco this year . it is not the same as mecca ( lincoln ) , but it ' ll do . besides we will have more red there than baylor green .",ham,2001-09-06,"enron damn ! ! ! ! what are you guys doing down there . i leave you alone and the place goes to hell in a hand - basket .
i ' m sure glad my portfolio is diversified into stocks that have lost even more money than enron ( chuckle ) .
hang in there . . . . . . . . . this has happened before . if it gets bad enough call me and i ' ll buy you lunch .
ken
p . s . i finally get to see my beloved huskers in waco this year . it is not the same as mecca ( lincoln ) , but it ' ll do . besides we will have more red there than baylor green .",0,enron damn ! ! ! ! what are you guys doing down there i leave you alone and the place goes to hell in a hand basket i m sure glad my portfolio is diversified into stocks that have lost even more money than enron chuckle hang in there this has happened before if it gets bad enough call me and i ll buy you lunch ken p s i finally get to see my beloved huskers in waco this year it is not the same as mecca lincoln but it ll do besides we will have more red there than baylor green,"['enron', 'damn', 'guy', 'leave', 'alone', 'place', 'goe', 'hand', 'basket', 'sure', 'glad', 'portfolio', 'diversifi', 'stock', 'lost', 'even', 'money', 'enron', 'chuckle', 'hang', 'happen', 'get', 'bad', 'enough', 'call', 'buy', 'lunch', 'ken', 'finally', 'get', 'see', 'belov', 'husker', 'waco', 'year', 'not', 'mecca', 'lincoln', 'beside', 'will', 'r', 'baylor', 'green']",enron damn guy leave alone place goe hand basket sure glad portfolio diversifi stock lost even money enron chuckle hang happen get bad enough call buy lunch ken finally get see belov husker waco year not mecca lincoln beside will r baylor green,480,43,41,0.0,0.0,4,0,1,0,0.0232558139534883,1,4.697674418604652,0,0,0,1,0.5112327918513384,0,False
2493,deal 70422,should we keep rolling this deal ?,ham,2001-01-30,deal 70422 should we keep rolling this deal ?,0,deal should we keep rolling this deal ?,"['deal', 'keep', 'roll', 'deal']",deal keep roll deal,39,4,3,0.0,0.0,0,1,0,0,0.0,0,4.0,0,0,0,1,0.5663593206542594,0,False
10314,to ceo / executive management / hr manager,"to ceo / executive management / hr manager
we c 2 s ( c 2 s recruitment service co . , ltd . ) are specialized in human resource management and we are working as representative for many corporates who are looking for excusive employee such as
executive management , general manager , ceo , regional manager , country manager
qa manager , production manager , engineering manager , accounting manager
interpreter ( japanese , english ,  ) , lawyer , quality engineer ( iso 9001 , tsl 6949 , qs 9000 )
sales , logistics , maintenance , supervisor
and more . .
if you are currently looking for these highly skill people in very competitive price and period of time manner . please let our professional team do recruit for you . we have sales people who can speak in both japanese and english . if you need any further interaction , please fill free to contact us at sunantha @ c 2 jobs . com or monday - friday from 9 . 00 - 18 . 00 in office hour .
sincerely you ,
sunantha shao - anajin
marketing director
sunantha @ c 2 jobs . com
c 2 s recruitment service co . , ltd .",spam,2005-06-29,"to ceo / executive management / hr manager to ceo / executive management / hr manager
we c 2 s ( c 2 s recruitment service co . , ltd . ) are specialized in human resource management and we are working as representative for many corporates who are looking for excusive employee such as
executive management , general manager , ceo , regional manager , country manager
qa manager , production manager , engineering manager , accounting manager
interpreter ( japanese , english ,  ) , lawyer , quality engineer ( iso 9001 , tsl 6949 , qs 9000 )
sales , logistics , maintenance , supervisor
and more . .
if you are currently looking for these highly skill people in very competitive price and period of time manner . please let our professional team do recruit for you . we have sales people who can speak in both japanese and english . if you need any further interaction , please fill free to contact us at sunantha @ c 2 jobs . com or monday - friday from 9 . 00 - 18 . 00 in office hour .
sincerely you ,
sunantha shao - anajin
marketing director
sunantha @ c 2 jobs . com
c 2 s recruitment service co . , ltd .",1,to ceo executive management hr manager to ceo executive management hr manager we c s c s recruitment service co ltd are specialized in human resource management and we are working as representative for many corporates who are looking for excusive employee such as executive management general manager ceo regional manager country manager qa manager production manager engineering manager accounting manager interpreter japanese english lawyer quality engineer iso tsl qs sales logistics maintenance supervisor and more if you are currently looking for these highly skill people in very competitive price and period of time manner please let our professional team do recruit for you we have sales people who can speak in both japanese and english if you need any further interaction please fill free to contact us at sunantha c jobs com or monday friday from in office hour sincerely you sunantha shao anajin marketing director sunantha c jobs com c s recruitment service co ltd,"['ceo', 'executive', 'management', 'manager', 'ceo', 'executive', 'management', 'manager', 'recruitment', 'service', 'ltd', 'specializ', 'human', 'resource', 'management', 'work', 'representative', 'many', 'corporate', 'look', 'excusive', 'employee', 'executive', 'management', 'general', 'manager', 'ceo', 'regional', 'manager', 'country', 'manager', 'manager', 'produc', 'manager', 'engineer', 'manager', 'account', 'manager', 'interpreter', 'japanese', 'english', 'lawyer', 'quality', 'engineer', 'iso', 'tsl', 'sale', 'logistic', 'maintenance', 'supervisor', 'currently', 'look', 'highly', 'skill', 'people', 'competitive', 'price', 'period', 'time', 'manner', 'let', 'professional', 'team', 'recruit', 'sale', 'people', 'can', 'speak', 'japanese', 'english', 'ne', 'interac', 'fill', 'free', 'contact', 'sunantha', 'job', 'com', 'monday', 'friday', 'office', 'hour', 'sunantha', 'shao', 'anajin', 'market', 'director', 'sunantha', 'job', 'com', 'recruitment', 'service', 'ltd']",ceo executive management manager ceo executive management manager recruitment service ltd specializ human resource management work representative many corporate look excusive employee executive management general manager ceo regional manager country manager manager produc manager engineer manager account manager interpreter japanese english lawyer quality engineer iso tsl sale logistic maintenance supervisor currently look highly skill people competitive price period time manner let professional team recruit sale people can speak japanese english ne interac fill free contact sunantha job com monday friday office hour sunantha shao anajin market director sunantha job com recruitment service ltd,977,93,65,0.0,0.0,0,0,2,0,0.021505376344086,2,6.559139784946237,0,0,0,0,0.49956614701245355,1,False
3629,tenaska iv 11 / 01,"darren :
it ' s that time again . please remove the price on deal 384258 for nov and add a demand fee of $ 3 , 096 , 547 . 98 .
thanks ,
megan",ham,2001-12-11,"tenaska iv 11 / 01 darren :
it ' s that time again . please remove the price on deal 384258 for nov and add a demand fee of $ 3 , 096 , 547 . 98 .
thanks ,
megan",0,tenaska iv darren it s that time again please remove the price on deal for nov and add a demand fee of thanks megan,"['tenaska', 'darren', 'time', 'remove', 'price', 'deal', 'nov', 'add', 'demand', 'fee', 'megan']",tenaska darren time remove price deal nov add demand fee megan,115,11,11,0.0,0.0,0,0,1,0,0.0909090909090909,1,4.727272727272728,0,0,0,1,0.6014449392872654,0,False
14393,tim belden ' s new cell number,my old cell phone has been retired . the new number is 503 - 869 - 9198 .,ham,2001-12-17,tim belden ' s new cell number my old cell phone has been retired . the new number is 503 - 869 - 9198 .,0,tim belden s new cell number my old cell phone has been retired the new number is,"['tim', 'belden', 'new', 'cell', 'number', 'old', 'cell', 'phone', 'retir', 'new', 'number']",tim belden new cell number old cell phone retir new number,81,11,8,0.0,0.0,0,0,0,0,0.0,0,4.363636363636363,0,0,0,1,0.6824818716570588,0,False
16669,geir ' s goals,),ham,2001-06-12,geir ' s goals ),0,geir s goals,"['geir', 'goal']",geir goal,12,2,2,0.0,0.0,0,0,0,0,0.0,0,4.0,0,0,0,1,0.6824818716570588,0,False
13755,trade counts - nov . 5,"trade counts , by 4 pm , since october 1 :
trade date trade cnt
10 / 1 / 2001 5245
10 / 2 / 2001 5405
10 / 3 / 2001 5953
10 / 4 / 2001 6487
10 / 5 / 2001 5854
10 / 6 / 2001 17
10 / 7 / 2001 53
10 / 8 / 2001 5117
10 / 9 / 2001 5280
10 / 10 / 2001 6261
10 / 11 / 2001 5950
10 / 12 / 2001 6107
10 / 13 / 2001 16
10 / 14 / 2001 19
10 / 15 / 2001 5428
10 / 16 / 2001 7155
10 / 17 / 2001 7425
10 / 18 / 2001 7654
10 / 19 / 2001 7988
10 / 20 / 2001 4
10 / 21 / 2001 34
10 / 22 / 2001 7916
10 / 23 / 2001 8567
10 / 24 / 2001 8001
10 / 25 / 2001 8405
10 / 26 / 2001 6792
10 / 27 / 2001 12
10 / 28 / 2001 8
10 / 29 / 2001 7152
10 / 30 / 2001 5761
10 / 31 / 2001 7141
11 / 1 / 2001 6575
11 / 2 / 2001 5853
11 / 3 / 2001 59
11 / 4 / 2001 37
11 / 5 / 2001 6523
by counterparty :",ham,2001-11-05,"trade counts - nov . 5 trade counts , by 4 pm , since october 1 :
trade date trade cnt
10 / 1 / 2001 5245
10 / 2 / 2001 5405
10 / 3 / 2001 5953
10 / 4 / 2001 6487
10 / 5 / 2001 5854
10 / 6 / 2001 17
10 / 7 / 2001 53
10 / 8 / 2001 5117
10 / 9 / 2001 5280
10 / 10 / 2001 6261
10 / 11 / 2001 5950
10 / 12 / 2001 6107
10 / 13 / 2001 16
10 / 14 / 2001 19
10 / 15 / 2001 5428
10 / 16 / 2001 7155
10 / 17 / 2001 7425
10 / 18 / 2001 7654
10 / 19 / 2001 7988
10 / 20 / 2001 4
10 / 21 / 2001 34
10 / 22 / 2001 7916
10 / 23 / 2001 8567
10 / 24 / 2001 8001
10 / 25 / 2001 8405
10 / 26 / 2001 6792
10 / 27 / 2001 12
10 / 28 / 2001 8
10 / 29 / 2001 7152
10 / 30 / 2001 5761
10 / 31 / 2001 7141
11 / 1 / 2001 6575
11 / 2 / 2001 5853
11 / 3 / 2001 59
11 / 4 / 2001 37
11 / 5 / 2001 6523
by counterparty :",0,trade counts nov trade counts by pm since october trade date trade cnt by counterparty,"['trade', 'count', 'nov', 'trade', 'count', 'since', 'october', 'trade', 'trade', 'cnt', 'counterparty']",trade count nov trade count since october trade trade cnt counterparty,86,11,7,0.0,0.0,0,0,0,0,0.0,0,5.454545454545454,0,0,0,1,0.6326213616966179,0,False
12758,ny times article - sunday,"in case you missed this article from sunday ' s ny times .
kal",ham,2001-09-10,"ny times article - sunday in case you missed this article from sunday ' s ny times .
kal",0,ny times article sunday in case you missed this article from sunday s ny times kal,"['time', 'article', 'sunday', 'case', 'miss', 'article', 'sunday', 'time', 'kal']",time article sunday case miss article sunday time kal,82,9,6,0.0,0.0,0,0,0,0,0.0,0,5.0,0,0,0,1,0.6824818716570588,0,False
12584,new look and tour for enrononline,"louise / rahil - - i wanted to ask your artistic opinion on this agency ' s site . i am thinking about hiring them to update the look and feel and tour for enrononline . they have done some very interesting things with movements within photographs , 3 - d , layers and typography . i ' ll work through the proper approval channels ( greg piper , jay webb and brad ) before doing anything , but i just wanted your artistic opinion .
http : / / 2 advanced . com / flashindex . htm
kal",ham,2001-08-27,"new look and tour for enrononline louise / rahil - - i wanted to ask your artistic opinion on this agency ' s site . i am thinking about hiring them to update the look and feel and tour for enrononline . they have done some very interesting things with movements within photographs , 3 - d , layers and typography . i ' ll work through the proper approval channels ( greg piper , jay webb and brad ) before doing anything , but i just wanted your artistic opinion .
http : / / 2 advanced . com / flashindex . htm
kal",0,new look and tour for enrononline louise rahil i wanted to ask your artistic opinion on this agency s site i am thinking about hiring them to update the look and feel and tour for enrononline they have done some very interesting things with movements within photographs d layers and typography i ll work through the proper approval channels greg piper jay webb and brad before doing anything but i just wanted your artistic opinion http advanced com flashindex htm kal,"['new', 'look', 'tour', 'enrononline', 'louise', 'rahil', 'want', 'ask', 'artistic', 'opinion', 'agency', 'site', 'think', 'hir', 'update', 'look', 'feel', 'tour', 'enrononline', 'done', 'interest', 'thing', 'movement', 'within', 'photograph', 'layer', 'typography', 'work', 'proper', 'approval', 'channel', 'greg', 'piper', 'jay', 'webb', 'brad', 'anyth', 'just', 'want', 'artistic', 'opinion', 'http', 'advanc', 'com', 'flashindex', 'htm', 'kal']",new look tour enrononline louise rahil want ask artistic opinion agency site think hir update look feel tour enrononline done interest thing movement within photograph layer typography work proper approval channel greg piper jay webb brad anyth just want artistic opinion http advanc com flashindex htm kal,468,47,41,0.0,0.0,0,0,0,0,0.0,0,5.531914893617022,0,0,0,1,0.5804060380547071,0,False
13548,re : bridgeline cash and ar,"he has not talked to me . he cc ' d me on an email this morning - to which i replied . i planned on conversing with him this morning , but the email beat me to the punch . he has been working independently on this effort .
i had a lengthy conversation with trevor last night , spoke with sherman this morning and also met with karen . i have made brian very aware of karen ' s efforts to clean up bhlp - i do not understand why deanna washington is involved with bhlp at allm
mrha
jean mrha",ham,2001-10-26,"re : bridgeline cash and ar he has not talked to me . he cc ' d me on an email this morning - to which i replied . i planned on conversing with him this morning , but the email beat me to the punch . he has been working independently on this effort .
i had a lengthy conversation with trevor last night , spoke with sherman this morning and also met with karen . i have made brian very aware of karen ' s efforts to clean up bhlp - i do not understand why deanna washington is involved with bhlp at allm
mrha
jean mrha",0,re bridgeline cash and ar he has not talked to me he cc d me on an email this morning to which i replied i planned on conversing with him this morning but the email beat me to the punch he has been working independently on this effort i had a lengthy conversation with trevor last night spoke with sherman this morning and also met with karen i have made brian very aware of karen s efforts to clean up bhlp i do not understand why deanna washington is involved with bhlp at allm mrha jean mrha,"['bridgeline', 'cash', 'not', 'talk', 'morn', 'repli', 'plann', 'convers', 'morn', 'beat', 'punch', 'work', 'independently', 'effort', 'lengthy', 'conversa', 'trevor', 'last', 'night', 'spoke', 'sherman', 'morn', 'also', 'met', 'karen', 'made', 'brian', 'aware', 'karen', 'effort', 'clean', 'bhlp', 'not', 'understand', 'deanna', 'washington', 'involv', 'bhlp', 'allm', 'mrha', 'jean', 'mrha']",bridgeline cash not talk morn repli plann convers morn beat punch work independently effort lengthy conversa trevor last night spoke sherman morn also met karen made brian aware karen effort clean bhlp not understand deanna washington involv bhlp allm mrha jean mrha,494,42,35,0.0,0.0,0,0,1,0,0.0238095238095238,1,5.357142857142857,0,0,0,1,0.6578150272847155,0,False
619,k ' s needed @ 98 - 1534 and 98 - 6725,"98 - 1534 is on the 215 k for 3 / 2000 but is only good for 3 / 1 - 3 / 1 in sitara ,
on deal # 163005 . can you see if it is o . k . to extend the deal for the rest
of the month ? it has flow every day after the lst .
98 - 6725 is also on the 215 k for 3 / 2000 . the sitara deal # is 214948 and
covers every day except for day 16 . can you also see if it is o . k . to extend
the deal to cover this day ?
thanks
- jackie -
3 - 9497",ham,2000-04-05,"k ' s needed @ 98 - 1534 and 98 - 6725 98 - 1534 is on the 215 k for 3 / 2000 but is only good for 3 / 1 - 3 / 1 in sitara ,
on deal # 163005 . can you see if it is o . k . to extend the deal for the rest
of the month ? it has flow every day after the lst .
98 - 6725 is also on the 215 k for 3 / 2000 . the sitara deal # is 214948 and
covers every day except for day 16 . can you also see if it is o . k . to extend
the deal to cover this day ?
thanks
- jackie -
3 - 9497",0,k s needed and is on the k for but is only good for in sitara on deal can you see if it is o k to extend the deal for the rest of the month ? it has flow every day after the lst is also on the k for the sitara deal is and covers every day except for day can you also see if it is o k to extend the deal to cover this day ? thanks jackie,"['need', 'good', 'sitara', 'deal', 'can', 'see', 'extend', 'deal', 'rest', 'month', 'flow', 'every', 'day', 'lst', 'also', 'sitara', 'deal', 'cover', 'every', 'day', 'except', 'day', 'can', 'also', 'see', 'extend', 'deal', 'cover', 'day', 'jackie']",need good sitara deal can see extend deal rest month flow every day lst also sitara deal cover every day except day can also see extend deal cover day jackie,336,30,17,0.0,0.0,0,2,0,0,0.0,0,4.266666666666667,0,0,0,1,0.5215392674591879,0,False
23425,v @ r,"sally -
these are the steps that we have taken to insure that the positions the v @ r
engine picks up are correct :
1 . each book adm . now checks his / her own positions that are going into v @ r ,
rather than just one check at a consolidated level .
2 . all regional controllers will receive a sheet at the end of the night ,
verifying that all books are officialized .",ham,2000-10-20,"v @ r sally -
these are the steps that we have taken to insure that the positions the v @ r
engine picks up are correct :
1 . each book adm . now checks his / her own positions that are going into v @ r ,
rather than just one check at a consolidated level .
2 . all regional controllers will receive a sheet at the end of the night ,
verifying that all books are officialized .",0,v r sally these are the steps that we have taken to insure that the positions the v r engine picks up are correct each book adm now checks his her own positions that are going into v r rather than just one check at a consolidated level all regional controllers will receive a sheet at the end of the night verifying that all books are officialized,"['sally', 'step', 'taken', 'insure', 'position', 'engine', 'pick', 'correct', 'book', 'adm', 'now', 'check', 'position', 'go', 'rather', 'just', 'one', 'check', 'consolidat', 'level', 'regional', 'controller', 'will', 'receive', 'sheet', 'end', 'night', 'verify', 'book', 'officializ']",sally step taken insure position engine pick correct book adm now check position go rather just one check consolidat level regional controller will receive sheet end night verify book officializ,347,30,27,0.0,0.0,0,0,1,0,0.0333333333333333,1,5.5,0,0,0,1,0.5949210745765052,0,False
12370,allegheny problems - urgent,"allegheny told us that we may be in default of the tolling agreement . as part of that agreement , we had an obligation to deliver security agreements by july 31 . we have fulfilled that obligation but now allegheny is saying that they are not in the appropriate form . legal believes that they do not have any basis for this claim . nevertheless this is a major problem given the exposure - we have commited to construct the project and to sell the project . i do not know if they are negotiating hard or trying to blow up the deal . we will likely need your time on this matter and we may need to respond quickly - possible fixes include modifying the ground lease in a way that would require us to take out the project lender on lvi .
chris calger
503 - 464 - 3735",ham,2001-07-31,"allegheny problems - urgent allegheny told us that we may be in default of the tolling agreement . as part of that agreement , we had an obligation to deliver security agreements by july 31 . we have fulfilled that obligation but now allegheny is saying that they are not in the appropriate form . legal believes that they do not have any basis for this claim . nevertheless this is a major problem given the exposure - we have commited to construct the project and to sell the project . i do not know if they are negotiating hard or trying to blow up the deal . we will likely need your time on this matter and we may need to respond quickly - possible fixes include modifying the ground lease in a way that would require us to take out the project lender on lvi .
chris calger
503 - 464 - 3735",0,allegheny problems urgent allegheny told us that we may be in default of the tolling agreement as part of that agreement we had an obligation to deliver security agreements by july we have fulfilled that obligation but now allegheny is saying that they are not in the appropriate form legal believes that they do not have any basis for this claim nevertheless this is a major problem given the exposure we have commited to construct the project and to sell the project i do not know if they are negotiating hard or trying to blow up the deal we will likely need your time on this matter and we may need to respond quickly possible fixes include modifying the ground lease in a way that would require us to take out the project lender on lvi chris calger,"['allegheny', 'problem', 'urgent', 'allegheny', 'told', 'may', 'default', 'toll', 'agreement', 'part', 'agreement', 'obliga', 'deliver', 'security', 'agreement', 'july', 'fulfill', 'obliga', 'now', 'allegheny', 'say', 'not', 'appropriate', 'form', 'legal', 'believe', 'not', 'basi', 'claim', 'nevertheles', 'major', 'problem', 'given', 'exposure', 'commit', 'construct', 'project', 'sell', 'project', 'not', 'know', 'negotiat', 'hard', 'try', 'blow', 'deal', 'will', 'likely', 'ne', 'time', 'matter', 'may', 'ne', 'respond', 'quickly', 'possible', 'fixe', 'include', 'modify', 'ground', 'lease', 'way', 'require', 'take', 'project', 'lender', 'lvi', 'chri', 'calger']",allegheny problem urgent allegheny told may default toll agreement part agreement obliga deliver security agreement july fulfill obliga now allegheny say not appropriate form legal believe not basi claim nevertheles major problem given exposure commit construct project sell project not know negotiat hard try blow deal will likely ne time matter may ne respond quickly possible fixe include modify ground lease way require take project lender lvi chri calger,753,69,57,0.0,0.0,0,0,2,3,0.0289855072463768,-1,5.666666666666667,0,0,0,1,0.5042165106529957,0,False
793,mtbe plant shut - down,"the mtbe plant went down about 1 a . m . on saturday morning , may 20 , as a
result of power failure . apparently lightning knocked out the power
substation .
the oleflex is starting up , along with the mtbe plant , and butamer . some
production is expected tonight with full rains possibly attained tomorrow .",ham,2000-05-22,"mtbe plant shut - down the mtbe plant went down about 1 a . m . on saturday morning , may 20 , as a
result of power failure . apparently lightning knocked out the power
substation .
the oleflex is starting up , along with the mtbe plant , and butamer . some
production is expected tonight with full rains possibly attained tomorrow .",0,mtbe plant shut down the mtbe plant went down about a m on saturday morning may as a result of power failure apparently lightning knocked out the power substation the oleflex is starting up along with the mtbe plant and butamer some production is expected tonight with full rains possibly attained tomorrow,"['mtbe', 'plant', 'shut', 'mtbe', 'plant', 'went', 'saturday', 'morn', 'may', 'result', 'power', 'failure', 'apparently', 'lightn', 'knock', 'power', 'substa', 'oleflex', 'start', 'along', 'mtbe', 'plant', 'butamer', 'produc', 'expect', 'tonight', 'full', 'rain', 'possibly', 'attain', 'tomorrow']",mtbe plant shut mtbe plant went saturday morn may result power failure apparently lightn knock power substa oleflex start along mtbe plant butamer produc expect tonight full rain possibly attain tomorrow,306,31,26,0.0,0.0,0,0,0,0,0.0,0,5.580645161290323,0,0,0,1,0.5731619090878433,0,False
14950,simulation email,"you mentioned that you wanted to reword it .
have you had a chance to do so ?
i ' m keen to get this communication out to the company by monday morning .
dave",ham,2002-02-01,"simulation email you mentioned that you wanted to reword it .
have you had a chance to do so ?
i ' m keen to get this communication out to the company by monday morning .
dave",0,simulation email you mentioned that you wanted to reword it have you had a chance to do so ? i m keen to get this communication out to the company by monday morning dave,"['simula', 'mention', 'want', 'reword', 'chance', 'keen', 'get', 'communica', 'company', 'monday', 'morn', 'dave']",simula mention want reword chance keen get communica company monday morn dave,169,12,12,0.0,0.0,0,1,0,0,0.0,0,5.5,0,0,0,1,0.5189202712424096,0,False
29005,tw pnr activity for dec . lst - 19 th,"a quick snapshot of where we are for the month , as of dec 19 th
buyer po # poi dekatherm rate / dth rate _ type daily / total invoice amount
pnm 27267 500617 15 , 000 $ 0 . 0900 $ 0 . 0900 total $ 1 , 350 . 00
virginia power 27719 500623 14 , 514 $ 0 . 0500 $ 0 . 2193 daily $ 3 , 182 . 89
cinergy mkt 27467 500621 17 , 600 $ 0 . 1000 $ 0 . 3716 daily $ 6 , 540 . 00
totals 47 , 114 $ 11 , 072 . 89",ham,2001-12-19,"tw pnr activity for dec . lst - 19 th a quick snapshot of where we are for the month , as of dec 19 th
buyer po # poi dekatherm rate / dth rate _ type daily / total invoice amount
pnm 27267 500617 15 , 000 $ 0 . 0900 $ 0 . 0900 total $ 1 , 350 . 00
virginia power 27719 500623 14 , 514 $ 0 . 0500 $ 0 . 2193 daily $ 3 , 182 . 89
cinergy mkt 27467 500621 17 , 600 $ 0 . 1000 $ 0 . 3716 daily $ 6 , 540 . 00
totals 47 , 114 $ 11 , 072 . 89",0,tw pnr activity for dec lst th a quick snapshot of where we are for the month as of dec th buyer po poi dekatherm rate dth rate type daily total invoice amount pnm total virginia power daily cinergy mkt daily totals,"['pnr', 'activity', 'dec', 'lst', 'quick', 'snapshot', 'month', 'dec', 'buyer', 'poi', 'dekatherm', 'rate', 'dth', 'rate', 'type', 'daily', 'total', 'invoice', 'amount', 'pnm', 'total', 'virginia', 'power', 'daily', 'cinergy', 'mkt', 'daily', 'total']",pnr activity dec lst quick snapshot month dec buyer poi dekatherm rate dth rate type daily total invoice amount pnm total virginia power daily cinergy mkt daily total,215,28,22,0.0,0.0,0,0,0,1,0.0,-1,4.964285714285714,0,0,0,1,0.6188179113307769,0,False
6516,resume for wichai narongwanich,"i was able to retrieve his resume . please print out a hard copy for your
files .",ham,2000-07-13,"resume for wichai narongwanich i was able to retrieve his resume . please print out a hard copy for your
files .",0,resume for wichai narongwanich i was able to retrieve his resume please print out a hard copy for your files,"['resume', 'wichai', 'narongwanich', 'able', 'retrieve', 'resume', 'print', 'hard', 'copy', 'file']",resume wichai narongwanich able retrieve resume print hard copy file,108,10,9,0.0,0.0,0,0,0,0,0.0,0,5.9,0,0,0,1,0.5782687845755348,0,False
2950,final final version,i have added shell and deleted south hampton .,ham,2001-03-30,final final version i have added shell and deleted south hampton .,0,final final version i have added shell and deleted south hampton,"['final', 'final', 'version', 'add', 'delet', 'south', 'hampton']",final final version add delet south hampton,64,7,6,0.0,0.0,0,0,0,0,0.0,0,5.285714285714286,0,0,0,1,0.6510608872642301,0,False
780,reviewers,"janet wallis
kyle lilly
howard camp
carlos rodriguez
thu nguyen
joan quick ( for ces )
bob superty ( ces )
ed gottlob
bryan hull",ham,2000-05-18,"reviewers janet wallis
kyle lilly
howard camp
carlos rodriguez
thu nguyen
joan quick ( for ces )
bob superty ( ces )
ed gottlob
bryan hull",0,reviewers janet wallis kyle lilly howard camp carlos rodriguez thu nguyen joan quick for ces bob superty ces ed gottlob bryan hull,"['reviewer', 'janet', 'walli', 'kyle', 'lilly', 'howard', 'camp', 'carlo', 'rodriguez', 'thu', 'nguyen', 'joan', 'quick', 'ces', 'bob', 'superty', 'ces', 'gottlob', 'bryan', 'hull']",reviewer janet walli kyle lilly howard camp carlo rodriguez thu nguyen joan quick ces bob superty ces gottlob bryan hull,130,20,19,0.0,0.0,0,0,0,0,0.0,0,5.05,0,0,0,1,0.6093629125065378,0,False
2634,j is for jerry,\ \ nahou - psolp,ham,2001-02-26,j is for jerry \ \ nahou - psolp,0,j is for jerry nahou psolp,"['jerry', 'nahou', 'psolp']",jerry nahou psolp,26,3,3,0.0,0.0,0,0,0,0,0.0,0,5.0,0,0,0,1,0.6824818716570588,0,False
806,hey - both of you guys did a great job on janet ' s deal . the pricing was done,"correctly . the swing i wasn ' t aware of , but 5000 + - per month is not a big
deal . the problem was that offers didn ' t get stood on .",ham,2000-05-23,"hey - both of you guys did a great job on janet ' s deal . the pricing was done correctly . the swing i wasn ' t aware of , but 5000 + - per month is not a big
deal . the problem was that offers didn ' t get stood on .",0,hey both of you guys did a great job on janet s deal the pricing was done correctly the swing i wasn t aware of but per month is not a big deal the problem was that offers didn t get stood on,"['guy', 'great', 'job', 'janet', 'deal', 'pric', 'done', 'correctly', 'sw', 'wasn', 'aware', 'per', 'month', 'not', 'big', 'deal', 'problem', 'offer', 'didn', 'get', 'stood']",guy great job janet deal pric done correctly sw wasn aware per month not big deal problem offer didn get stood,191,21,20,0.0,0.0,0,0,1,0,0.0476190476190476,1,4.285714285714286,0,0,0,1,0.6215337602031576,0,False
27829,interactive open season ready for testing,"the latest changes to the interactive open season application have been moved
into production and are ready for testing . these modifications include :
displaying the actual bids along with the evaluated bids on each of the
detail lines . this will allow shippers to see the actual bid rate for all
bids greater than max rate .
calculating the winning bids based on evaluated bid and term only ( ignore
time entered ) . a "" * "" in the first column now means that the bid is a
potential winner , not an actual winner .
forcing shippers to bid on the full volume of the package .
the modifications do not include :
allowing users to supersede any of their own bids greater than or equal to
max rate . because this modification introduces a high risk factor , it will
be made after fiday ' s ios .
because some of these modifications affect the way in which bids are ranked ,
thorough testing by the marketing team should be completed before any
shippers are allowed to enter the system .",ham,2000-07-20,"interactive open season ready for testing the latest changes to the interactive open season application have been moved
into production and are ready for testing . these modifications include :
displaying the actual bids along with the evaluated bids on each of the
detail lines . this will allow shippers to see the actual bid rate for all
bids greater than max rate .
calculating the winning bids based on evaluated bid and term only ( ignore
time entered ) . a "" * "" in the first column now means that the bid is a
potential winner , not an actual winner .
forcing shippers to bid on the full volume of the package .
the modifications do not include :
allowing users to supersede any of their own bids greater than or equal to
max rate . because this modification introduces a high risk factor , it will
be made after fiday ' s ios .
because some of these modifications affect the way in which bids are ranked ,
thorough testing by the marketing team should be completed before any
shippers are allowed to enter the system .",0,interactive open season ready for testing the latest changes to the interactive open season application have been moved into production and are ready for testing these modifications include displaying the actual bids along with the evaluated bids on each of the detail lines this will allow shippers to see the actual bid rate for all bids greater than max rate calculating the winning bids based on evaluated bid and term only ignore time entered a in the first column now means that the bid is a potential winner not an actual winner forcing shippers to bid on the full volume of the package the modifications do not include allowing users to supersede any of their own bids greater than or equal to max rate because this modification introduces a high risk factor it will be made after fiday s ios because some of these modifications affect the way in which bids are ranked thorough testing by the marketing team should be completed before any shippers are allowed to enter the system,"['interactive', 'open', 'season', 'ready', 'test', 'latest', 'change', 'interactive', 'open', 'season', 'applica', 'mov', 'produc', 'ready', 'test', 'modification', 'include', 'display', 'actual', 'bid', 'along', 'evaluat', 'bid', 'detail', 'line', 'will', 'allow', 'shipper', 'see', 'actual', 'bid', 'rate', 'bid', 'greater', 'max', 'rate', 'calculat', 'winn', 'bid', 'bas', 'evaluat', 'bid', 'term', 'ignore', 'time', 'enter', 'first', 'column', 'now', 'mean', 'bid', 'potential', 'winner', 'not', 'actual', 'winner', 'forc', 'shipper', 'bid', 'full', 'volume', 'package', 'modification', 'not', 'include', 'allow', 'user', 'supersede', 'bid', 'greater', 'equal', 'max', 'rate', 'modifica', 'introduce', 'high', 'risk', 'factor', 'will', 'made', 'fiday', 'ios', 'modification', 'affect', 'way', 'bid', 'rank', 'thorough', 'test', 'market', 'team', 'complet', 'shipper', 'allow', 'enter', 'system']",interactive open season ready test latest change interactive open season applica mov produc ready test modification include display actual bid along evaluat bid detail line will allow shipper see actual bid rate bid greater max rate calculat winn bid bas evaluat bid term ignore time enter first column now mean bid potential winner not actual winner forc shipper bid full volume package modification not include allow user supersede bid greater equal max rate modifica introduce high risk factor will made fiday ios modification affect way bid rank thorough test market team complet shipper allow enter system,987,96,63,0.0,0.0,0,0,2,0,0.0208333333333333,2,5.364583333333333,0,0,0,1,0.6097374580854461,0,False
22961,business review meeting - global data management,in case you would like an advance copy .,ham,2000-06-17,business review meeting - global data management in case you would like an advance copy .,0,business review meeting global data management in case you would like an advance copy,"['busines', 'review', 'meet', 'global', 'data', 'management', 'case', 'like', 'advance', 'copy']",busines review meet global data management case like advance copy,85,10,10,0.0,0.0,0,0,0,1,0.0,-1,5.6,0,0,0,1,0.545114291456901,0,False
6963,reactions september is now live on - line,"> reactions
> the latest edition of the financial magazine for the global insurance
> market is now live at http : / / www . reactionsnet . com
>
> the world ' s leading insurance and reinsurance magazine . simply hit
> the links at the bottom of each item to see the full article . you can
> call or email us for help at any time on mailto : web - help @ euromoneyplc . com
> or + 44 ( 0 ) 20 7779 8006 . the september issue of reactions is packed full
> of news , views and figures :
>
> * cover report : the future for reinsurance : ignoring uncertainty and
> danger
> http : / / www . reactionsnet . com / viewstory . asp ? id = 799
> * cover report : are ratings agencies responsible for excess capital ?
> http : / / www . reactionsnet . com / viewstory . asp ? id = 800
> * cover report : why not give the capital back ?
> http : / / www . reactionsnet . com / viewstory . asp ? id = 801
> * cover report : m & a shakeout likely
> http : / / www . reactionsnet . com / viewstory . asp ? id = 802
> * cover report : what the future industry will look like - the new
> face of risk transfer
> http : / / www . reactionsnet . com / viewstory . asp ? id = 803
>
>
> les rendez - vous de septembre ~ monte carlo 2000
> the 44 th international meeting of insurers , reinsurers , brokers and
> reinsurance consultants starts on september 3 rd , and you will be able to
> keep right up to date with all the news by logging - on to the official
> monte carlo website : http : / / www . rvs - monte - carlo . com .
>
> in association with guy carpenter [ http : / / www . guycarp . com ] ,
> reactions will publish the rendez - vous reporter daily . it will be
> available to read on - line should you not be able to attend in person -
> simply go to the section headed "" newsletter "" to access these daily
> updates . you can also read last year ' s archived reporters here .
>
> look out for our daily email news alerts , sent directly from monte
> carlo next week !
>
>
> other stories
>
> * profile : munich re - giant steps forward
> munich re has kept as silent as a statue for many
> years - even when confronted with the most innocent enquiries about its
> strategy . but now the statue has come to life and is willing to talk about
> how it maintains its position as the world ' s most powerful reinsurer .
> simon challis went to munich to hear about it .
> http : / / www . reactionsnet . com / viewstory . asp ? id = 804
>
> * financial risks : the path to new risks
> insurance companies and banks were once two separate and
> distinct marketplaces . but now the dividing lines between the two are more
> blurred than ever . this is creating new opportunities for both , but also a
> fresh set of problems and challenges to be overcome .
> http : / / www . reactionsnet . com / viewstory . asp ? id = 805
> * tax havens : financial paradise under threat
> offshore domiciles and tax havens have created important
> niches within insurance and finance and have become centres of excellence
> for many industries . but the sun may soon disappear for these
> jurisdictions as they come under pressure to change .
> http : / / www . reactionsnet . com / viewstory . asp ? id = 806
> for a free trial to the leading authority on international
> fund management , global investor magazine , please go to
> http : / / www . . com / admin / registernow . asp , to see the
> home page go to http : / / www . . com .
>
> * e - commerce : electronic re hits the screens
> in a rapidly changing world , one thing at least has become
> abundantly clear . insurers and reinsurers who fail to rise to the
> challenges of internet technology will fall by the wayside .
> http : / / www . reactionsnet . com / viewstory . asp ? id = 809
> for specialist information on the internet economy visit our
> sister publication evantage at http : / / www . evantagenow . com .
>
> * european insurance : all change in a unified market
> the eu ' s non - life insurance markets are undergoing rapid
> transformation , driven by the deregulation of the markets and advances in
> information technology . http : / / www . reactionsnet . com / viewstory . asp ? id = 812
>
>
> plus
> * latin american insurance by susan drury
> this brand new report analyses the growth and opportunities
> for companies , products and alliances in the market . susan drury
> forecasts the shape and direction of the latin american industry over the
> next ten years .
> https : / / ecommerce . waterside . net / reactions / la _ insurance . asp
>
> * @ risk : internet and ecommerce insurance and reinsurance legal issues
> this guide is a vital point of reference for anyone involved
> in the covering of internet related liabilities . for a reduced price of
> 150 pounds you can ensure that you have the best information on risk
> associated e - commerce insurance at your disposal .
> https : / / ecommerce . waterside . net / reactions / risk . asp
>
> * ensurance
> without a clear e - commerce strategy you are seriously
> jeopardising the future competitiveness of your company . reactions
> publishing group has produced the report to answer all your questions on
> this new and expanding market .
> https : / / ecommerce . waterside . net / reactions / ensurance . asp
>
> * reinsurance fourth edition by professor rl carter
> the fully updated edition of the best selling guide to the
> reinsurance market . a must read book for every executive and consultant
> involved in the rapidly evolving reinsurance industry .
> https : / / ecommerce . waterside . net / reactions / reins _ fourth . asp
>
> * euromoney plc provides a uniquely focussed on - line book and
> information service for all financial markets professionals . to find the
> best , most up - to - date selection of books and journals specifically for
> your sector please go to http : / / www . euromoneyplc . com ( registration is
> free ) or call us on + 44 ( 0 ) 20 7779 8673 .
>
>
> http : / / www . reactionsnet . com
>
>
> to advertise or link your company website to this industry
> circular please contact andreas silberman
> tel : + 44 ( 0 ) 20 7779 8186 or e - mail
> mailto : asilberman @ euromoneyplc . com
>
> if you have any problems logging onto or using
> www . reactionsnet . com please call our dedicated help desk
> + 44 ( 0 ) 20 7779 8006 or email
> mailto : web - help @ euromoneyplc . com",ham,2000-09-01,"reactions september is now live on - line > reactions
> the latest edition of the financial magazine for the global insurance
> market is now live at http : / / www . reactionsnet . com
>
> the world ' s leading insurance and reinsurance magazine . simply hit
> the links at the bottom of each item to see the full article . you can
> call or email us for help at any time on mailto : web - help @ euromoneyplc . com
> or + 44 ( 0 ) 20 7779 8006 . the september issue of reactions is packed full
> of news , views and figures :
>
> * cover report : the future for reinsurance : ignoring uncertainty and
> danger
> http : / / www . reactionsnet . com / viewstory . asp ? id = 799
> * cover report : are ratings agencies responsible for excess capital ?
> http : / / www . reactionsnet . com / viewstory . asp ? id = 800
> * cover report : why not give the capital back ?
> http : / / www . reactionsnet . com / viewstory . asp ? id = 801
> * cover report : m & a shakeout likely
> http : / / www . reactionsnet . com / viewstory . asp ? id = 802
> * cover report : what the future industry will look like - the new
> face of risk transfer
> http : / / www . reactionsnet . com / viewstory . asp ? id = 803
>
>
> les rendez - vous de septembre ~ monte carlo 2000
> the 44 th international meeting of insurers , reinsurers , brokers and
> reinsurance consultants starts on september 3 rd , and you will be able to
> keep right up to date with all the news by logging - on to the official
> monte carlo website : http : / / www . rvs - monte - carlo . com .
>
> in association with guy carpenter [ http : / / www . guycarp . com ] ,
> reactions will publish the rendez - vous reporter daily . it will be
> available to read on - line should you not be able to attend in person -
> simply go to the section headed "" newsletter "" to access these daily
> updates . you can also read last year ' s archived reporters here .
>
> look out for our daily email news alerts , sent directly from monte
> carlo next week !
>
>
> other stories
>
> * profile : munich re - giant steps forward
> munich re has kept as silent as a statue for many
> years - even when confronted with the most innocent enquiries about its
> strategy . but now the statue has come to life and is willing to talk about
> how it maintains its position as the world ' s most powerful reinsurer .
> simon challis went to munich to hear about it .
> http : / / www . reactionsnet . com / viewstory . asp ? id = 804
>
> * financial risks : the path to new risks
> insurance companies and banks were once two separate and
> distinct marketplaces . but now the dividing lines between the two are more
> blurred than ever . this is creating new opportunities for both , but also a
> fresh set of problems and challenges to be overcome .
> http : / / www . reactionsnet . com / viewstory . asp ? id = 805
> * tax havens : financial paradise under threat
> offshore domiciles and tax havens have created important
> niches within insurance and finance and have become centres of excellence
> for many industries . but the sun may soon disappear for these
> jurisdictions as they come under pressure to change .
> http : / / www . reactionsnet . com / viewstory . asp ? id = 806
> for a free trial to the leading authority on international
> fund management , global investor magazine , please go to
> http : / / www . . com / admin / registernow . asp , to see the
> home page go to http : / / www . . com .
>
> * e - commerce : electronic re hits the screens
> in a rapidly changing world , one thing at least has become
> abundantly clear . insurers and reinsurers who fail to rise to the
> challenges of internet technology will fall by the wayside .
> http : / / www . reactionsnet . com / viewstory . asp ? id = 809
> for specialist information on the internet economy visit our
> sister publication evantage at http : / / www . evantagenow . com .
>
> * european insurance : all change in a unified market
> the eu ' s non - life insurance markets are undergoing rapid
> transformation , driven by the deregulation of the markets and advances in
> information technology . http : / / www . reactionsnet . com / viewstory . asp ? id = 812
>
>
> plus
> * latin american insurance by susan drury
> this brand new report analyses the growth and opportunities
> for companies , products and alliances in the market . susan drury
> forecasts the shape and direction of the latin american industry over the
> next ten years .
> https : / / ecommerce . waterside . net / reactions / la _ insurance . asp
>
> * @ risk : internet and ecommerce insurance and reinsurance legal issues
> this guide is a vital point of reference for anyone involved
> in the covering of internet related liabilities . for a reduced price of
> 150 pounds you can ensure that you have the best information on risk
> associated e - commerce insurance at your disposal .
> https : / / ecommerce . waterside . net / reactions / risk . asp
>
> * ensurance
> without a clear e - commerce strategy you are seriously
> jeopardising the future competitiveness of your company . reactions
> publishing group has produced the report to answer all your questions on
> this new and expanding market .
> https : / / ecommerce . waterside . net / reactions / ensurance . asp
>
> * reinsurance fourth edition by professor rl carter
> the fully updated edition of the best selling guide to the
> reinsurance market . a must read book for every executive and consultant
> involved in the rapidly evolving reinsurance industry .
> https : / / ecommerce . waterside . net / reactions / reins _ fourth . asp
>
> * euromoney plc provides a uniquely focussed on - line book and
> information service for all financial markets professionals . to find the
> best , most up - to - date selection of books and journals specifically for
> your sector please go to http : / / www . euromoneyplc . com ( registration is
> free ) or call us on + 44 ( 0 ) 20 7779 8673 .
>
>
> http : / / www . reactionsnet . com
>
>
> to advertise or link your company website to this industry
> circular please contact andreas silberman
> tel : + 44 ( 0 ) 20 7779 8186 or e - mail
> mailto : asilberman @ euromoneyplc . com
>
> if you have any problems logging onto or using
> www . reactionsnet . com please call our dedicated help desk
> + 44 ( 0 ) 20 7779 8006 or email
> mailto : web - help @ euromoneyplc . com",0,reactions september is now live on line reactions the latest edition of the financial magazine for the global insurance market is now live at http www reactionsnet com the world s leading insurance and reinsurance magazine simply hit the links at the bottom of each item to see the full article you can call or email us for help at any time on mailto web help euromoneyplc com or the september issue of reactions is packed full of news views and figures cover report the future for reinsurance ignoring uncertainty and danger http www reactionsnet com viewstory asp ? id cover report are ratings agencies responsible for excess capital ? http www reactionsnet com viewstory asp ? id cover report why not give the capital back ? http www reactionsnet com viewstory asp ? id cover report m a shakeout likely http www reactionsnet com viewstory asp ? id cover report what the future industry will look like the new face of risk transfer http www reactionsnet com viewstory asp ? id les rendez vous de septembre monte carlo the th international meeting of insurers reinsurers brokers and reinsurance consultants starts on september rd and you will be able to keep right up to date with all the news by logging on to the official monte carlo website http www rvs monte carlo com in association with guy carpenter http www guycarp com reactions will publish the rendez vous reporter daily it will be available to read on line should you not be able to attend in person simply go to the section headed newsletter to access these daily updates you can also read last year s archived reporters here look out for our daily email news alerts sent directly from monte carlo next week ! other stories profile munich re giant steps forward munich re has kept as silent as a statue for many years even when confronted with the most innocent enquiries about its strategy but now the statue has come to life and is willing to talk about how it maintains its position as the world s most powerful reinsurer simon challis went to munich to hear about it http www reactionsnet com viewstory asp ? id financial risks the path to new risks insurance companies and banks were once two separate and distinct marketplaces but now the dividing lines between the two are more blurred than ever this is creating new opportunities for both but also a fresh set of problems and challenges to be overcome http www reactionsnet com viewstory asp ? id tax havens financial paradise under threat offshore domiciles and tax havens have created important niches within insurance and finance and have become centres of excellence for many industries but the sun may soon disappear for these jurisdictions as they come under pressure to change http www reactionsnet com viewstory asp ? id for a free trial to the leading authority on international fund management global investor magazine please go to http www com admin registernow asp to see the home page go to http www com e commerce electronic re hits the screens in a rapidly changing world one thing at least has become abundantly clear insurers and reinsurers who fail to rise to the challenges of internet technology will fall by the wayside http www reactionsnet com viewstory asp ? id for specialist information on the internet economy visit our sister publication evantage at http www evantagenow com european insurance all change in a unified market the eu s non life insurance markets are undergoing rapid transformation driven by the deregulation of the markets and advances in information technology http www reactionsnet com viewstory asp ? id plus latin american insurance by susan drury this brand new report analyses the growth and opportunities for companies products and alliances in the market susan drury forecasts the shape and direction of the latin american industry over the next ten years URL ecommerce waterside net reactions la insurance asp risk internet and ecommerce insurance and reinsurance legal issues this guide is a vital point of reference for anyone involved in the covering of internet related liabilities for a reduced price of pounds you can ensure that you have the best information on risk associated e commerce insurance at your disposal URL ecommerce waterside net reactions risk asp ensurance without a clear e commerce strategy you are seriously jeopardising the future competitiveness of your company reactions publishing group has produced the report to answer all your questions on this new and expanding market URL ecommerce waterside net reactions ensurance asp reinsurance fourth edition by professor rl carter the fully updated edition of the best selling guide to the reinsurance market a must read book for every executive and consultant involved in the rapidly evolving reinsurance industry URL ecommerce waterside net reactions reins fourth asp euromoney plc provides a uniquely focussed on line book and information service for all financial markets professionals to find the best most up to date selection of books and journals specifically for your sector please go to http www euromoneyplc com registration is free or call us on http www reactionsnet com to advertise or link your company website to this industry circular please contact andreas silberman tel or e mail mailto asilberman euromoneyplc com if you have any problems logging onto or using www reactionsnet com please call our dedicated help desk or email mailto web help euromoneyplc com,"['reaction', 'september', 'now', 'live', 'line', 'reaction', 'latest', 'edi', 'financial', 'magazine', 'global', 'insurance', 'market', 'now', 'live', 'http', 'www', 'reactionsnet', 'com', 'world', 'lead', 'insurance', 'reinsurance', 'magazine', 'simply', 'hit', 'link', 'bottom', 'item', 'see', 'full', 'article', 'can', 'call', 'help', 'time', 'mailto', 'web', 'help', 'euromoneyplc', 'com', 'september', 'issue', 'reaction', 'pack', 'full', 'new', 'view', 'figure', 'cover', 'report', 'future', 'reinsurance', 'ignor', 'uncertainty', 'danger', 'http', 'www', 'reactionsnet', 'com', 'viewstory', 'asp', 'cover', 'report', 'rating', 'agencie', 'responsible', 'exces', 'capital', 'http', 'www', 'reactionsnet', 'com', 'viewstory', 'asp', 'cover', 'report', 'not', 'give', 'capital', 'back', 'http', 'www', 'reactionsnet', 'com', 'viewstory', 'asp', 'cover', 'report', 'shakeout', 'likely', 'http', 'www', 'reactionsnet', 'com', 'viewstory', 'asp', 'cover', 'report', 'future', 'industry', 'will', 'look', 'like', 'new', 'face', 'risk', 'transfer', 'http', 'www', 'reactionsnet', 'com', 'viewstory', 'asp', 'les', 'rendez', 'vou', 'septembre', 'monte', 'carlo', 'international', 'meet', 'insurer', 'reinsurer', 'broker', 'reinsurance', 'consultant', 'start', 'september', 'will', 'able', 'keep', 'right', 'new', 'logg', 'official', 'monte', 'carlo', 'website', 'http', 'www', 'rvs', 'monte', 'carlo', 'com', 'associa', 'guy', 'carpenter', 'http', 'www', 'guycarp', 'com', 'reaction', 'will', 'publish', 'rendez', 'vou', 'reporter', 'daily', 'will', 'available', 'read', 'line', 'not', 'able', 'attend', 'person', 'simply', 'sec', 'head', 'newsletter', 'acces', 'daily', 'update', 'can', 'also', 'read', 'last', 'year', 'archiv', 'reporter', 'look', 'daily', 'new', 'alert', 'directly', 'monte', 'carlo', 'next', 'week', 'storie', 'profile', 'munich', 'giant', 'step', 'forward', 'munich', 'kept', 'silent', 'statue', 'many', 'year', 'even', 'confront', 'innocent', 'enquirie', 'strategy', 'now', 'statue', 'come', 'life', 'will', 'talk', 'maintain', 'posi', 'world', 'powerful', 'reinsurer', 'simon', 'challi', 'went', 'munich', 'hear', 'http', 'www', 'reactionsnet', 'com', 'viewstory', 'asp', 'financial', 'risk', 'path', 'new', 'risk', 'insurance', 'companie', 'bank', 'two', 'separate', 'distinct', 'marketplace', 'now', 'divid', 'line', 'two', 'blurr', 'ever', 'creat', 'new', 'opportunitie', 'also', 'fresh', 'set', 'problem', 'challenge', 'overcome', 'http', 'www', 'reactionsnet', 'com', 'viewstory', 'asp', 'tax', 'haven', 'financial', 'paradise', 'threat', 'offshore', 'domicile', 'tax', 'haven', 'creat', 'important', 'niche', 'within', 'insurance', 'finance', 'become', 'centre', 'excellence', 'many', 'industrie', 'sun', 'may', 'soon', 'disappear', 'jurisdiction', 'come', 'pressure', 'change', 'http', 'www', 'reactionsnet', 'com', 'viewstory', 'asp', 'free', 'trial', 'lead', 'authority', 'international', 'fund', 'management', 'global', 'investor', 'magazine', 'http', 'www', 'com', 'admin', 'registernow', 'asp', 'see', 'home', 'page', 'http', 'www', 'com', 'commerce', 'electronic', 'hit', 'screen', 'rapidly', 'chang', 'world', 'one', 'th', 'least', 'become', 'abundantly', 'clear', 'insurer', 'reinsurer', 'fail', 'rise', 'challenge', 'internet', 'technology', 'will', 'fall', 'wayside', 'http', 'www', 'reactionsnet', 'com', 'viewstory', 'asp', 'specialist', 'informa', 'internet', 'economy', 'visit', 'sister', 'publica', 'evantage', 'http', 'www', 'evantagenow', 'com', 'european', 'insurance', 'change', 'unifi', 'market', 'non', 'life', 'insurance', 'market', 'undergo', 'rapid', 'transforma', 'driven', 'deregula', 'market', 'advance', 'informa', 'technology', 'http', 'www', 'reactionsnet', 'com', 'viewstory', 'asp', 'plu', 'latin', 'american', 'insurance', 'susan', 'drury', 'brand', 'new', 'report', 'analyse', 'growth', 'opportunitie', 'companie', 'product', 'alliance', 'market', 'susan', 'drury', 'forecast', 'shape', 'direc', 'latin', 'american', 'industry', 'next', 'ten', 'year', 'URL', 'ecommerce', 'waterside', 'net', 'reaction', 'insurance', 'asp', 'risk', 'internet', 'ecommerce', 'insurance', 'reinsurance', 'legal', 'issue', 'guide', 'vital', 'point', 'reference', 'anyone', 'involv', 'cover', 'internet', 'relat', 'liabilitie', 'reduc', 'price', 'pound', 'can', 'ensure', 'best', 'informa', 'risk', 'associat', 'commerce', 'insurance', 'disposal', 'URL', 'ecommerce', 'waterside', 'net', 'reaction', 'risk', 'asp', 'ensurance', 'without', 'clear', 'commerce', 'strategy', 'seriously', 'jeopardis', 'future', 'competitivenes', 'company', 'reaction', 'publish', 'group', 'produc', 'report', 'answer', 'question', 'new', 'expand', 'market', 'URL', 'ecommerce', 'waterside', 'net', 'reaction', 'ensurance', 'asp', 'reinsurance', 'fourth', 'edi', 'professor', 'carter', 'fully', 'updat', 'edi', 'best', 'sell', 'guide', 'reinsurance', 'market', 'must', 'read', 'book', 'every', 'executive', 'consultant', 'involv', 'rapidly', 'evolv', 'reinsurance', 'industry', 'URL', 'ecommerce', 'waterside', 'net', 'reaction', 'rein', 'fourth', 'asp', 'euromoney', 'plc', 'provide', 'uniquely', 'focuss', 'line', 'book', 'informa', 'service', 'financial', 'market', 'professional', 'find', 'best', 'selec', 'book', 'journal', 'specifically', 'sector', 'http', 'www', 'euromoneyplc', 'com', 'registra', 'free', 'call', 'http', 'www', 'reactionsnet', 'com', 'advertise', 'link', 'company', 'website', 'industry', 'circular', 'contact', 'andrea', 'silberman', 'tel', 'mailto', 'asilberman', 'euromoneyplc', 'com', 'problem', 'logg', 'onto', 'us', 'www', 'reactionsnet', 'com', 'call', 'dedicat', 'help', 'desk', 'mailto', 'web', 'help', 'euromoneyplc', 'com']",reaction september now live line reaction latest edi financial magazine global insurance market now live http www reactionsnet com world lead insurance reinsurance magazine simply hit link bottom item see full article can call help time mailto web help euromoneyplc com september issue reaction pack full new view figure cover report future reinsurance ignor uncertainty danger http www reactionsnet com viewstory asp cover report rating agencie responsible exces capital http www reactionsnet com viewstory asp cover report not give capital back http www reactionsnet com viewstory asp cover report shakeout likely http www reactionsnet com viewstory asp cover report future industry will look like new face risk transfer http www reactionsnet com viewstory asp les rendez vou septembre monte carlo international meet insurer reinsurer broker reinsurance consultant start september will able keep right new logg official monte carlo website http www rvs monte carlo com associa guy carpenter http www guycarp com reaction will publish rendez vou reporter daily will available read line not able attend person simply sec head newsletter acces daily update can also read last year archiv reporter look daily new alert directly monte carlo next week storie profile munich giant step forward munich kept silent statue many year even confront innocent enquirie strategy now statue come life will talk maintain posi world powerful reinsurer simon challi went munich hear http www reactionsnet com viewstory asp financial risk path new risk insurance companie bank two separate distinct marketplace now divid line two blurr ever creat new opportunitie also fresh set problem challenge overcome http www reactionsnet com viewstory asp tax haven financial paradise threat offshore domicile tax haven creat important niche within insurance finance become centre excellence many industrie sun may soon disappear jurisdiction come pressure change http www reactionsnet com viewstory asp free trial lead authority international fund management global investor magazine http www com admin registernow asp see home page http www com commerce electronic hit screen rapidly chang world one th least become abundantly clear insurer reinsurer fail rise challenge internet technology will fall wayside http www reactionsnet com viewstory asp specialist informa internet economy visit sister publica evantage http www evantagenow com european insurance change unifi market non life insurance market undergo rapid transforma driven deregula market advance informa technology http www reactionsnet com viewstory asp plu latin american insurance susan drury brand new report analyse growth opportunitie companie product alliance market susan drury forecast shape direc latin american industry next ten year URL ecommerce waterside net reaction insurance asp risk internet ecommerce insurance reinsurance legal issue guide vital point reference anyone involv cover internet relat liabilitie reduc price pound can ensure best informa risk associat commerce insurance disposal URL ecommerce waterside net reaction risk asp ensurance without clear commerce strategy seriously jeopardis future competitivenes company reaction publish group produc report answer question new expand market URL ecommerce waterside net reaction ensurance asp reinsurance fourth edi professor carter fully updat edi best sell guide reinsurance market must read book every executive consultant involv rapidly evolv reinsurance industry URL ecommerce waterside net reaction rein fourth asp euromoney plc provide uniquely focuss line book informa service financial market professional find best selec book journal specifically sector http www euromoneyplc com registra free call http www reactionsnet com advertise link company website industry circular contact andrea silberman tel mailto asilberman euromoneyplc com problem logg onto us www reactionsnet com call dedicat help desk mailto web help euromoneyplc com,5428,572,295,0.002210759027266,0.0,1,12,14,7,0.0244755244755244,7,5.93006993006993,4,0,0,1,0.5745760903134915,0,False
1343,alternate contact for eastrans nominations for 8 / 8 / 00,"in my absence , bruce mcmills will be the commercial defs contact for tuesday ,
august 8 th .",ham,2000-08-07,"alternate contact for eastrans nominations for 8 / 8 / 00 in my absence , bruce mcmills will be the commercial defs contact for tuesday ,
august 8 th .",0,alternate contact for eastrans nominations for in my absence bruce mcmills will be the commercial defs contact for tuesday august th,"['alternate', 'contact', 'eastran', 'nomination', 'absence', 'bruce', 'mcmill', 'will', 'commercial', 'def', 'contact', 'tuesday', 'august']",alternate contact eastran nomination absence bruce mcmill will commercial def contact tuesday august,132,13,12,0.0,0.0,0,0,0,0,0.0,0,6.769230769230769,0,0,0,1,0.5704500947350625,0,False
14645,maple leaf attendees,"below is a list of maple leaf ' s due diligence team
joe hegener - - ceo , td securities ( usa ) inc .
mark healy - - cfo , td securities ( usa ) inc .
tony solomon - - managing director , corporate development
george laub - - managing director & group head , mergers & acquisitions
raj syal - - managing director , human resources
julian bott - - managing director & group head , select industries
anthony hull - - managing director , derivatives
ross macdonald - - vp & director , global technology
mari",ham,2002-01-08,"maple leaf attendees below is a list of maple leaf ' s due diligence team
joe hegener - - ceo , td securities ( usa ) inc .
mark healy - - cfo , td securities ( usa ) inc .
tony solomon - - managing director , corporate development
george laub - - managing director & group head , mergers & acquisitions
raj syal - - managing director , human resources
julian bott - - managing director & group head , select industries
anthony hull - - managing director , derivatives
ross macdonald - - vp & director , global technology
mari",0,maple leaf attendees below is a list of maple leaf s due diligence team joe hegener ceo td securities usa inc mark healy cfo td securities usa inc tony solomon managing director corporate development george laub managing director group head mergers acquisitions raj syal managing director human resources julian bott managing director group head select industries anthony hull managing director derivatives ross macdonald vp director global technology mari,"['maple', 'leaf', 'attendee', 'list', 'maple', 'leaf', 'due', 'diligence', 'team', 'joe', 'hegener', 'ceo', 'securitie', 'usa', 'inc', 'mark', 'healy', 'cfo', 'securitie', 'usa', 'inc', 'tony', 'solomon', 'manag', 'director', 'corporate', 'development', 'george', 'laub', 'manag', 'director', 'group', 'head', 'merger', 'acquisition', 'raj', 'syal', 'manag', 'director', 'human', 'resource', 'julian', 'bott', 'manag', 'director', 'group', 'head', 'select', 'industrie', 'anthony', 'hull', 'manag', 'director', 'derivative', 'ros', 'macdonald', 'director', 'global', 'technology', 'mari']",maple leaf attendee list maple leaf due diligence team joe hegener ceo securitie usa inc mark healy cfo securitie usa inc tony solomon manag director corporate development george laub manag director group head merger acquisition raj syal manag director human resource julian bott manag director group head select industrie anthony hull manag director derivative ros macdonald director global technology mari,456,60,44,0.0,0.0,0,0,0,0,0.0,0,5.8,0,0,0,1,0.5367977727683763,0,False
23383,real estate accountant,"hey guys - can you help please ?
i need an good accountant to help set - up and run a ' real estate &
co - location ' book for ebs . full time - senior specialist level .
i ' ve tried the ' market ' - but it ' s thin . can you help ? can you assign be
somebody from corp or someplace else for the rest of the year ?
thanks .
barry .",ham,2000-10-11,"real estate accountant hey guys - can you help please ?
i need an good accountant to help set - up and run a ' real estate &
co - location ' book for ebs . full time - senior specialist level .
i ' ve tried the ' market ' - but it ' s thin . can you help ? can you assign be
somebody from corp or someplace else for the rest of the year ?
thanks .
barry .",0,real estate accountant hey guys can you help please ? i need an good accountant to help set up and run a real estate co location book for ebs full time senior specialist level i ve tried the market but it s thin can you help ? can you assign be somebody from corp or someplace else for the rest of the year ? thanks barry,"['real', 'estate', 'accountant', 'guy', 'can', 'help', 'ne', 'good', 'accountant', 'help', 'set', 'run', 'real', 'estate', 'loca', 'book', 'ebs', 'full', 'time', 'senior', 'specialist', 'level', 'tri', 'market', 'thin', 'can', 'help', 'can', 'assign', 'somebody', 'corp', 'someplace', 'else', 'rest', 'year', 'barry']",real estate accountant guy can help ne good accountant help set run real estate loca book ebs full time senior specialist level tri market thin can help can assign somebody corp someplace else rest year barry,321,36,29,0.0,0.0,0,3,0,0,0.0,0,4.805555555555555,0,0,0,1,0.5742977242675021,0,False
2472,neon discussion january 31,"here is an idea for this week . ? brad will hopefully be providing the
material starting next week ( experiencing god is his plan ) .
?
bobby
- acceptance . doc",ham,2001-01-26,"neon discussion january 31 here is an idea for this week . ? brad will hopefully be providing the
material starting next week ( experiencing god is his plan ) .
?
bobby
- acceptance . doc",0,neon discussion january here is an idea for this week ? brad will hopefully be providing the material starting next week experiencing god is his plan ? bobby acceptance doc,"['neon', 'discussion', 'january', 'idea', 'week', 'brad', 'will', 'hopefully', 'provid', 'material', 'start', 'next', 'week', 'experienc', 'god', 'plan', 'bobby', 'acceptance', 'doc']",neon discussion january idea week brad will hopefully provid material start next week experienc god plan bobby acceptance doc,172,19,18,0.0,0.0,0,2,0,0,0.0,0,5.631578947368421,0,0,0,1,0.52942272221112,0,False
1342,bridge errors,keep an eye on the bridge - these are still erroring out .,ham,2000-08-07,bridge errors keep an eye on the bridge - these are still erroring out .,0,bridge errors keep an eye on the bridge these are still erroring out,"['bridge', 'error', 'keep', 'eye', 'bridge', 'still', 'error']",bridge error keep eye bridge still error,68,7,5,0.0,0.0,0,0,0,0,0.0,0,4.857142857142857,0,0,0,1,0.6824818716570588,0,False
1521,out of the office,"i will be out of the office tuesday , 9 / 5 th . in my absence please contact
mark mccoy at extension 3 - 3396 .",ham,2000-09-01,"out of the office i will be out of the office tuesday , 9 / 5 th . in my absence please contact
mark mccoy at extension 3 - 3396 .",0,out of the office i will be out of the office tuesday th in my absence please contact mark mccoy at extension,"['office', 'will', 'office', 'tuesday', 'absence', 'contact', 'mark', 'mccoy', 'extension']",office will office tuesday absence contact mark mccoy extension,109,9,8,0.0,0.0,0,0,0,0,0.0,0,6.111111111111111,0,0,0,1,0.5485053332837386,0,False
14257,latest commercial info,"- - - - - original message - - - - -
from : fitzpatrick , amy
sent : tuesday , december 04 , 2001 6 : 32 pm
to : killen , faith
cc : clyatt , julie
subject :
highlights are titles i am unsure of or people i could not find . thanks .",ham,2001-12-04,"latest commercial info - - - - - original message - - - - -
from : fitzpatrick , amy
sent : tuesday , december 04 , 2001 6 : 32 pm
to : killen , faith
cc : clyatt , julie
subject :
highlights are titles i am unsure of or people i could not find . thanks .",0,latest commercial info original message from fitzpatrick amy sent tuesday december pm to killen faith cc clyatt julie subject highlights are titles i am unsure of or people i could not find thanks,"['latest', 'commercial', 'info', 'original', 'fitzpatrick', 'amy', 'tuesday', 'december', 'killen', 'faith', 'clyatt', 'julie', 'highlight', 'title', 'unsure', 'people', 'not', 'find']",latest commercial info original fitzpatrick amy tuesday december killen faith clyatt julie highlight title unsure people not find,196,18,18,0.0,0.0,0,0,0,0,0.0,0,6.222222222222222,0,0,0,1,0.5496608103503329,0,False
12819,revised 2002 plan for public relations,"here is the revised plan .
eric",ham,2001-09-13,"revised 2002 plan for public relations here is the revised plan .
eric",0,revised plan for public relations here is the revised plan eric,"['revis', 'plan', 'public', 'relation', 'revis', 'plan', 'eric']",revis plan public relation revis plan eric,63,7,5,0.0,0.0,0,0,0,0,0.0,0,5.142857142857143,0,0,0,1,0.641243480097599,0,False
13528,trade count for 10 / 25 / 01 as of 3 . 35 p . m .,"hi louise ,
here is the information you were looking for :
no of external transactions today = 8368
no of external users transacting today = 1376
savita",ham,2001-10-25,"trade count for 10 / 25 / 01 as of 3 . 35 p . m . hi louise ,
here is the information you were looking for :
no of external transactions today = 8368
no of external users transacting today = 1376
savita",0,trade count for as of p m hi louise here is the information you were looking for no of external transactions today no of external users transacting today savita,"['trade', 'count', 'louise', 'informa', 'look', 'external', 'transaction', 'today', 'external', 'user', 'transact', 'today', 'savita']",trade count louise informa look external transaction today external user transact today savita,160,13,11,0.0,0.0,0,0,0,0,0.0,0,6.307692307692308,0,0,0,1,0.5470184338383945,0,False
11938,analyst & associate summer picnic,"attached is an invitation to the summer picnic this saturday , june 23 from 4 : 00 - 9 : 00 pm at the regal ranch . many of you may have already received this , but i wanted to extend my personal invitation to you . this is a really fun activity , and has traditionally been one of the best opportunities to visit with our program participants on an informal basis . this is a family outing with lots of activities for the kids , and you can come and go as you please .
please make an effort to attend on saturday , even if you can only join us for a little while . feel free to pass this invitation on to other executives in your business unit . the analysts and associates tell us that this type of exposure to our business leaders helps drive excitement and enthusiasm within the program . your support of events like this is incredibly valuable , and appreciated .
if you can join us , please rsvp to jackie coleman by email , or at extension x 54070 .
thank you ,
billy",ham,2001-06-20,"analyst & associate summer picnic attached is an invitation to the summer picnic this saturday , june 23 from 4 : 00 - 9 : 00 pm at the regal ranch . many of you may have already received this , but i wanted to extend my personal invitation to you . this is a really fun activity , and has traditionally been one of the best opportunities to visit with our program participants on an informal basis . this is a family outing with lots of activities for the kids , and you can come and go as you please .
please make an effort to attend on saturday , even if you can only join us for a little while . feel free to pass this invitation on to other executives in your business unit . the analysts and associates tell us that this type of exposure to our business leaders helps drive excitement and enthusiasm within the program . your support of events like this is incredibly valuable , and appreciated .
if you can join us , please rsvp to jackie coleman by email , or at extension x 54070 .
thank you ,
billy",0,analyst associate summer picnic attached is an invitation to the summer picnic this saturday june from pm at the regal ranch many of you may have already received this but i wanted to extend my personal invitation to you this is a really fun activity and has traditionally been one of the best opportunities to visit with our program participants on an informal basis this is a family outing with lots of activities for the kids and you can come and go as you please please make an effort to attend on saturday even if you can only join us for a little while feel free to pass this invitation on to other executives in your business unit the analysts and associates tell us that this type of exposure to our business leaders helps drive excitement and enthusiasm within the program your support of events like this is incredibly valuable and appreciated if you can join us please rsvp to jackie coleman by email or at extension x thank you billy,"['analyst', 'associate', 'summer', 'picnic', 'attach', 'invita', 'summer', 'picnic', 'saturday', 'june', 'regal', 'ranch', 'many', 'may', 'already', 'want', 'extend', 'personal', 'invita', 'really', 'fun', 'activity', 'traditionally', 'one', 'best', 'opportunitie', 'visit', 'program', 'participant', 'informal', 'basi', 'family', 'out', 'lot', 'activitie', 'kid', 'can', 'come', 'make', 'effort', 'attend', 'saturday', 'even', 'can', 'join', 'little', 'feel', 'free', 'pas', 'invita', 'executive', 'busines', 'unit', 'analyst', 'associate', 'tell', 'type', 'exposure', 'busines', 'leader', 'help', 'drive', 'excitement', 'enthusiasm', 'within', 'program', 'support', 'event', 'like', 'incredibly', 'valuable', 'appreciat', 'can', 'join', 'rsvp', 'jackie', 'coleman', 'extension', 'billy']",analyst associate summer picnic attach invita summer picnic saturday june regal ranch many may already want extend personal invita really fun activity traditionally one best opportunitie visit program participant informal basi family out lot activitie kid can come make effort attend saturday even can join little feel free pas invita executive busines unit analyst associate tell type exposure busines leader help drive excitement enthusiasm within program support event like incredibly valuable appreciat can join rsvp jackie coleman extension billy,945,79,67,0.0,0.0,0,0,1,0,0.0126582278481012,1,5.987341772151899,0,0,0,1,0.514524255774438,0,False
249,fw : whose needs ? ? ? ? ? ? ? ?,"> perfect ! ! ! ! ! ! ! ! !
>
> * * proprietary * *
>
> a husband and wife are getting all snugly
> > > in bed . the passion is heating up . but then the wife stops and says
> "" i
> > > don ' t feel like it , i just want you to hold me . "" the husband says
> > > "" what ? ? "" the wife explains that he must not be in tune with her
> > emotional
> > > needs as a woman . the husband realizes that nothing is going to
> > happen
> > > tonight and he might as well deal with it .
> > >
> > > so the next day the husband takes her shopping at a big
> department
> > > store . he walks around and has her try on three very expensive
> > outfits .
> > > she can ' t decide . he tells his wife to take all three of them .
> then
> > > they go over and get matching shoes worth $ 100 each .
> > > and then they go to the jewelry dept . where she gets a set of
> > diamond
> > > ear rings . the wife is so excited . she thinks her husband has
> flipped
> > > out - but she does not care .
> > > she goes for the tennis bracelet . the husband says "" but you don ' t
> > even
> > > play tennis , but ok if you like it then let ' s get it . "" the wife is
> > > jumping up and down so excited she cannot even believe what is
> going
> > on .
> > > she says "" i am ready to go , lets go to the cash register . ""
> > > the husband stops and says , "" no , honey i don ' t feel like buying
> all
> > > this stuff now ""
> > > the wife ' s face goes blank . he says "" honey - i just want you to hold
> > > this stuff for a while . "" the look on her face is indescribable and
> she
> > > is about to explode and the husband says ,
> > >
> > > "" you must not be in tune with my financial needs as a man . ""
> > >
> >
>
>",ham,2000-02-04,"fw : whose needs ? ? ? ? ? ? ? ? > perfect ! ! ! ! ! ! ! ! !
>
> * * proprietary * *
>
> a husband and wife are getting all snugly
> > > in bed . the passion is heating up . but then the wife stops and says
> "" i
> > > don ' t feel like it , i just want you to hold me . "" the husband says
> > > "" what ? ? "" the wife explains that he must not be in tune with her
> > emotional
> > > needs as a woman . the husband realizes that nothing is going to
> > happen
> > > tonight and he might as well deal with it .
> > >
> > > so the next day the husband takes her shopping at a big
> department
> > > store . he walks around and has her try on three very expensive
> > outfits .
> > > she can ' t decide . he tells his wife to take all three of them .
> then
> > > they go over and get matching shoes worth $ 100 each .
> > > and then they go to the jewelry dept . where she gets a set of
> > diamond
> > > ear rings . the wife is so excited . she thinks her husband has
> flipped
> > > out - but she does not care .
> > > she goes for the tennis bracelet . the husband says "" but you don ' t
> > even
> > > play tennis , but ok if you like it then let ' s get it . "" the wife is
> > > jumping up and down so excited she cannot even believe what is
> going
> > on .
> > > she says "" i am ready to go , lets go to the cash register . ""
> > > the husband stops and says , "" no , honey i don ' t feel like buying
> all
> > > this stuff now ""
> > > the wife ' s face goes blank . he says "" honey - i just want you to hold
> > > this stuff for a while . "" the look on her face is indescribable and
> she
> > > is about to explode and the husband says ,
> > >
> > > "" you must not be in tune with my financial needs as a man . ""
> > >
> >
>
>",0,fw whose needs ? ? ? ? ? ? ? ? perfect ! ! ! ! ! ! ! ! ! proprietary a husband and wife are getting all snugly in bed the passion is heating up but then the wife stops and says i don t feel like it i just want you to hold me the husband says what ? ? the wife explains that he must not be in tune with her emotional needs as a woman the husband realizes that nothing is going to happen tonight and he might as well deal with it so the next day the husband takes her shopping at a big department store he walks around and has her try on three very expensive outfits she can t decide he tells his wife to take all three of them then they go over and get matching shoes worth each and then they go to the jewelry dept where she gets a set of diamond ear rings the wife is so excited she thinks her husband has flipped out but she does not care she goes for the tennis bracelet the husband says but you don t even play tennis but ok if you like it then let s get it the wife is jumping up and down so excited she cannot even believe what is going on she says i am ready to go lets go to the cash register the husband stops and says no honey i don t feel like buying all this stuff now the wife s face goes blank he says honey i just want you to hold this stuff for a while the look on her face is indescribable and she is about to explode and the husband says you must not be in tune with my financial needs as a man,"['whose', 'need', 'perfect', 'proprietary', 'husband', 'wife', 'gett', 'snugly', 'b', 'passion', 'heat', 'wife', 'stop', 'say', 'don', 'feel', 'like', 'just', 'want', 'hold', 'husband', 'say', 'wife', 'explain', 'must', 'not', 'tune', 'emotional', 'need', 'woman', 'husband', 'realize', 'noth', 'go', 'happen', 'tonight', 'might', 'deal', 'next', 'day', 'husband', 'take', 'shopp', 'big', 'department', 'store', 'walk', 'around', 'try', 'three', 'expensive', 'outfit', 'can', 'decide', 'tell', 'wife', 'take', 'three', 'get', 'match', 'shoe', 'worth', 'jewelry', 'dept', 'get', 'set', 'diamond', 'ear', 'ring', 'wife', 'excit', 'think', 'husband', 'flipp', 'not', 'care', 'goe', 'tenni', 'bracelet', 'husband', 'say', 'don', 'even', 'play', 'tenni', 'like', 'let', 'get', 'wife', 'jump', 'excit', 'cannot', 'even', 'believe', 'go', 'say', 'ready', 'cash', 'register', 'husband', 'stop', 'say', 'honey', 'don', 'feel', 'like', 'buy', 'stuff', 'now', 'wife', 'face', 'goe', 'blank', 'say', 'honey', 'just', 'want', 'hold', 'stuff', 'look', 'face', 'indescribable', 'explode', 'husband', 'say', 'must', 'not', 'tune', 'financial', 'need', 'man']",whose need perfect proprietary husband wife gett snugly b passion heat wife stop say don feel like just want hold husband say wife explain must not tune emotional need woman husband realize noth go happen tonight might deal next day husband take shopp big department store walk around try three expensive outfit can decide tell wife take three get match shoe worth jewelry dept get set diamond ear ring wife excit think husband flipp not care goe tenni bracelet husband say don even play tenni like let get wife jump excit cannot even believe go say ready cash register husband stop say honey don feel like buy stuff now wife face goe blank say honey just want hold stuff look face indescribable explode husband say must not tune financial need man,1412,131,85,0.0,0.0,9,10,1,0,0.0076335877862595,1,4.717557251908397,0,0,0,1,0.6998751047430928,0,False
14443,belden new cell phone,"tim belden has a new cell phone number , 503 / 701 - 7278 . please disregard the email he sent earlier this week .
merry christmas !
mollie",ham,2001-12-21,"belden new cell phone tim belden has a new cell phone number , 503 / 701 - 7278 . please disregard the email he sent earlier this week .
merry christmas !
mollie",0,belden new cell phone tim belden has a new cell phone number please disregard the email he sent earlier this week merry christmas ! mollie,"['belden', 'new', 'cell', 'phone', 'tim', 'belden', 'new', 'cell', 'phone', 'number', 'disregard', 'earlier', 'week', 'merry', 'christma', 'mollie']",belden new cell phone tim belden new cell phone number disregard earlier week merry christma mollie,138,16,12,0.0,0.0,1,0,0,0,0.0,0,5.25,0,0,0,1,0.6522356770035128,0,False
16771,info,"hpuente @ epelectric . com
915 - 543 - 4333",ham,2001-07-02,"info hpuente @ epelectric . com
915 - 543 - 4333",0,info hpuente epelectric com,"['info', 'hpuente', 'epelectric', 'com']",info hpuente epelectric com,27,4,4,0.0,0.0,0,0,0,0,0.0,0,6.0,0,0,0,1,0.7062222939294754,0,False
28167,your last chance !,"tomorrow is the last day of the ets food & toy drive . if you haven ' t already
done so , please consider bringing non - perishable food or a new toy to help
those less fortunate in the head start program , ets ' adopted united way
agency .
decorated boxes are located at the following locations :
rita houser  ) eb 4049
ruth mann - eb 4755
amelia alder - 3 ac 3120
emily sellers  ) eb 4771
janice hogan - 3 ac 3718
alma martinez  ) eb 1147
julie armstrong  ) eb 4154
kathy campos  ) eb 4055
tammy kovalcik  ) eb 3931
ricki winters  ) eb 4107
thanks again for your donations !",ham,2000-11-08,"your last chance ! tomorrow is the last day of the ets food & toy drive . if you haven ' t already
done so , please consider bringing non - perishable food or a new toy to help
those less fortunate in the head start program , ets ' adopted united way
agency .
decorated boxes are located at the following locations :
rita houser  ) eb 4049
ruth mann - eb 4755
amelia alder - 3 ac 3120
emily sellers  ) eb 4771
janice hogan - 3 ac 3718
alma martinez  ) eb 1147
julie armstrong  ) eb 4154
kathy campos  ) eb 4055
tammy kovalcik  ) eb 3931
ricki winters  ) eb 4107
thanks again for your donations !",0,your last chance ! tomorrow is the last day of the ets food toy drive if you haven t already done so please consider bringing non perishable food or a new toy to help those less fortunate in the head start program ets adopted united way agency decorated boxes are located at the following locations rita houser eb ruth mann eb amelia alder ac emily sellers eb janice hogan ac alma martinez eb julie armstrong eb kathy campos eb tammy kovalcik eb ricki winters eb thanks again for your donations !,"['last', 'chance', 'tomorrow', 'last', 'day', 'ets', 'food', 'toy', 'drive', 'haven', 'already', 'done', 'consider', 'bring', 'non', 'perishable', 'food', 'new', 'toy', 'help', 'les', 'fortunate', 'head', 'start', 'program', 'ets', 'adopt', 'unit', 'way', 'agency', 'decorat', 'boxe', 'locat', 'follow', 'location', 'rita', 'houser', 'ruth', 'mann', 'amelia', 'alder', 'emily', 'seller', 'janice', 'hogan', 'alma', 'martinez', 'julie', 'armstrong', 'kathy', 'campo', 'tammy', 'kovalcik', 'ricki', 'winter', 'donation']",last chance tomorrow last day ets food toy drive haven already done consider bring non perishable food new toy help les fortunate head start program ets adopt unit way agency decorat boxe locat follow location rita houser ruth mann amelia alder emily seller janice hogan alma martinez julie armstrong kathy campo tammy kovalcik ricki winter donation,496,56,52,0.0,0.0,2,0,0,0,0.0,0,5.25,0,0,0,1,0.5754172410511674,0,False
14831,plan b,"louise , with mark smith out , i ' d like approval to go to plan b which would be to extend an offer to gary brian . how do we go about doing this ?
this move is supported by tom martin , vickers , and tycholiz . by cc to chis - any objections ?",ham,2002-01-23,"plan b louise , with mark smith out , i ' d like approval to go to plan b which would be to extend an offer to gary brian . how do we go about doing this ?
this move is supported by tom martin , vickers , and tycholiz . by cc to chis - any objections ?",0,plan b louise with mark smith out i d like approval to go to plan b which would be to extend an offer to gary brian how do we go about doing this ? this move is supported by tom martin vickers and tycholiz by cc to chis any objections ?,"['plan', 'louise', 'mark', 'smith', 'like', 'approval', 'plan', 'extend', 'offer', 'gary', 'brian', 'move', 'support', 'tom', 'martin', 'vicker', 'tycholiz', 'chi', 'objection']",plan louise mark smith like approval plan extend offer gary brian move support tom martin vicker tycholiz chi objection,236,19,18,0.0,0.0,0,2,1,0,0.0526315789473684,1,5.315789473684211,0,0,0,1,0.504780816152623,0,False
22379,in attention of pr department,"in attention of pr department ,
i ` m interested in your company owing to its reputation and the perspectives of a future carreer , given the correspondence between your demands and my personal motivations . i attach a cv from which you can form an opinion about my qualifications and experience .
if you are interested for other informations about me , please check my personal website , where you will find my cv , personal documents , medical certificate , and diplomas . i will provide my personal website address only if you are requesting it within an email .
thank you for your time . i look forward to hearing from you .
iancef mirelabrasov , romania
curriculum vitae
copyright :
privileged and confidential information intended only for the use of the addressee named above . anyone who receives this communication in error should immediately and irrevocably delete this message and notify the sender of having done so at the electronic - mail address above .
",spam,2005-08-05,"in attention of pr department in attention of pr department ,
i ` m interested in your company owing to its reputation and the perspectives of a future carreer , given the correspondence between your demands and my personal motivations . i attach a cv from which you can form an opinion about my qualifications and experience .
if you are interested for other informations about me , please check my personal website , where you will find my cv , personal documents , medical certificate , and diplomas . i will provide my personal website address only if you are requesting it within an email .
thank you for your time . i look forward to hearing from you .
iancef mirelabrasov , romania
curriculum vitae
copyright :
privileged and confidential information intended only for the use of the addressee named above . anyone who receives this communication in error should immediately and irrevocably delete this message and notify the sender of having done so at the electronic - mail address above .
",1,in attention of pr department in attention of pr department i m interested in your company owing to its reputation and the perspectives of a future carreer given the correspondence between your demands and my personal motivations i attach a cv from which you can form an opinion about my qualifications and experience if you are interested for other informations about me please check my personal website where you will find my cv personal documents medical certificate and diplomas i will provide my personal website address only if you are requesting it within an email thank you for your time i look forward to hearing from you iancef mirelabrasov romania curriculum vitae copyright privileged and confidential information intended only for the use of the addressee named above anyone who receives this communication in error should immediately and irrevocably delete this message and notify the sender of having done so at the electronic mail address above,"['atten', 'department', 'atten', 'department', 'interest', 'company', 'ow', 'reputa', 'perspective', 'future', 'carreer', 'given', 'correspondence', 'demand', 'personal', 'motivation', 'attach', 'can', 'form', 'opinion', 'qualification', 'experience', 'interest', 'information', 'check', 'personal', 'website', 'will', 'find', 'personal', 'document', 'medical', 'certificate', 'diploma', 'will', 'provide', 'personal', 'website', 'addres', 'request', 'within', 'time', 'look', 'forward', 'hear', 'iancef', 'mirelabrasov', 'romania', 'curriculum', 'vitae', 'copyright', 'privileg', 'confidential', 'informa', 'intend', 'use', 'addressee', 'nam', 'anyone', 'receive', 'communica', 'error', 'immediately', 'irrevocably', 'delete', 'notify', 'sender', 'done', 'electronic', 'addres']",atten department atten department interest company ow reputa perspective future carreer given correspondence demand personal motivation attach can form opinion qualification experience interest information check personal website will find personal document medical certificate diploma will provide personal website addres request within time look forward hear iancef mirelabrasov romania curriculum vitae copyright privileg confidential informa intend use addressee nam anyone receive communica error immediately irrevocably delete notify sender done electronic addres,960,70,61,0.0,0.0,0,0,0,1,0.0,-1,7.128571428571429,0,0,0,0,0.45847381943416016,1,False
11593,discussion documents,"we will have a total of three documents to go over with you . one is an org chart which kevin will send , one is a description of each position , the last lists the pros and cons associated with moving retail into the existing wholesale business .",ham,2001-04-26,"discussion documents we will have a total of three documents to go over with you . one is an org chart which kevin will send , one is a description of each position , the last lists the pros and cons associated with moving retail into the existing wholesale business .",0,discussion documents we will have a total of three documents to go over with you one is an org chart which kevin will send one is a description of each position the last lists the pros and cons associated with moving retail into the existing wholesale business,"['discussion', 'document', 'will', 'total', 'three', 'document', 'one', 'org', 'chart', 'kevin', 'will', 'send', 'one', 'descrip', 'posi', 'last', 'list', 'pro', 'con', 'associat', 'mov', 'retail', 'exist', 'wholesale', 'busines']",discussion document will total three document one org chart kevin will send one descrip posi last list pro con associat mov retail exist wholesale busines,260,25,22,0.0,0.0,0,0,0,2,0.0,-2,5.2,0,0,0,1,0.6462104049576642,0,False
9456,2 - survey / information email 5 - 7 - 01,"current notes user :
to ensure that you experience a successful migration from notes to outlook ,
it is necessary to gather individual user information prior to your date of
migration . please take a few minutes to completely fill out the following
survey . when you finish , simply click on the ' reply ' button then hit ' send '
your survey will automatically be sent to the outlook 2000 migration mailbox .
thank you .
outlook 2000 migration team
full name :
login id :
extension :
office location :
what type of computer do you have ? ( desktop , laptop , both )
do you have a pda ? if yes , what type do you have : ( none , ipaq , palm pilot ,
jornada )
do you have permission to access anyone ' s email / calendar ?
if yes , who ?
does anyone have permission to access your email / calendar ?
if yes , who ?
are you responsible for updating anyone else ' s address book ?
if yes , who ?
is anyone else responsible for updating your address book ?
if yes , who ?
do you have access to a shared calendar ?
if yes , which shared calendar ?
do you have any distribution groups that messaging maintains for you ( for
mass mailings ) ?
if yes , please list here :
please list all notes databases applications that you currently use :
in our efforts to plan the exact date / time of your migration , we also will
need to know :
what are your normal work hours ? from : to :
will you be out of the office in the near future for vacation , leave , etc ?
if so , when ? from ( mm / dd / yy ) : to ( mm / dd / yy ) :",ham,2001-05-04,"2 - survey / information email 5 - 7 - 01 current notes user :
to ensure that you experience a successful migration from notes to outlook ,
it is necessary to gather individual user information prior to your date of
migration . please take a few minutes to completely fill out the following
survey . when you finish , simply click on the ' reply ' button then hit ' send '
your survey will automatically be sent to the outlook 2000 migration mailbox .
thank you .
outlook 2000 migration team
full name :
login id :
extension :
office location :
what type of computer do you have ? ( desktop , laptop , both )
do you have a pda ? if yes , what type do you have : ( none , ipaq , palm pilot ,
jornada )
do you have permission to access anyone ' s email / calendar ?
if yes , who ?
does anyone have permission to access your email / calendar ?
if yes , who ?
are you responsible for updating anyone else ' s address book ?
if yes , who ?
is anyone else responsible for updating your address book ?
if yes , who ?
do you have access to a shared calendar ?
if yes , which shared calendar ?
do you have any distribution groups that messaging maintains for you ( for
mass mailings ) ?
if yes , please list here :
please list all notes databases applications that you currently use :
in our efforts to plan the exact date / time of your migration , we also will
need to know :
what are your normal work hours ? from : to :
will you be out of the office in the near future for vacation , leave , etc ?
if so , when ? from ( mm / dd / yy ) : to ( mm / dd / yy ) :",0,survey information email current notes user to ensure that you experience a successful migration from notes to outlook it is necessary to gather individual user information prior to your date of migration please take a few minutes to completely fill out the following survey when you finish simply click on the reply button then hit send your survey will automatically be sent to the outlook migration mailbox thank you outlook migration team full name login id extension office location what type of computer do you have ? desktop laptop both do you have a pda ? if yes what type do you have none ipaq palm pilot jornada do you have permission to access anyone s email calendar ? if yes who ? does anyone have permission to access your email calendar ? if yes who ? are you responsible for updating anyone else s address book ? if yes who ? is anyone else responsible for updating your address book ? if yes who ? do you have access to a shared calendar ? if yes which shared calendar ? do you have any distribution groups that messaging maintains for you for mass mailings ? if yes please list here please list all notes databases applications that you currently use in our efforts to plan the exact date time of your migration we also will need to know what are your normal work hours ? from to will you be out of the office in the near future for vacation leave etc ? if so when ? from mm dd yy to mm dd yy,"['survey', 'informa', 'current', 'note', 'user', 'ensure', 'experience', 'successful', 'migra', 'note', 'outlook', 'necessary', 'gather', 'individual', 'user', 'informa', 'prior', 'migra', 'take', 'minute', 'completely', 'fill', 'follow', 'survey', 'finish', 'simply', 'click', 'reply', 'button', 'hit', 'send', 'survey', 'will', 'automatically', 'outlook', 'migra', 'mailbox', 'outlook', 'migra', 'team', 'full', 'name', 'login', 'extension', 'office', 'loca', 'type', 'computer', 'desktop', 'laptop', 'pda', 'yes', 'type', 'none', 'ipaq', 'palm', 'pilot', 'jornada', 'permission', 'acces', 'anyone', 'calendar', 'yes', 'anyone', 'permission', 'acces', 'calendar', 'yes', 'responsible', 'updat', 'anyone', 'else', 'addres', 'book', 'yes', 'anyone', 'else', 'responsible', 'updat', 'addres', 'book', 'yes', 'acces', 'shar', 'calendar', 'yes', 'shar', 'calendar', 'distribu', 'group', 'messag', 'maintain', 'mas', 'mailing', 'yes', 'list', 'list', 'note', 'database', 'application', 'currently', 'use', 'effort', 'plan', 'exact', 'time', 'migra', 'also', 'will', 'ne', 'know', 'normal', 'work', 'hour', 'will', 'office', 'near', 'future', 'vaca', 'leave', 'etc']",survey informa current note user ensure experience successful migra note outlook necessary gather individual user informa prior migra take minute completely fill follow survey finish simply click reply button hit send survey will automatically outlook migra mailbox outlook migra team full name login extension office loca type computer desktop laptop pda yes type none ipaq palm pilot jornada permission acces anyone calendar yes anyone permission acces calendar yes responsible updat anyone else addres book yes anyone else responsible updat addres book yes acces shar calendar yes shar calendar distribu group messag maintain mas mailing yes list list note database application currently use effort plan exact time migra also will ne know normal work hour will office near future vaca leave etc,1410,121,83,0.0,0.0,0,16,1,0,0.0082644628099173,1,5.595041322314049,0,0,0,1,0.5841487766551047,0,False
23843,this weekend,"hi , sal . just talked with cindy and she said you ' re still trying to work
out weekend plans . i want to reiterate that , although it would be great to
have you here , please don ' t make it too hard on yourself . don ' t pressure
yourself to come ; i will totally understand if you do not . if you don ' t
come this weekend , i bet you will be here soon anyway - because this tummy
is sure to erupt in the near future ! either way is great .
just had to go get some more clothes ( at motherhood ) . . . since i am
carrying all of my weight in my belly , it has expanded to epic proportions
and i cannot fit into my pants !
set up the baby bedding this weekend - it looks really cute ! but i
couldn ' t figure out what do with the mattress pads ( what do the cords fit
around ? ) instead i put that cottony thing with the netting on as a
mattress pad . is that what it is for ? i know you explained all of this
to us in december , but we could not take it all in at that time ! love , c .
cara white
community development coordinator
usta texas section
1 - 888 - 883 - 6388
cwhite @ texas . usta . com",ham,2001-02-19,"this weekend hi , sal . just talked with cindy and she said you ' re still trying to work
out weekend plans . i want to reiterate that , although it would be great to
have you here , please don ' t make it too hard on yourself . don ' t pressure
yourself to come ; i will totally understand if you do not . if you don ' t
come this weekend , i bet you will be here soon anyway - because this tummy
is sure to erupt in the near future ! either way is great .
just had to go get some more clothes ( at motherhood ) . . . since i am
carrying all of my weight in my belly , it has expanded to epic proportions
and i cannot fit into my pants !
set up the baby bedding this weekend - it looks really cute ! but i
couldn ' t figure out what do with the mattress pads ( what do the cords fit
around ? ) instead i put that cottony thing with the netting on as a
mattress pad . is that what it is for ? i know you explained all of this
to us in december , but we could not take it all in at that time ! love , c .
cara white
community development coordinator
usta texas section
1 - 888 - 883 - 6388
cwhite @ texas . usta . com",0,this weekend hi sal just talked with cindy and she said you re still trying to work out weekend plans i want to reiterate that although it would be great to have you here please don t make it too hard on yourself don t pressure yourself to come i will totally understand if you do not if you don t come this weekend i bet you will be here soon anyway because this tummy is sure to erupt in the near future ! either way is great just had to go get some more clothes at motherhood since i am carrying all of my weight in my belly it has expanded to epic proportions and i cannot fit into my pants ! set up the baby bedding this weekend it looks really cute ! but i couldn t figure out what do with the mattress pads what do the cords fit around ? instead i put that cottony thing with the netting on as a mattress pad is that what it is for ? i know you explained all of this to us in december but we could not take it all in at that time ! love c cara white community development coordinator usta texas section cwhite texas usta com,"['weekend', 'sal', 'just', 'talk', 'cindy', 'said', 'still', 'try', 'work', 'weekend', 'plan', 'want', 'reiterate', 'although', 'great', 'don', 'make', 'hard', 'don', 'pressure', 'come', 'will', 'totally', 'understand', 'not', 'don', 'come', 'weekend', 'bet', 'will', 'soon', 'anyway', 'tummy', 'sure', 'erupt', 'near', 'future', 'either', 'way', 'great', 'just', 'get', 'clothe', 'motherhood', 'since', 'carry', 'weight', 'belly', 'expand', 'epic', 'proportion', 'cannot', 'fit', 'pant', 'set', 'baby', 'bedd', 'weekend', 'look', 'really', 'cute', 'couldn', 'figure', 'mattres', 'pad', 'cord', 'fit', 'around', 'instead', 'put', 'cottony', 'th', 'nett', 'mattres', 'pad', 'know', 'explain', 'december', 'not', 'take', 'time', 'love', 'cara', 'white', 'community', 'development', 'coordinator', 'usta', 'texa', 'sec', 'cwhite', 'texa', 'usta', 'com']",weekend sal just talk cindy said still try work weekend plan want reiterate although great don make hard don pressure come will totally understand not don come weekend bet will soon anyway tummy sure erupt near future either way great just get clothe motherhood since carry weight belly expand epic proportion cannot fit pant set baby bedd weekend look really cute couldn figure mattres pad cord fit around instead put cottony th nett mattres pad know explain december not take time love cara white community development coordinator usta texa sec cwhite texa usta com,1031,94,79,0.0,0.0,4,2,0,0,0.0,0,5.042553191489362,0,0,0,1,0.5634200628917386,0,False
6975,rendez - vous reporter : tuesday 5 th september 2000,"> tuesday 5 th september 2000
>
> the monte carlo rendez - vous reporter from reactions , in association with
> guy carpenter [ http : / / www . guycarp . com ] . simply click on the link next to
> each headline to read the full story .
>
> top stories of the day :
>
> back to basics for employers re
> http : / / www . reactionsnet . com / conferences / viewstory . asp ? id = 675
>
> deconstructing the nature of risk
> http : / / www . reactionsnet . com / conferences / viewstory . asp ? id = 680
>
> also :
> quackenbush report condemned
> http : / / www . reactionsnet . com / conferences / viewstory . asp ? id = 683
> fremont moves to stem loses
> http : / / www . reactionsnet . com / conferences / viewstory . asp ? id = 684
> independent toughs it out
> http : / / www . reactionsnet . com / conferences / viewstory . asp ? id = 677
> xl to grow reinsurance business
> http : / / www . reactionsnet . com / conferences / viewstory . asp ? id = 679
> taylor will stay in industry after leaving lloyd ' s
> http : / / www . reactionsnet . com / conferences / viewstory . asp ? id = 676
> st paul re restructures
> http : / / www . reactionsnet . com / conferences / viewstory . asp ? id = 678
> purkiss unveils alea
> http : / / www . reactionsnet . com / conferences / viewstory . asp ? id = 681
> wurtt uk goes digital
> http : / / www . reactionsnet . com / conferences / viewstory . asp ? id = 682
> unum boosts max re ' s premiums
> http : / / www . reactionsnet . com / conferences / viewstory . asp ? id = 685
> alexander forbes to acquire in uk
> http : / / www . reactionsnet . com / conferences / viewstory . asp ? id = 686
>
>
>
> please visit http : / / www . reactionsnet . com for all the latest news from the
> world ' s largest insurance and reinsurance conference .
>
> alternatively , you can read these stories on the official rendez - vous
> website at http : / / www . rvs - monte - carlo . com
>
>
> book of the industry :
>
> reinsurance
> fourth edition of professor robert l carter ' s industry - standard textbook .
> https : / / ecommerce . waterside . net / reactions / reins _ fourth . asp
>",ham,2000-09-05,"rendez - vous reporter : tuesday 5 th september 2000 > tuesday 5 th september 2000
>
> the monte carlo rendez - vous reporter from reactions , in association with
> guy carpenter [ http : / / www . guycarp . com ] . simply click on the link next to
> each headline to read the full story .
>
> top stories of the day :
>
> back to basics for employers re
> http : / / www . reactionsnet . com / conferences / viewstory . asp ? id = 675
>
> deconstructing the nature of risk
> http : / / www . reactionsnet . com / conferences / viewstory . asp ? id = 680
>
> also :
> quackenbush report condemned
> http : / / www . reactionsnet . com / conferences / viewstory . asp ? id = 683
> fremont moves to stem loses
> http : / / www . reactionsnet . com / conferences / viewstory . asp ? id = 684
> independent toughs it out
> http : / / www . reactionsnet . com / conferences / viewstory . asp ? id = 677
> xl to grow reinsurance business
> http : / / www . reactionsnet . com / conferences / viewstory . asp ? id = 679
> taylor will stay in industry after leaving lloyd ' s
> http : / / www . reactionsnet . com / conferences / viewstory . asp ? id = 676
> st paul re restructures
> http : / / www . reactionsnet . com / conferences / viewstory . asp ? id = 678
> purkiss unveils alea
> http : / / www . reactionsnet . com / conferences / viewstory . asp ? id = 681
> wurtt uk goes digital
> http : / / www . reactionsnet . com / conferences / viewstory . asp ? id = 682
> unum boosts max re ' s premiums
> http : / / www . reactionsnet . com / conferences / viewstory . asp ? id = 685
> alexander forbes to acquire in uk
> http : / / www . reactionsnet . com / conferences / viewstory . asp ? id = 686
>
>
>
> please visit http : / / www . reactionsnet . com for all the latest news from the
> world ' s largest insurance and reinsurance conference .
>
> alternatively , you can read these stories on the official rendez - vous
> website at http : / / www . rvs - monte - carlo . com
>
>
> book of the industry :
>
> reinsurance
> fourth edition of professor robert l carter ' s industry - standard textbook .
> https : / / ecommerce . waterside . net / reactions / reins _ fourth . asp
>",0,rendez vous reporter tuesday th september tuesday th september the monte carlo rendez vous reporter from reactions in association with guy carpenter http www guycarp com simply click on the link next to each headline to read the full story top stories of the day back to basics for employers re http www reactionsnet com conferences viewstory asp ? id deconstructing the nature of risk http www reactionsnet com conferences viewstory asp ? id also quackenbush report condemned http www reactionsnet com conferences viewstory asp ? id fremont moves to stem loses http www reactionsnet com conferences viewstory asp ? id independent toughs it out http www reactionsnet com conferences viewstory asp ? id xl to grow reinsurance business http www reactionsnet com conferences viewstory asp ? id taylor will stay in industry after leaving lloyd s http www reactionsnet com conferences viewstory asp ? id st paul re restructures http www reactionsnet com conferences viewstory asp ? id purkiss unveils alea http www reactionsnet com conferences viewstory asp ? id wurtt uk goes digital http www reactionsnet com conferences viewstory asp ? id unum boosts max re s premiums http www reactionsnet com conferences viewstory asp ? id alexander forbes to acquire in uk http www reactionsnet com conferences viewstory asp ? id please visit http www reactionsnet com for all the latest news from the world s largest insurance and reinsurance conference alternatively you can read these stories on the official rendez vous website at http www rvs monte carlo com book of the industry reinsurance fourth edition of professor robert l carter s industry standard textbook URL ecommerce waterside net reactions reins fourth asp,"['rendez', 'vou', 'reporter', 'tuesday', 'september', 'tuesday', 'september', 'monte', 'carlo', 'rendez', 'vou', 'reporter', 'reaction', 'associa', 'guy', 'carpenter', 'http', 'www', 'guycarp', 'com', 'simply', 'click', 'link', 'next', 'headline', 'read', 'full', 'story', 'top', 'storie', 'day', 'back', 'basic', 'employer', 'http', 'www', 'reactionsnet', 'com', 'conference', 'viewstory', 'asp', 'deconstruct', 'nature', 'risk', 'http', 'www', 'reactionsnet', 'com', 'conference', 'viewstory', 'asp', 'also', 'quackenbush', 'report', 'condemn', 'http', 'www', 'reactionsnet', 'com', 'conference', 'viewstory', 'asp', 'fremont', 'move', 'stem', 'lose', 'http', 'www', 'reactionsnet', 'com', 'conference', 'viewstory', 'asp', 'independent', 'tough', 'http', 'www', 'reactionsnet', 'com', 'conference', 'viewstory', 'asp', 'grow', 'reinsurance', 'busines', 'http', 'www', 'reactionsnet', 'com', 'conference', 'viewstory', 'asp', 'taylor', 'will', 'stay', 'industry', 'leav', 'lloyd', 'http', 'www', 'reactionsnet', 'com', 'conference', 'viewstory', 'asp', 'paul', 'restructure', 'http', 'www', 'reactionsnet', 'com', 'conference', 'viewstory', 'asp', 'purkis', 'unveil', 'alea', 'http', 'www', 'reactionsnet', 'com', 'conference', 'viewstory', 'asp', 'wurtt', 'goe', 'digital', 'http', 'www', 'reactionsnet', 'com', 'conference', 'viewstory', 'asp', 'unum', 'boost', 'max', 'premium', 'http', 'www', 'reactionsnet', 'com', 'conference', 'viewstory', 'asp', 'alexander', 'forbe', 'acquire', 'http', 'www', 'reactionsnet', 'com', 'conference', 'viewstory', 'asp', 'visit', 'http', 'www', 'reactionsnet', 'com', 'latest', 'new', 'world', 'largest', 'insurance', 'reinsurance', 'conference', 'alternatively', 'can', 'read', 'storie', 'official', 'rendez', 'vou', 'website', 'http', 'www', 'rvs', 'monte', 'carlo', 'com', 'book', 'industry', 'reinsurance', 'fourth', 'edi', 'professor', 'robert', 'carter', 'industry', 'standard', 'textbook', 'URL', 'ecommerce', 'waterside', 'net', 'reaction', 'rein', 'fourth', 'asp']",rendez vou reporter tuesday september tuesday september monte carlo rendez vou reporter reaction associa guy carpenter http www guycarp com simply click link next headline read full story top storie day back basic employer http www reactionsnet com conference viewstory asp deconstruct nature risk http www reactionsnet com conference viewstory asp also quackenbush report condemn http www reactionsnet com conference viewstory asp fremont move stem lose http www reactionsnet com conference viewstory asp independent tough http www reactionsnet com conference viewstory asp grow reinsurance busines http www reactionsnet com conference viewstory asp taylor will stay industry leav lloyd http www reactionsnet com conference viewstory asp paul restructure http www reactionsnet com conference viewstory asp purkis unveil alea http www reactionsnet com conference viewstory asp wurtt goe digital http www reactionsnet com conference viewstory asp unum boost max premium http www reactionsnet com conference viewstory asp alexander forbe acquire http www reactionsnet com conference viewstory asp visit http www reactionsnet com latest new world largest insurance reinsurance conference alternatively can read storie official rendez vou website http www rvs monte carlo com book industry reinsurance fourth edi professor robert carter industry standard textbook URL ecommerce waterside net reaction rein fourth asp,1709,200,94,0.0017554125219426,0.0,0,12,3,14,0.015,-11,6.065,1,0,0,1,0.6155905823293114,0,False
23751,we are for the most part finished with sec var . we are missing october and,"december brent crude commodity positions . when we get these numbers we will
reissue this report , but they are not likely to be different enough from the
guesses we inserted to make a difference .
total var is the highest i have seen at $ 92 million .
one reason is that trading commodities var remains very high at $ 66 million
( though it is down from the $ 81 million of november ) .
the other reason is that trading securities var is by far the highest it has
been at $ 63 million . merchant assets ( with a var of $ 29 million ) and total
return swaps ( with a var of $ 56 , up from $ 24 in november ) are at all time
highs .
bacchus and riva ( both originated in december ) conspired to increase total
return swap var . nevertheless , the biggest culprit is cerberus ( a fixed for
eog shares swap we put on in november ) . cerberus contains ten million
unhedged shares of eog . the value of the shares increased from $ 42 in
november to $ 55 in december , raising var substantially .
regards ,
eugenio",ham,2001-01-24,"we are for the most part finished with sec var . we are missing october and december brent crude commodity positions . when we get these numbers we will
reissue this report , but they are not likely to be different enough from the
guesses we inserted to make a difference .
total var is the highest i have seen at $ 92 million .
one reason is that trading commodities var remains very high at $ 66 million
( though it is down from the $ 81 million of november ) .
the other reason is that trading securities var is by far the highest it has
been at $ 63 million . merchant assets ( with a var of $ 29 million ) and total
return swaps ( with a var of $ 56 , up from $ 24 in november ) are at all time
highs .
bacchus and riva ( both originated in december ) conspired to increase total
return swap var . nevertheless , the biggest culprit is cerberus ( a fixed for
eog shares swap we put on in november ) . cerberus contains ten million
unhedged shares of eog . the value of the shares increased from $ 42 in
november to $ 55 in december , raising var substantially .
regards ,
eugenio",0,we are for the most part finished with sec var we are missing october and december brent crude commodity positions when we get these numbers we will reissue this report but they are not likely to be different enough from the guesses we inserted to make a difference total var is the highest i have seen at million one reason is that trading commodities var remains very high at million though it is down from the million of november the other reason is that trading securities var is by far the highest it has been at million merchant assets with a var of million and total return swaps with a var of up from in november are at all time highs bacchus and riva both originated in december conspired to increase total return swap var nevertheless the biggest culprit is cerberus a fixed for eog shares swap we put on in november cerberus contains ten million unhedged shares of eog the value of the shares increased from in november to in december raising var substantially regards eugenio,"['part', 'finish', 'sec', 'var', 'miss', 'october', 'december', 'brent', 'crude', 'commodity', 'position', 'get', 'number', 'will', 'reissue', 'report', 'not', 'likely', 'different', 'enough', 'guesse', 'insert', 'make', 'difference', 'total', 'var', 'highest', 'seen', 'million', 'one', 'reason', 'trad', 'commoditie', 'var', 'remain', 'high', 'million', 'though', 'million', 'november', 'reason', 'trad', 'securitie', 'var', 'far', 'highest', 'million', 'merchant', 'asset', 'var', 'million', 'total', 'return', 'swap', 'var', 'november', 'time', 'high', 'bacchu', 'riva', 'originat', 'december', 'conspir', 'increase', 'total', 'return', 'swap', 'var', 'nevertheles', 'biggest', 'culprit', 'cerberu', 'fix', 'eog', 'share', 'swap', 'put', 'november', 'cerberu', 'contain', 'ten', 'million', 'unhedg', 'share', 'eog', 'value', 'share', 'increas', 'november', 'december', 'rais', 'var', 'substantially', 'eugenio']",part finish sec var miss october december brent crude commodity position get number will reissue report not likely different enough guesse insert make difference total var highest seen million one reason trad commoditie var remain high million though million november reason trad securitie var far highest million merchant asset var million total return swap var november time high bacchu riva originat december conspir increase total return swap var nevertheles biggest culprit cerberu fix eog share swap put november cerberu contain ten million unhedg share eog value share increas november december rais var substantially eugenio,987,94,64,0.0,0.0,0,0,6,1,0.0638297872340425,5,5.73404255319149,0,0,0,1,0.5601543534846573,0,False
13848,$ 9 mm to you,"i just confirmed the cash funds were transferred this afternoon to ena in the amount of $ 9 mm . the total cash account for enovate was approximately $ 21 mm , with pec 50 % and ena 50 % . due to pec request , we kept $ 3 mm in the account to cover cash sweeps required in the next few weeks .
just an fyi . . .
laura",ham,2001-11-09,"$ 9 mm to you i just confirmed the cash funds were transferred this afternoon to ena in the amount of $ 9 mm . the total cash account for enovate was approximately $ 21 mm , with pec 50 % and ena 50 % . due to pec request , we kept $ 3 mm in the account to cover cash sweeps required in the next few weeks .
just an fyi . . .
laura",0,mm to you i just confirmed the cash funds were transferred this afternoon to ena in the amount of mm the total cash account for enovate was approximately mm with pec and ena due to pec request we kept mm in the account to cover cash sweeps required in the next few weeks just an fyi laura,"['just', 'confirm', 'cash', 'fund', 'transferr', 'afternoon', 'ena', 'amount', 'total', 'cash', 'account', 'enovate', 'approximately', 'pec', 'ena', 'due', 'pec', 'request', 'kept', 'account', 'cover', 'cash', 'sweep', 'requir', 'next', 'week', 'just', 'fyi', 'laura']",just confirm cash fund transferr afternoon ena amount total cash account enovate approximately pec ena due pec request kept account cover cash sweep requir next week just fyi laura,288,29,23,0.0,0.0,0,0,6,0,0.2068965517241379,6,5.241379310344827,0,0,0,1,0.5604564836886804,0,False
23872,celebrate texas excellence,"the ex - students ' association of the university of texas brings this texas
independence
day commemoration to you . if you have any comments or suggestions
contact us at comments @ alumni . utexas . edu . please do not respond to this
message
using the "" reply "" function . to be removed from our mailing list see
instructions at the
bottom of this message .
a toast to texas !
as early as 1900 , march 2 became a day for texas exes to observe as a
holiday . a
great deal of tradition and sentiment surrounds the celebration
on the local level . in that year , the ex - students ' association adopted a
resolution that :
"" whenever two texas exes shall meet on march 2 , they shall sit and break
bread and
pay tribute to the institution that made their education possible . "" ut alumni
all over the
world have followed this tradition . wherever you are on march 2 , 2001 , we
hope you ' ll
join us in a texas "" toast "" : to our state , whose founders made our education
possible ;
to texas exes who have provided generations of leadership ; and to the proud
tradition
of continued excellence of the university of texas . hook ' em horns ! for more
information visit http : / / www . texasexes . org
* * subscribe * *
if you received this from a friend and would like to subscribe , please visit
, register for a texas exes e - mail address and
you will
automatically be subscribed to the newsletter .
* * unsubscribe * *
if you would like to unsubscribe or if you have received this e - mail in
error , please follow
these directions to have your name promptly removed from our e - mail
distribution list :
1 . click on this link -
2 . enter your e - mail address
3 . submit
4 . please do not reply to this e - mail .
_ _ _ _ _ _ _ _ _ _ _ _ _ _ _ _ _ _ _ _ _ _ _ _ _ _ _ _ _ _ _ _ _ _ _ _ _ _ _ _
by receiving this e - mail you authorize the ex - students ' association to
maintain your
information in our database and on our servers and that we may , from time
to time , provide you with advertising or information regarding products or
services in
which we believe you may have an interest . you may remove your name
from our e - mail distribution list at any time by entering your e - mail address
at this site :
the ex - students ' association of the university of
texas at austin
2110 san jacinto , austin , texas 78705
phone : 512 - 471 - 8839
http : / / www . texasexes . org
priority : immediate",ham,2001-03-01,"celebrate texas excellence the ex - students ' association of the university of texas brings this texas
independence
day commemoration to you . if you have any comments or suggestions
contact us at comments @ alumni . utexas . edu . please do not respond to this
message
using the "" reply "" function . to be removed from our mailing list see
instructions at the
bottom of this message .
a toast to texas !
as early as 1900 , march 2 became a day for texas exes to observe as a
holiday . a
great deal of tradition and sentiment surrounds the celebration
on the local level . in that year , the ex - students ' association adopted a
resolution that :
"" whenever two texas exes shall meet on march 2 , they shall sit and break
bread and
pay tribute to the institution that made their education possible . "" ut alumni
all over the
world have followed this tradition . wherever you are on march 2 , 2001 , we
hope you ' ll
join us in a texas "" toast "" : to our state , whose founders made our education
possible ;
to texas exes who have provided generations of leadership ; and to the proud
tradition
of continued excellence of the university of texas . hook ' em horns ! for more
information visit http : / / www . texasexes . org
* * subscribe * *
if you received this from a friend and would like to subscribe , please visit
, register for a texas exes e - mail address and
you will
automatically be subscribed to the newsletter .
* * unsubscribe * *
if you would like to unsubscribe or if you have received this e - mail in
error , please follow
these directions to have your name promptly removed from our e - mail
distribution list :
1 . click on this link -
2 . enter your e - mail address
3 . submit
4 . please do not reply to this e - mail .
_ _ _ _ _ _ _ _ _ _ _ _ _ _ _ _ _ _ _ _ _ _ _ _ _ _ _ _ _ _ _ _ _ _ _ _ _ _ _ _
by receiving this e - mail you authorize the ex - students ' association to
maintain your
information in our database and on our servers and that we may , from time
to time , provide you with advertising or information regarding products or
services in
which we believe you may have an interest . you may remove your name
from our e - mail distribution list at any time by entering your e - mail address
at this site :
the ex - students ' association of the university of
texas at austin
2110 san jacinto , austin , texas 78705
phone : 512 - 471 - 8839
http : / / www . texasexes . org
priority : immediate",0,celebrate texas excellence the ex students association of the university of texas brings this texas independence day commemoration to you if you have any comments or suggestions contact us at comments alumni utexas edu please do not respond to this message using the reply function to be removed from our mailing list see instructions at the bottom of this message a toast to texas ! as early as march became a day for texas exes to observe as a holiday a great deal of tradition and sentiment surrounds the celebration on the local level in that year the ex students association adopted a resolution that whenever two texas exes shall meet on march they shall sit and break bread and pay tribute to the institution that made their education possible ut alumni all over the world have followed this tradition wherever you are on march we hope you ll join us in a texas toast to our state whose founders made our education possible to texas exes who have provided generations of leadership and to the proud tradition of continued excellence of the university of texas hook em horns ! for more information visit http www texasexes org subscribe if you received this from a friend and would like to subscribe please visit register for a texas exes e mail address and you will automatically be subscribed to the newsletter unsubscribe if you would like to unsubscribe or if you have received this e mail in error please follow these directions to have your name promptly removed from our e mail distribution list click on this link enter your e mail address submit please do not reply to this e mail by receiving this e mail you authorize the ex students association to maintain your information in our database and on our servers and that we may from time to time provide you with advertising or information regarding products or services in which we believe you may have an interest you may remove your name from our e mail distribution list at any time by entering your e mail address at this site the ex students association of the university of texas at austin san jacinto austin texas phone http www texasexes org priority immediate,"['celebrate', 'texa', 'excellence', 'student', 'associa', 'university', 'texa', 'bring', 'texa', 'independence', 'day', 'commemora', 'comment', 'suggestion', 'contact', 'comment', 'alumni', 'utexa', 'edu', 'not', 'respond', 'us', 'reply', 'func', 'remov', 'mail', 'list', 'see', 'instruction', 'bottom', 'toast', 'texa', 'early', 'march', 'became', 'day', 'texa', 'exe', 'observe', 'holiday', 'great', 'deal', 'tradi', 'sentiment', 'surround', 'celebra', 'local', 'level', 'year', 'student', 'associa', 'adopt', 'resolu', 'whenever', 'two', 'texa', 'exe', 'shall', 'meet', 'march', 'shall', 'sit', 'break', 'bread', 'pay', 'tribute', 'institu', 'made', 'educa', 'possible', 'alumni', 'world', 'follow', 'tradi', 'wherever', 'march', 'hope', 'join', 'texa', 'toast', 'state', 'whose', 'founder', 'made', 'educa', 'possible', 'texa', 'exe', 'provid', 'generation', 'leadership', 'proud', 'tradi', 'continu', 'excellence', 'university', 'texa', 'hook', 'horn', 'informa', 'visit', 'http', 'www', 'texasexe', 'org', 'subscribe', 'friend', 'like', 'subscribe', 'visit', 'register', 'texa', 'exe', 'addres', 'will', 'automatically', 'subscrib', 'newsletter', 'unsubscribe', 'like', 'unsubscribe', 'error', 'follow', 'direction', 'name', 'promptly', 'remov', 'distribu', 'list', 'click', 'link', 'enter', 'addres', 'submit', 'not', 'reply', 'receiv', 'authorize', 'student', 'associa', 'maintain', 'informa', 'database', 'server', 'may', 'time', 'time', 'provide', 'advertis', 'informa', 'regard', 'product', 'service', 'believe', 'may', 'interest', 'may', 'remove', 'name', 'distribu', 'list', 'time', 'enter', 'addres', 'site', 'student', 'associa', 'university', 'texa', 'austin', 'san', 'jacinto', 'austin', 'texa', 'phone', 'http', 'www', 'texasexe', 'org', 'priority', 'immediate']",celebrate texa excellence student associa university texa bring texa independence day commemora comment suggestion contact comment alumni utexa edu not respond us reply func remov mail list see instruction bottom toast texa early march became day texa exe observe holiday great deal tradi sentiment surround celebra local level year student associa adopt resolu whenever two texa exe shall meet march shall sit break bread pay tribute institu made educa possible alumni world follow tradi wherever march hope join texa toast state whose founder made educa possible texa exe provid generation leadership proud tradi continu excellence university texa hook horn informa visit http www texasexe org subscribe friend like subscribe visit register texa exe addres will automatically subscrib newsletter unsubscribe like unsubscribe error follow direction name promptly remov distribu list click link enter addres submit not reply receiv authorize student associa maintain informa database server may time time provide advertis informa regard product service believe may interest may remove name distribu list time enter addres site student associa university texa austin san jacinto austin texa phone http www texasexe org priority immediate,2134,181,120,0.0,0.0,2,0,6,0,0.0331491712707182,6,5.834254143646409,0,0,0,1,0.5535654628503534,0,False
13169,top 50,"omigod .
shall i bow down upon entering your office ?
only # 17 , though . . . clearly marcus was not polled !
: )
dave",ham,2001-10-04,"top 50 omigod .
shall i bow down upon entering your office ?
only # 17 , though . . . clearly marcus was not polled !
: )
dave",0,top omigod shall i bow down upon entering your office ? only though clearly marcus was not polled ! dave,"['top', 'omigod', 'shall', 'bow', 'upon', 'enter', 'office', 'though', 'clearly', 'marcu', 'not', 'poll', 'dave']",top omigod shall bow upon enter office though clearly marcu not poll dave,104,13,13,0.0,0.0,1,1,0,0,0.0,0,4.6923076923076925,0,0,0,1,0.6508031808553615,0,False
12641,las vegas sale to black hills,"we are done . jake thomas closed the sale this morning . money is being wired .
chris calger
503 - 464 - 3735",ham,2001-08-31,"las vegas sale to black hills we are done . jake thomas closed the sale this morning . money is being wired .
chris calger
503 - 464 - 3735",0,las vegas sale to black hills we are done jake thomas closed the sale this morning money is being wired chris calger,"['las', 'vega', 'sale', 'black', 'hill', 'done', 'jake', 'thoma', 'clos', 'sale', 'morn', 'money', 'wir', 'chri', 'calger']",las vega sale black hill done jake thoma clos sale morn money wir chri calger,116,15,14,0.0,0.0,0,0,1,0,0.0666666666666666,1,4.2,0,0,0,1,0.7081290436815276,0,False
23589,please grant access : application request ( kker - 4 rrjnr ),"security resource line item request kker - 4 rrjnr has been submitted for your
processing .
to view the request , double click your left mouse button on the notes
document link below .",ham,2000-12-06,"please grant access : application request ( kker - 4 rrjnr ) security resource line item request kker - 4 rrjnr has been submitted for your
processing .
to view the request , double click your left mouse button on the notes
document link below .",0,please grant access application request kker rrjnr security resource line item request kker rrjnr has been submitted for your processing to view the request double click your left mouse button on the notes document link below,"['grant', 'acces', 'applica', 'request', 'kker', 'rrjnr', 'security', 'resource', 'line', 'item', 'request', 'kker', 'rrjnr', 'submitt', 'process', 'view', 'request', 'double', 'click', 'left', 'mouse', 'button', 'note', 'document', 'link']",grant acces applica request kker rrjnr security resource line item request kker rrjnr submitt process view request double click left mouse button note document link,225,25,21,0.0,0.0,0,0,2,1,0.08,1,5.6,0,0,0,1,0.6463165203398854,0,False
768,well head,"shoreline wants to move the volume of two meters . the first one , 6886 from
153 to 1 and 6501 from 46 to 1 . 6501 is due to force majeure pipeline s / i
on 5 / 10 per there sheet .",ham,2000-05-12,"well head shoreline wants to move the volume of two meters . the first one , 6886 from
153 to 1 and 6501 from 46 to 1 . 6501 is due to force majeure pipeline s / i
on 5 / 10 per there sheet .",0,well head shoreline wants to move the volume of two meters the first one from to and from to is due to force majeure pipeline s i on per there sheet,"['head', 'shoreline', 'want', 'move', 'volume', 'two', 'meter', 'first', 'one', 'due', 'force', 'majeure', 'pipeline', 'per', 'sheet']",head shoreline want move volume two meter first one due force majeure pipeline per sheet,148,15,15,0.0,0.0,0,0,0,0,0.0,0,4.933333333333334,0,0,0,1,0.5502139787547433,0,False
14298,fw :,"- - - - - original message - - - - -
from : fitzpatrick , amy
sent : friday , december 07 , 2001 11 : 04 am
to : clyatt , julie
subject :",ham,2001-12-07,"fw : - - - - - original message - - - - -
from : fitzpatrick , amy
sent : friday , december 07 , 2001 11 : 04 am
to : clyatt , julie
subject :",0,fw original message from fitzpatrick amy sent friday december am to clyatt julie subject,"['original', 'fitzpatrick', 'amy', 'friday', 'december', 'clyatt', 'julie']",original fitzpatrick amy friday december clyatt julie,88,7,7,0.0,0.0,0,0,0,0,0.0,0,6.714285714285714,0,0,0,1,0.513961650974651,0,False
189,entex for jan . 2000,"this spreadsheet shows the current estimates are approximately 12 , 000 / day
short of what the estimates would be with the revised entex factor .
call me if you have any questions . i will work to get the revised estimates
into pops today .
gary",ham,2000-01-25,"entex for jan . 2000 this spreadsheet shows the current estimates are approximately 12 , 000 / day
short of what the estimates would be with the revised entex factor .
call me if you have any questions . i will work to get the revised estimates
into pops today .
gary",0,entex for jan this spreadsheet shows the current estimates are approximately day short of what the estimates would be with the revised entex factor call me if you have any questions i will work to get the revised estimates into pops today gary,"['entex', 'jan', 'spreadsheet', 'show', 'current', 'estimate', 'approximately', 'day', 'short', 'estimate', 'revis', 'entex', 'factor', 'call', 'question', 'will', 'work', 'get', 'revis', 'estimate', 'pop', 'today', 'gary']",entex jan spreadsheet show current estimate approximately day short estimate revis entex factor call question will work get revis estimate pop today gary,243,23,19,0.0,0.0,0,0,0,0,0.0,0,5.695652173913044,0,0,0,1,0.5042971001243824,0,False
7930,re : arthur andersen model validation request,"yes , i sent a reply to gillian .
- - stinson",ham,2000-12-18,"re : arthur andersen model validation request yes , i sent a reply to gillian .
- - stinson",0,re arthur andersen model validation request yes i sent a reply to gillian stinson,"['arthur', 'andersen', 'model', 'valida', 'request', 'yes', 'reply', 'gillian', 'stinson']",arthur andersen model valida request yes reply gillian stinson,81,9,9,0.0,0.0,0,0,0,0,0.0,0,6.0,0,0,0,1,0.6525216973938,0,False
14041,"i assume that if any of my guys are at risk to be cut next week , we would have talked about it ?",0,ham,2001-11-20,"i assume that if any of my guys are at risk to be cut next week , we would have talked about it ? ",0,i assume that if any of my guys are at risk to be cut next week we would have talked about it ?,"['assume', 'guy', 'risk', 'cut', 'next', 'week', 'talk']",assume guy risk cut next week talk,95,7,7,0.0,0.0,0,1,0,0,0.0,0,4.0,0,0,0,1,0.6198426207166812,0,False
16590,re : model for 04 - 19,"hi bill ,
on yesterday ' s . . . hel 6 from srp should be a - 65 not - 16 . also the ancillary
is not adding up the bottom .
thanks ,
kathy",ham,2001-04-20,"re : model for 04 - 19 hi bill ,
on yesterday ' s . . . hel 6 from srp should be a - 65 not - 16 . also the ancillary
is not adding up the bottom .
thanks ,
kathy",0,re model for hi bill on yesterday s hel from srp should be a not also the ancillary is not adding up the bottom thanks kathy,"['model', 'bill', 'yesterday', 'hel', 'srp', 'not', 'also', 'ancillary', 'not', 'add', 'bottom', 'kathy']",model bill yesterday hel srp not also ancillary not add bottom kathy,124,12,11,0.0,0.0,0,0,0,0,0.0,0,4.75,0,0,0,1,0.6385223089016948,0,False
7945,re : holiday greeting from jerry wind,"- holiday , revisionl . doc",ham,2000-12-18,"re : holiday greeting from jerry wind - holiday , revisionl . doc",0,re holiday greeting from jerry wind holiday revisionl doc,"['holiday', 'greet', 'jerry', 'wind', 'holiday', 'revisionl', 'doc']",holiday greet jerry wind holiday revisionl doc,57,7,6,0.0,0.0,0,0,0,0,0.0,0,5.714285714285714,0,0,0,1,0.5767689706765786,0,False
16678,real time - stca activity for 6 / 12,here are those changes . i ' ll leave re - sending the file to your discretion .,ham,2001-06-13,real time - stca activity for 6 / 12 here are those changes . i ' ll leave re - sending the file to your discretion .,0,real time stca activity for here are those changes i ll leave re sending the file to your discretion,"['real', 'time', 'stca', 'activity', 'change', 'leave', 'send', 'file', 'discre']",real time stca activity change leave send file discre,100,9,9,0.0,0.0,0,0,0,0,0.0,0,5.0,0,0,0,1,0.5622096177188017,0,False
22617,recruiting issues,"i would like to talk to you about some recruiting issues . jeff sommers and i
are exec co - leads on florida and discussed some concerns with shelly jones
today . feel free to call or set up time - it will take 5 - 10 minutes .",ham,2000-02-15,"recruiting issues i would like to talk to you about some recruiting issues . jeff sommers and i
are exec co - leads on florida and discussed some concerns with shelly jones
today . feel free to call or set up time - it will take 5 - 10 minutes .",0,recruiting issues i would like to talk to you about some recruiting issues jeff sommers and i are exec co leads on florida and discussed some concerns with shelly jones today feel free to call or set up time it will take minutes,"['recruit', 'issue', 'like', 'talk', 'recruit', 'issue', 'jeff', 'sommer', 'exec', 'lead', 'florida', 'discuss', 'concern', 'shelly', 'jone', 'today', 'feel', 'free', 'call', 'set', 'time', 'will', 'take', 'minute']",recruit issue like talk recruit issue jeff sommer exec lead florida discuss concern shelly jone today feel free call set time will take minute,228,24,22,0.0,0.0,0,0,1,0,0.0416666666666666,1,4.958333333333333,0,0,0,1,0.5224164484449654,0,False
18388,can you last 36 hours eir | eic | tii | oin,"dis . count ph . armacy onlin . e
sa . ve up t . o % 8 o orde . ring your meds online
no presc . ription required
fast disc . reet s . hipping , o . ernight nextday air
fda anthology committeewoman stagy saline scuffle khartoum curvaceous delhi plop bartend telescopic egg dusky suntanned gunsling gob strategy aurora sevenfold -
employed diathermy consistent broaden ail copenhagen apostle cohen decor _ barney lasso cartilage panel narcissus teheran census dolan inertial contest calumny configuration popcorn goldberg prayer hypodermic fractious platte patriarchal ave .
shagging canto wilkie bivalve winnetka bel ajar councilwoman continua iconoclast andiron perch acorn anglican . deviant dexterity eightieth cactus bluejacket applejack gourmet limp bandit drum asynchronous floridian .
cowman granular inhumane curtis turmoil alicia cometh gymnast osha delouse stanford chesapeake endosperm pitch workplace irresolution whistle inert bali ; denny abrasive silt bp hackmatack quitting lumpy buttonweed vendetta uniroyal elena borderline payroll townsman diety boylston reputation ambitious catchy sinister des elysian kohlrabi browbeaten hemosiderin motivate diacritic statute pumpkinseed defraud newel allegation charybdis grosvenor descriptive sketchy delphine
backdrop alterate christenson scope aforesaid combustion macroscopic fontaine align jealous standard charlemagne farewell annal consistent clerk cardiovascular hymen downing deduct ; copernicus dualism augustan upstair igneous but clockwise deal louise ceramium essay phony berserk oligarchy rhythm shrivel binocular blurb beneath cough eigenfunction demolish glidden opium despotic corsage paginate skulk timber broth lepidolite embroil airline ada beckman neck produce typhoid ferocity sickish neuropsychiatric octet globulin lifelong gasoline governess easy pickett scope coincide bite cliche obsessive rapier
almagest ambidextrous mescal crap denude angola anyplace facile covalent doneck rudolph stickpin temperance heroine crewel roundhouse stupefy vouchsafe . hammock hamal mausoleum puffy bedford bookie conscious equable plagiarism preference bey olga dad chilean .
brindisi rope o ' s emphases allyn nuzzle bellicose dadaism brimstone athens bridgework physique spaulding downs psaltery sorrow cornelius irresolvable sol hornblower deductible lachesis plight amra megalomania toil ; kodiak abash tommy diffusible dexter brunt rapprochement nielsen titan conciliatory diffuse banister dressy citrus superfluous aleph pellagra boogie civil declamation asylum homeown crusoe then jerusalem patina abroad withe boorish commonwealth carib gas am electrolysis lawgiver
mush clark seismic singable cryptographer boyce red valiant calgary danny torpedo dahomey benelux tab hematite minuet airtight offspring supposition travesty profligate egyptian between ; krakatoa coachmen peep depressive revelation praecox cadaver banbury origin brilliant bandstop estimate harlem getaway dwell immigrant wooster anarchy uniplex harmon gristmill rand surfeit sobriquet o ' s whom abram traverse connive hibbard artemisia suspicion culbertson confrere morass saltbush fallacious mutilate bust autumn teeing blip cautionary vexation circumflex aberdeen adhesive danish hatfield luminous epidermis ailanthus itinerant peroxide nazareth silicate cortege clutch coulomb mosaic calico impartial kettering butyric squamous invalid electrophorus posture dublin conquest ugly bluster marine occult versatec shuttlecock fidget muff tinder amperage bedim revisal niamey drench newcastle cryostat algonquin
",spam,2004-02-18,"can you last 36 hours eir | eic | tii | oin dis . count ph . armacy onlin . e
sa . ve up t . o % 8 o orde . ring your meds online
no presc . ription required
fast disc . reet s . hipping , o . ernight nextday air
fda anthology committeewoman stagy saline scuffle khartoum curvaceous delhi plop bartend telescopic egg dusky suntanned gunsling gob strategy aurora sevenfold -
employed diathermy consistent broaden ail copenhagen apostle cohen decor _ barney lasso cartilage panel narcissus teheran census dolan inertial contest calumny configuration popcorn goldberg prayer hypodermic fractious platte patriarchal ave .
shagging canto wilkie bivalve winnetka bel ajar councilwoman continua iconoclast andiron perch acorn anglican . deviant dexterity eightieth cactus bluejacket applejack gourmet limp bandit drum asynchronous floridian .
cowman granular inhumane curtis turmoil alicia cometh gymnast osha delouse stanford chesapeake endosperm pitch workplace irresolution whistle inert bali ; denny abrasive silt bp hackmatack quitting lumpy buttonweed vendetta uniroyal elena borderline payroll townsman diety boylston reputation ambitious catchy sinister des elysian kohlrabi browbeaten hemosiderin motivate diacritic statute pumpkinseed defraud newel allegation charybdis grosvenor descriptive sketchy delphine
backdrop alterate christenson scope aforesaid combustion macroscopic fontaine align jealous standard charlemagne farewell annal consistent clerk cardiovascular hymen downing deduct ; copernicus dualism augustan upstair igneous but clockwise deal louise ceramium essay phony berserk oligarchy rhythm shrivel binocular blurb beneath cough eigenfunction demolish glidden opium despotic corsage paginate skulk timber broth lepidolite embroil airline ada beckman neck produce typhoid ferocity sickish neuropsychiatric octet globulin lifelong gasoline governess easy pickett scope coincide bite cliche obsessive rapier
almagest ambidextrous mescal crap denude angola anyplace facile covalent doneck rudolph stickpin temperance heroine crewel roundhouse stupefy vouchsafe . hammock hamal mausoleum puffy bedford bookie conscious equable plagiarism preference bey olga dad chilean .
brindisi rope o ' s emphases allyn nuzzle bellicose dadaism brimstone athens bridgework physique spaulding downs psaltery sorrow cornelius irresolvable sol hornblower deductible lachesis plight amra megalomania toil ; kodiak abash tommy diffusible dexter brunt rapprochement nielsen titan conciliatory diffuse banister dressy citrus superfluous aleph pellagra boogie civil declamation asylum homeown crusoe then jerusalem patina abroad withe boorish commonwealth carib gas am electrolysis lawgiver
mush clark seismic singable cryptographer boyce red valiant calgary danny torpedo dahomey benelux tab hematite minuet airtight offspring supposition travesty profligate egyptian between ; krakatoa coachmen peep depressive revelation praecox cadaver banbury origin brilliant bandstop estimate harlem getaway dwell immigrant wooster anarchy uniplex harmon gristmill rand surfeit sobriquet o ' s whom abram traverse connive hibbard artemisia suspicion culbertson confrere morass saltbush fallacious mutilate bust autumn teeing blip cautionary vexation circumflex aberdeen adhesive danish hatfield luminous epidermis ailanthus itinerant peroxide nazareth silicate cortege clutch coulomb mosaic calico impartial kettering butyric squamous invalid electrophorus posture dublin conquest ugly bluster marine occult versatec shuttlecock fidget muff tinder amperage bedim revisal niamey drench newcastle cryostat algonquin
",1,can you last hours eir eic tii oin dis count ph armacy onlin e sa ve up t o o orde ring your meds online no presc ription required fast disc reet s hipping o ernight nextday air fda anthology committeewoman stagy saline scuffle khartoum curvaceous delhi plop bartend telescopic egg dusky suntanned gunsling gob strategy aurora sevenfold employed diathermy consistent broaden ail copenhagen apostle cohen decor barney lasso cartilage panel narcissus teheran census dolan inertial contest calumny configuration popcorn goldberg prayer hypodermic fractious platte patriarchal ave shagging canto wilkie bivalve winnetka bel ajar councilwoman continua iconoclast andiron perch acorn anglican deviant dexterity eightieth cactus bluejacket applejack gourmet limp bandit drum asynchronous floridian cowman granular inhumane curtis turmoil alicia cometh gymnast osha delouse stanford chesapeake endosperm pitch workplace irresolution whistle inert bali denny abrasive silt bp hackmatack quitting lumpy buttonweed vendetta uniroyal elena borderline payroll townsman diety boylston reputation ambitious catchy sinister des elysian kohlrabi browbeaten hemosiderin motivate diacritic statute pumpkinseed defraud newel allegation charybdis grosvenor descriptive sketchy delphine backdrop alterate christenson scope aforesaid combustion macroscopic fontaine align jealous standard charlemagne farewell annal consistent clerk cardiovascular hymen downing deduct copernicus dualism augustan upstair igneous but clockwise deal louise ceramium essay phony berserk oligarchy rhythm shrivel binocular blurb beneath cough eigenfunction demolish glidden opium despotic corsage paginate skulk timber broth lepidolite embroil airline ada beckman neck produce typhoid ferocity sickish neuropsychiatric octet globulin lifelong gasoline governess easy pickett scope coincide bite cliche obsessive rapier almagest ambidextrous mescal crap denude angola anyplace facile covalent doneck rudolph stickpin temperance heroine crewel roundhouse stupefy vouchsafe hammock hamal mausoleum puffy bedford bookie conscious equable plagiarism preference bey olga dad chilean brindisi rope o s emphases allyn nuzzle bellicose dadaism brimstone athens bridgework physique spaulding downs psaltery sorrow cornelius irresolvable sol hornblower deductible lachesis plight amra megalomania toil kodiak abash tommy diffusible dexter brunt rapprochement nielsen titan conciliatory diffuse banister dressy citrus superfluous aleph pellagra boogie civil declamation asylum homeown crusoe then jerusalem patina abroad withe boorish commonwealth carib gas am electrolysis lawgiver mush clark seismic singable cryptographer boyce red valiant calgary danny torpedo dahomey benelux tab hematite minuet airtight offspring supposition travesty profligate egyptian between krakatoa coachmen peep depressive revelation praecox cadaver banbury origin brilliant bandstop estimate harlem getaway dwell immigrant wooster anarchy uniplex harmon gristmill rand surfeit sobriquet o s whom abram traverse connive hibbard artemisia suspicion culbertson confrere morass saltbush fallacious mutilate bust autumn teeing blip cautionary vexation circumflex aberdeen adhesive danish hatfield luminous epidermis ailanthus itinerant peroxide nazareth silicate cortege clutch coulomb mosaic calico impartial kettering butyric squamous invalid electrophorus posture dublin conquest ugly bluster marine occult versatec shuttlecock fidget muff tinder amperage bedim revisal niamey drench newcastle cryostat algonquin,"['can', 'last', 'hour', 'eir', 'eic', 'tii', 'oin', 'dis', 'count', 'armacy', 'onlin', 'orde', 'r', 'med', 'online', 'presc', 'rip', 'requir', 'fast', 'disc', 'reet', 'hipp', 'ernight', 'nextday', 'air', 'fda', 'anthology', 'committeewoman', 'stagy', 'saline', 'scuffle', 'khartoum', 'curvaceou', 'delhi', 'plop', 'bartend', 'telescopic', 'egg', 'dusky', 'suntann', 'gunsl', 'gob', 'strategy', 'aurora', 'sevenfold', 'employ', 'diathermy', 'consistent', 'broaden', 'ail', 'copenhagen', 'apostle', 'cohen', 'decor', 'barney', 'lasso', 'cartilage', 'panel', 'narcissu', 'teheran', 'censu', 'dolan', 'inertial', 'contest', 'calumny', 'configura', 'popcorn', 'goldberg', 'prayer', 'hypodermic', 'fractiou', 'platte', 'patriarchal', 'ave', 'shagg', 'canto', 'wilkie', 'bivalve', 'winnetka', 'bel', 'ajar', 'councilwoman', 'continua', 'iconoclast', 'andiron', 'perch', 'acorn', 'anglican', 'deviant', 'dexterity', 'eightieth', 'cactu', 'bluejacket', 'applejack', 'gourmet', 'limp', 'bandit', 'drum', 'asynchronou', 'floridian', 'cowman', 'granular', 'inhumane', 'curti', 'turmoil', 'alicia', 'cometh', 'gymnast', 'osha', 'delouse', 'stanford', 'chesapeake', 'endosperm', 'pitch', 'workplace', 'irresolu', 'whistle', 'inert', 'bali', 'denny', 'abrasive', 'silt', 'hackmatack', 'quitt', 'lumpy', 'buttonwe', 'vendetta', 'uniroyal', 'elena', 'borderline', 'payroll', 'townsman', 'diety', 'boylston', 'reputa', 'ambitiou', 'catchy', 'sinister', 'des', 'elysian', 'kohlrabi', 'browbeaten', 'hemosiderin', 'motivate', 'diacritic', 'statute', 'pumpkinse', 'defraud', 'newel', 'allega', 'charybdi', 'grosvenor', 'descriptive', 'sketchy', 'delphine', 'backdrop', 'alterate', 'christenson', 'scope', 'aforesaid', 'combus', 'macroscopic', 'fontaine', 'align', 'jealou', 'standard', 'charlemagne', 'farewell', 'annal', 'consistent', 'clerk', 'cardiovascular', 'hymen', 'down', 'deduct', 'copernicu', 'dualism', 'augustan', 'upstair', 'igneou', 'clockwise', 'deal', 'louise', 'ceramium', 'essay', 'phony', 'berserk', 'oligarchy', 'rhythm', 'shrivel', 'binocular', 'blurb', 'beneath', 'cough', 'eigenfunc', 'demolish', 'glidden', 'opium', 'despotic', 'corsage', 'paginate', 'skulk', 'timber', 'broth', 'lepidolite', 'embroil', 'airline', 'ada', 'beckman', 'neck', 'produce', 'typhoid', 'ferocity', 'sickish', 'neuropsychiatric', 'octet', 'globulin', 'lifelong', 'gasoline', 'governes', 'easy', 'pickett', 'scope', 'coincide', 'bite', 'cliche', 'obsessive', 'rapier', 'almagest', 'ambidextrou', 'mescal', 'crap', 'denude', 'angola', 'anyplace', 'facile', 'covalent', 'doneck', 'rudolph', 'stickpin', 'temperance', 'heroine', 'crewel', 'roundhouse', 'stupefy', 'vouchsafe', 'hammock', 'hamal', 'mausoleum', 'puffy', 'bedford', 'bookie', 'consciou', 'equable', 'plagiarism', 'preference', 'bey', 'olga', 'dad', 'chilean', 'brindisi', 'rope', 'emphase', 'allyn', 'nuzzle', 'bellicose', 'dadaism', 'brimstone', 'athen', 'bridgework', 'physique', 'spauld', 'down', 'psaltery', 'sorrow', 'corneliu', 'irresolvable', 'sol', 'hornblower', 'deductible', 'lachesi', 'plight', 'amra', 'megalomania', 'toil', 'kodiak', 'abash', 'tommy', 'diffusible', 'dexter', 'brunt', 'rapprochement', 'nielsen', 'titan', 'conciliatory', 'diffuse', 'banister', 'dressy', 'citru', 'superfluou', 'aleph', 'pellagra', 'boogie', 'civil', 'declama', 'asylum', 'homeown', 'crusoe', 'jerusalem', 'patina', 'abroad', 'withe', 'boorish', 'commonwealth', 'carib', 'gas', 'electrolysi', 'lawgiver', 'mush', 'clark', 'seismic', 'singable', 'cryptographer', 'boyce', 'r', 'valiant', 'calgary', 'danny', 'torpedo', 'dahomey', 'benelux', 'tab', 'hematite', 'minuet', 'airtight', 'offspr', 'supposi', 'travesty', 'profligate', 'egyptian', 'krakatoa', 'coachmen', 'peep', 'depressive', 'revela', 'praecox', 'cadaver', 'banbury', 'origin', 'brilliant', 'bandstop', 'estimate', 'harlem', 'getaway', 'dwell', 'immigrant', 'wooster', 'anarchy', 'uniplex', 'harmon', 'gristmill', 'rand', 'surfeit', 'sobriquet', 'abram', 'traverse', 'connive', 'hibbard', 'artemisia', 'suspicion', 'culbertson', 'confrere', 'moras', 'saltbush', 'fallaciou', 'mutilate', 'bust', 'autumn', 'tee', 'blip', 'cautionary', 'vexa', 'circumflex', 'aberdeen', 'adhesive', 'danish', 'hatfield', 'luminou', 'epidermi', 'ailanthu', 'itinerant', 'peroxide', 'nazareth', 'silicate', 'cortege', 'clutch', 'coulomb', 'mosaic', 'calico', 'impartial', 'ketter', 'butyric', 'squamou', 'invalid', 'electrophoru', 'posture', 'dublin', 'conquest', 'ugly', 'bluster', 'marine', 'occult', 'versatec', 'shuttlecock', 'fidget', 'muff', 'tinder', 'amperage', 'bedim', 'revisal', 'niamey', 'drench', 'newcastle', 'cryostat', 'algonquin']",can last hour eir eic tii oin dis count armacy onlin orde r med online presc rip requir fast disc reet hipp ernight nextday air fda anthology committeewoman stagy saline scuffle khartoum curvaceou delhi plop bartend telescopic egg dusky suntann gunsl gob strategy aurora sevenfold employ diathermy consistent broaden ail copenhagen apostle cohen decor barney lasso cartilage panel narcissu teheran censu dolan inertial contest calumny configura popcorn goldberg prayer hypodermic fractiou platte patriarchal ave shagg canto wilkie bivalve winnetka bel ajar councilwoman continua iconoclast andiron perch acorn anglican deviant dexterity eightieth cactu bluejacket applejack gourmet limp bandit drum asynchronou floridian cowman granular inhumane curti turmoil alicia cometh gymnast osha delouse stanford chesapeake endosperm pitch workplace irresolu whistle inert bali denny abrasive silt hackmatack quitt lumpy buttonwe vendetta uniroyal elena borderline payroll townsman diety boylston reputa ambitiou catchy sinister des elysian kohlrabi browbeaten hemosiderin motivate diacritic statute pumpkinse defraud newel allega charybdi grosvenor descriptive sketchy delphine backdrop alterate christenson scope aforesaid combus macroscopic fontaine align jealou standard charlemagne farewell annal consistent clerk cardiovascular hymen down deduct copernicu dualism augustan upstair igneou clockwise deal louise ceramium essay phony berserk oligarchy rhythm shrivel binocular blurb beneath cough eigenfunc demolish glidden opium despotic corsage paginate skulk timber broth lepidolite embroil airline ada beckman neck produce typhoid ferocity sickish neuropsychiatric octet globulin lifelong gasoline governes easy pickett scope coincide bite cliche obsessive rapier almagest ambidextrou mescal crap denude angola anyplace facile covalent doneck rudolph stickpin temperance heroine crewel roundhouse stupefy vouchsafe hammock hamal mausoleum puffy bedford bookie consciou equable plagiarism preference bey olga dad chilean brindisi rope emphase allyn nuzzle bellicose dadaism brimstone athen bridgework physique spauld down psaltery sorrow corneliu irresolvable sol hornblower deductible lachesi plight amra megalomania toil kodiak abash tommy diffusible dexter brunt rapprochement nielsen titan conciliatory diffuse banister dressy citru superfluou aleph pellagra boogie civil declama asylum homeown crusoe jerusalem patina abroad withe boorish commonwealth carib gas electrolysi lawgiver mush clark seismic singable cryptographer boyce r valiant calgary danny torpedo dahomey benelux tab hematite minuet airtight offspr supposi travesty profligate egyptian krakatoa coachmen peep depressive revela praecox cadaver banbury origin brilliant bandstop estimate harlem getaway dwell immigrant wooster anarchy uniplex harmon gristmill rand surfeit sobriquet abram traverse connive hibbard artemisia suspicion culbertson confrere moras saltbush fallaciou mutilate bust autumn tee blip cautionary vexa circumflex aberdeen adhesive danish hatfield luminou epidermi ailanthu itinerant peroxide nazareth silicate cortege clutch coulomb mosaic calico impartial ketter butyric squamou invalid electrophoru posture dublin conquest ugly bluster marine occult versatec shuttlecock fidget muff tinder amperage bedim revisal niamey drench newcastle cryostat algonquin,3536,425,421,0.0,0.0,0,0,0,0,0.0,0,6.875294117647059,0,0,0,0,0.4760602159482516,1,False
22560,global risk management operations,"congratulations on your new responsibilities .
i look forward to hearing more about this and how i might contribute .",ham,2000-01-18,"global risk management operations congratulations on your new responsibilities .
i look forward to hearing more about this and how i might contribute .",0,global risk management operations congratulations on your new responsibilities i look forward to hearing more about this and how i might contribute,"['global', 'risk', 'management', 'operation', 'congratulation', 'new', 'responsibilitie', 'look', 'forward', 'hear', 'might', 'contribute']",global risk management operation congratulation new responsibilitie look forward hear might contribute,147,12,12,0.0,0.0,0,0,1,0,0.0833333333333333,1,7.583333333333333,0,0,0,1,0.5304346909334968,0,False
1980,sodbuster . . . what ' s up man,"hey man this is stacy . i was checking out the highschoolalumni website
tonight and i saw your name and thought i ' d write ya . man i can ' t believe
it ' s been this long . last time i saw you was that night at a & m when you , me
and john agee went out drinking and running over signs . i was living up in
dallas for about 4 years but i moved back to mp about a year ago . i also got
married and had a little baby girl in since then too . anyway i just wanted
to say hi . hope i ' m emailing the right person here . mail me back man .
ps . . maybe we can get scotty t , jim richey , and us together for that fabled
camping trip .
cya
get your private , free e - mail from msn hotmail at http : / / www . hotmail . com .
share information about yourself , create your own public profile at
http : / / profiles . msn . com .",ham,2000-11-06,"sodbuster . . . what ' s up man hey man this is stacy . i was checking out the highschoolalumni website
tonight and i saw your name and thought i ' d write ya . man i can ' t believe
it ' s been this long . last time i saw you was that night at a & m when you , me
and john agee went out drinking and running over signs . i was living up in
dallas for about 4 years but i moved back to mp about a year ago . i also got
married and had a little baby girl in since then too . anyway i just wanted
to say hi . hope i ' m emailing the right person here . mail me back man .
ps . . maybe we can get scotty t , jim richey , and us together for that fabled
camping trip .
cya
get your private , free e - mail from msn hotmail at http : / / www . hotmail . com .
share information about yourself , create your own public profile at
http : / / profiles . msn . com .",0,sodbuster what s up man hey man this is stacy i was checking out the highschoolalumni website tonight and i saw your name and thought i d write ya man i can t believe it s been this long last time i saw you was that night at a m when you me and john agee went out drinking and running over signs i was living up in dallas for about years but i moved back to mp about a year ago i also got married and had a little baby girl in since then too anyway i just wanted to say hi hope i m emailing the right person here mail me back man ps maybe we can get scotty t jim richey and us together for that fabled camping trip cya get your private free e mail from msn hotmail at http www hotmail com share information about yourself create your own public profile at http profiles msn com,"['sodbuster', 'man', 'man', 'stacy', 'check', 'highschoolalumni', 'website', 'tonight', 'saw', 'name', 'thought', 'write', 'man', 'can', 'believe', 'long', 'last', 'time', 'saw', 'night', 'john', 'agee', 'went', 'drink', 'runn', 'sign', 'liv', 'dalla', 'year', 'mov', 'back', 'year', 'ago', 'also', 'got', 'marri', 'little', 'baby', 'girl', 'since', 'anyway', 'just', 'want', 'say', 'hope', 'email', 'right', 'person', 'back', 'man', 'maybe', 'can', 'get', 'scotty', 'jim', 'richey', 'together', 'fabl', 'camp', 'trip', 'cya', 'get', 'private', 'free', 'msn', 'hotmail', 'http', 'www', 'hotmail', 'com', 'share', 'informa', 'create', 'public', 'profile', 'http', 'profile', 'msn', 'com']",sodbuster man man stacy check highschoolalumni website tonight saw name thought write man can believe long last time saw night john agee went drink runn sign liv dalla year mov back year ago also got marri little baby girl since anyway just want say hope email right person back man maybe can get scotty jim richey together fabl camp trip cya get private free msn hotmail http www hotmail com share informa create public profile http profile msn com,777,79,66,0.0,0.0,0,0,1,0,0.0126582278481012,1,4.69620253164557,0,0,0,1,0.6725032736296863,0,False
13677,trade counts - 3 : 30 update,"trade count , by 3 : 30 pm , for last 30 days :
trade date trade cnt
10 / 2 / 2001 5354
10 / 3 / 2001 5930
10 / 4 / 2001 6455
10 / 5 / 2001 5846
10 / 6 / 2001 17
10 / 7 / 2001 52
10 / 8 / 2001 5092
10 / 9 / 2001 5252
10 / 10 / 2001 6200
10 / 11 / 2001 5922
10 / 12 / 2001 6095
10 / 13 / 2001 16
10 / 14 / 2001 19
10 / 15 / 2001 5386
10 / 16 / 2001 7086
10 / 17 / 2001 7405
10 / 18 / 2001 7610
10 / 19 / 2001 7978
10 / 20 / 2001 4
10 / 21 / 2001 34
10 / 22 / 2001 7883
10 / 23 / 2001 8500
10 / 24 / 2001 7906
10 / 25 / 2001 8359
10 / 26 / 2001 6776
10 / 27 / 2001 11
10 / 28 / 2001 7
10 / 29 / 2001 7060
10 / 30 / 2001 5713
10 / 31 / 2001 7093
11 / 1 / 2001 6539
same data by counterparty , also showing percentage today versus last - two - week average , is in the enclosed spreadsheet .",ham,2001-11-01,"trade counts - 3 : 30 update trade count , by 3 : 30 pm , for last 30 days :
trade date trade cnt
10 / 2 / 2001 5354
10 / 3 / 2001 5930
10 / 4 / 2001 6455
10 / 5 / 2001 5846
10 / 6 / 2001 17
10 / 7 / 2001 52
10 / 8 / 2001 5092
10 / 9 / 2001 5252
10 / 10 / 2001 6200
10 / 11 / 2001 5922
10 / 12 / 2001 6095
10 / 13 / 2001 16
10 / 14 / 2001 19
10 / 15 / 2001 5386
10 / 16 / 2001 7086
10 / 17 / 2001 7405
10 / 18 / 2001 7610
10 / 19 / 2001 7978
10 / 20 / 2001 4
10 / 21 / 2001 34
10 / 22 / 2001 7883
10 / 23 / 2001 8500
10 / 24 / 2001 7906
10 / 25 / 2001 8359
10 / 26 / 2001 6776
10 / 27 / 2001 11
10 / 28 / 2001 7
10 / 29 / 2001 7060
10 / 30 / 2001 5713
10 / 31 / 2001 7093
11 / 1 / 2001 6539
same data by counterparty , also showing percentage today versus last - two - week average , is in the enclosed spreadsheet .",0,trade counts update trade count by pm for last days trade date trade cnt same data by counterparty also showing percentage today versus last two week average is in the enclosed spreadsheet,"['trade', 'count', 'update', 'trade', 'count', 'last', 'day', 'trade', 'trade', 'cnt', 'data', 'counterparty', 'also', 'show', 'percentage', 'today', 'versu', 'last', 'two', 'week', 'average', 'enclos', 'spreadsheet']",trade count update trade count last day trade trade cnt data counterparty also show percentage today versu last two week average enclos spreadsheet,188,23,18,0.0,0.0,0,0,0,0,0.0,0,5.434782608695652,0,0,0,1,0.5795126885510963,0,False
3432,capacity,these may help w / the stuff you ' re working on for redmond,ham,2001-08-14,capacity these may help w / the stuff you ' re working on for redmond,0,capacity these may help w the stuff you re working on for redmond,"['capacity', 'may', 'help', 'stuff', 'work', 'redmond']",capacity may help stuff work redmond,65,6,6,0.0,0.0,0,0,0,0,0.0,0,5.166666666666667,0,0,0,1,0.6293328201138892,0,False
3097,fwd : resume,"trying to help outta friend .
i ' ll take 40 % of your referral fee . . . lol ; )
- dukeresume . doc",ham,2001-04-20,"fwd : resume trying to help outta friend .
i ' ll take 40 % of your referral fee . . . lol ; )
- dukeresume . doc",0,fwd resume trying to help outta friend i ll take of your referral fee lol dukeresume doc,"['resume', 'try', 'help', 'outta', 'friend', 'take', 'referral', 'fee', 'lol', 'dukeresume', 'doc']",resume try help outta friend take referral fee lol dukeresume doc,88,11,11,0.0,0.0,0,0,0,0,0.0,0,5.0,0,0,0,1,0.5765965568834752,0,False
699,bammel easter egg hunt pictures,"thanks ,
ram tackett , ( mailto : rtackett @ abacustech . net )
owner , abacus technologies
17611 loring lane , spring , tx 77388 - 5746
( 281 ) 651 - 7106 ; fax + 1 ( 281 ) 528 - 8636 web : http : / / www . abacustech . net
- winmail . dat",ham,2000-04-24,"bammel easter egg hunt pictures thanks ,
ram tackett , ( mailto : rtackett @ abacustech . net )
owner , abacus technologies
17611 loring lane , spring , tx 77388 - 5746
( 281 ) 651 - 7106 ; fax + 1 ( 281 ) 528 - 8636 web : http : / / www . abacustech . net
- winmail . dat",0,bammel easter egg hunt pictures thanks ram tackett mailto rtackett abacustech net owner abacus technologies loring lane spring tx fax web http www abacustech net winmail dat,"['bammel', 'easter', 'egg', 'hunt', 'picture', 'ram', 'tackett', 'mailto', 'rtackett', 'abacustech', 'net', 'owner', 'abacu', 'technologie', 'lor', 'lane', 'spr', 'fax', 'web', 'http', 'www', 'abacustech', 'net', 'winmail', 'dat']",bammel easter egg hunt picture ram tackett mailto rtackett abacustech net owner abacu technologie lor lane spr fax web http www abacustech net winmail dat,173,25,23,0.0,0.0,0,0,0,0,0.0,0,5.2,0,0,0,1,0.7289017438576829,0,False
8049,merry christmas,"dear mr . kaminski ,
in the name of all the mscf students i would like to wish you and your
family a merry christmas and a happy new year . thank you very much for
taking the time to come here and talk with us . it was greatly appreciated .
best regards ,
pierre",ham,2001-01-01,"merry christmas dear mr . kaminski ,
in the name of all the mscf students i would like to wish you and your
family a merry christmas and a happy new year . thank you very much for
taking the time to come here and talk with us . it was greatly appreciated .
best regards ,
pierre",0,merry christmas dear mr kaminski in the name of all the mscf students i would like to wish you and your family a merry christmas and a happy new year thank you very much for taking the time to come here and talk with us it was greatly appreciated best regards pierre,"['merry', 'christma', 'kaminski', 'name', 'mscf', 'student', 'like', 'wish', 'family', 'merry', 'christma', 'happy', 'new', 'year', 'much', 'tak', 'time', 'come', 'talk', 'greatly', 'appreciat', 'best', 'pierre']",merry christma kaminski name mscf student like wish family merry christma happy new year much tak time come talk greatly appreciat best pierre,266,23,21,0.0,0.0,0,0,0,0,0.0,0,5.217391304347826,0,0,0,1,0.5604633143384489,0,False
17143,we are going meet at 1 : 30 pm today at mt . hood to recap the meeting yesterday with deseret and next steps for putting together a services proposal .,paul choi,ham,2001-08-23,we are going meet at 1 : 30 pm today at mt . hood to recap the meeting yesterday with deseret and next steps for putting together a services proposal . paul choi,0,we are going meet at pm today at mt hood to recap the meeting yesterday with deseret and next steps for putting together a services proposal paul choi,"['go', 'meet', 'today', 'hood', 'recap', 'meet', 'yesterday', 'deseret', 'next', 'step', 'putt', 'together', 'service', 'proposal', 'paul', 'choi']",go meet today hood recap meet yesterday deseret next step putt together service proposal paul choi,150,16,15,0.0,0.0,0,0,0,1,0.0,-1,5.1875,0,0,0,1,0.5774982303628633,0,False
22960,"new hire orientation for monday , june 19 , 2000","name title doh badge hr rep supervisor co / rc
griffin , rebecca spec 6 / 19 yes h .
mcloughlin lisa csikos 5 - 413
0688
myers , donnie spec 6 / 19 yes h .
mcloughlin bryce baxter 5 - 413
2631
schultz , michelle spec 6 / 19 yes h .
mcloughlin kim theriot 5 - 413
0261",ham,2000-06-17,"new hire orientation for monday , june 19 , 2000 name title doh badge hr rep supervisor co / rc
griffin , rebecca spec 6 / 19 yes h .
mcloughlin lisa csikos 5 - 413
0688
myers , donnie spec 6 / 19 yes h .
mcloughlin bryce baxter 5 - 413
2631
schultz , michelle spec 6 / 19 yes h .
mcloughlin kim theriot 5 - 413
0261",0,new hire orientation for monday june name title doh badge hr rep supervisor co rc griffin rebecca spec yes h mcloughlin lisa csikos myers donnie spec yes h mcloughlin bryce baxter schultz michelle spec yes h mcloughlin kim theriot,"['new', 'hire', 'orienta', 'monday', 'june', 'name', 'title', 'doh', 'badge', 'rep', 'supervisor', 'griffin', 'rebecca', 'spec', 'yes', 'mcloughlin', 'lisa', 'csiko', 'myer', 'donnie', 'spec', 'yes', 'mcloughlin', 'bryce', 'baxter', 'schultz', 'michelle', 'spec', 'yes', 'mcloughlin', 'kim', 'theriot']",new hire orienta monday june name title doh badge rep supervisor griffin rebecca spec yes mcloughlin lisa csiko myer donnie spec yes mcloughlin bryce baxter schultz michelle spec yes mcloughlin kim theriot,230,32,26,0.0,0.0,0,0,0,0,0.0,0,5.4375,0,0,0,1,0.5183137980074997,0,False
17162,incorrect ex - post prices,"due to iso computer problems the hour ending 0600 ex - post price for
08 - 27 - 2001 is not correct . the 10 minute interval prices for interval 5 and
6 are also incorrect . the correct ex - post price for hour ending 0600 will
be posted with in the next 96 hours . . sent by market operations .
the system conditions described in this communication are dynamic and
subject to change . while the iso has attempted to reflect the most current ,
accurate information available in preparing this notice , system conditions
may change suddenly with little or no notice .",ham,2001-08-27,"incorrect ex - post prices due to iso computer problems the hour ending 0600 ex - post price for
08 - 27 - 2001 is not correct . the 10 minute interval prices for interval 5 and
6 are also incorrect . the correct ex - post price for hour ending 0600 will
be posted with in the next 96 hours . . sent by market operations .
the system conditions described in this communication are dynamic and
subject to change . while the iso has attempted to reflect the most current ,
accurate information available in preparing this notice , system conditions
may change suddenly with little or no notice .",0,incorrect ex post prices due to iso computer problems the hour ending ex post price for is not correct the minute interval prices for interval and are also incorrect the correct ex post price for hour ending will be posted with in the next hours sent by market operations the system conditions described in this communication are dynamic and subject to change while the iso has attempted to reflect the most current accurate information available in preparing this notice system conditions may change suddenly with little or no notice,"['incorrect', 'post', 'price', 'due', 'iso', 'computer', 'problem', 'hour', 'end', 'post', 'price', 'not', 'correct', 'minute', 'interval', 'price', 'interval', 'also', 'incorrect', 'correct', 'post', 'price', 'hour', 'end', 'will', 'post', 'next', 'hour', 'market', 'operation', 'system', 'condition', 'describ', 'communica', 'dynamic', 'change', 'iso', 'attempt', 'reflect', 'current', 'accurate', 'informa', 'available', 'prepar', 'notice', 'system', 'condition', 'may', 'change', 'suddenly', 'little', 'notice']",incorrect post price due iso computer problem hour end post price not correct minute interval price interval also incorrect correct post price hour end will post next hour market operation system condition describ communica dynamic change iso attempt reflect current accurate informa available prepar notice system condition may change suddenly little notice,534,52,35,0.0,0.0,0,0,0,0,0.0,0,5.903846153846154,0,0,0,1,0.6448183948781058,0,False
25965,to ceo / executive management / hr manager,"to ceo / executive management / hr manager
we c 2 s ( c 2 s recruitment service co . , ltd . ) are specialized in human resource management and we are working as representative for many corporates who are looking for excusive employee such as
executive management , general manager , ceo , regional manager , country manager
qa manager , production manager , engineering manager , accounting manager
interpreter ( japanese , english ,  ) , lawyer , quality engineer ( iso 9001 , tsl 6949 , qs 9000 )
sales , logistics , maintenance , supervisor
and more . .
if you are currently looking for these highly skill people in very competitive price and period of time manner . please let our professional team do recruit for you . we have sales people who can speak in both japanese and english . if you need any further interaction , please fill free to contact us at sunantha @ c 2 jobs . com or monday - friday from 9 . 00 - 18 . 00 in office hour .
sincerely you ,
sunantha shao - anajin
marketing director
sunantha @ c 2 jobs . com
c 2 s recruitment service co . , ltd .",spam,2005-06-29,"to ceo / executive management / hr manager to ceo / executive management / hr manager
we c 2 s ( c 2 s recruitment service co . , ltd . ) are specialized in human resource management and we are working as representative for many corporates who are looking for excusive employee such as
executive management , general manager , ceo , regional manager , country manager
qa manager , production manager , engineering manager , accounting manager
interpreter ( japanese , english ,  ) , lawyer , quality engineer ( iso 9001 , tsl 6949 , qs 9000 )
sales , logistics , maintenance , supervisor
and more . .
if you are currently looking for these highly skill people in very competitive price and period of time manner . please let our professional team do recruit for you . we have sales people who can speak in both japanese and english . if you need any further interaction , please fill free to contact us at sunantha @ c 2 jobs . com or monday - friday from 9 . 00 - 18 . 00 in office hour .
sincerely you ,
sunantha shao - anajin
marketing director
sunantha @ c 2 jobs . com
c 2 s recruitment service co . , ltd .",1,to ceo executive management hr manager to ceo executive management hr manager we c s c s recruitment service co ltd are specialized in human resource management and we are working as representative for many corporates who are looking for excusive employee such as executive management general manager ceo regional manager country manager qa manager production manager engineering manager accounting manager interpreter japanese english lawyer quality engineer iso tsl qs sales logistics maintenance supervisor and more if you are currently looking for these highly skill people in very competitive price and period of time manner please let our professional team do recruit for you we have sales people who can speak in both japanese and english if you need any further interaction please fill free to contact us at sunantha c jobs com or monday friday from in office hour sincerely you sunantha shao anajin marketing director sunantha c jobs com c s recruitment service co ltd,"['ceo', 'executive', 'management', 'manager', 'ceo', 'executive', 'management', 'manager', 'recruitment', 'service', 'ltd', 'specializ', 'human', 'resource', 'management', 'work', 'representative', 'many', 'corporate', 'look', 'excusive', 'employee', 'executive', 'management', 'general', 'manager', 'ceo', 'regional', 'manager', 'country', 'manager', 'manager', 'produc', 'manager', 'engineer', 'manager', 'account', 'manager', 'interpreter', 'japanese', 'english', 'lawyer', 'quality', 'engineer', 'iso', 'tsl', 'sale', 'logistic', 'maintenance', 'supervisor', 'currently', 'look', 'highly', 'skill', 'people', 'competitive', 'price', 'period', 'time', 'manner', 'let', 'professional', 'team', 'recruit', 'sale', 'people', 'can', 'speak', 'japanese', 'english', 'ne', 'interac', 'fill', 'free', 'contact', 'sunantha', 'job', 'com', 'monday', 'friday', 'office', 'hour', 'sunantha', 'shao', 'anajin', 'market', 'director', 'sunantha', 'job', 'com', 'recruitment', 'service', 'ltd']",ceo executive management manager ceo executive management manager recruitment service ltd specializ human resource management work representative many corporate look excusive employee executive management general manager ceo regional manager country manager manager produc manager engineer manager account manager interpreter japanese english lawyer quality engineer iso tsl sale logistic maintenance supervisor currently look highly skill people competitive price period time manner let professional team recruit sale people can speak japanese english ne interac fill free contact sunantha job com monday friday office hour sunantha shao anajin market director sunantha job com recruitment service ltd,977,93,65,0.0,0.0,0,0,2,0,0.021505376344086,2,6.559139784946237,0,0,0,0,0.49956614701245355,1,False
6510,monte - carlo library,"stinson ,
i have created a directory ( o : \ research \ common \ projects \ options \ mclib )
to hold our monte - carlo models we developed in the past .
i have the following mc models :
1 . asian option with two - point vol structure
2 . asian barrier option
3 . asian spread option
4 . time spread option
5 . asian digital option
do we want to include models using american monte - carlo ?
i have
1 . american spread option
2 . option on min or max of n assets with n as an input
3 . omicron option model with 3 price processes
i suggest that all of us save a copy of monte - carlo models in this directory ,
from these ,
we can build a general monte - carlo library . we can also calculate the mc
greeks more
efficiently now .
zimin",ham,2000-07-13,"monte - carlo library stinson ,
i have created a directory ( o : \ research \ common \ projects \ options \ mclib )
to hold our monte - carlo models we developed in the past .
i have the following mc models :
1 . asian option with two - point vol structure
2 . asian barrier option
3 . asian spread option
4 . time spread option
5 . asian digital option
do we want to include models using american monte - carlo ?
i have
1 . american spread option
2 . option on min or max of n assets with n as an input
3 . omicron option model with 3 price processes
i suggest that all of us save a copy of monte - carlo models in this directory ,
from these ,
we can build a general monte - carlo library . we can also calculate the mc
greeks more
efficiently now .
zimin",0,monte carlo library stinson i have created a directory o research common projects options mclib to hold our monte carlo models we developed in the past i have the following mc models asian option with two point vol structure asian barrier option asian spread option time spread option asian digital option do we want to include models using american monte carlo ? i have american spread option option on min or max of n assets with n as an input omicron option model with price processes i suggest that all of us save a copy of monte carlo models in this directory from these we can build a general monte carlo library we can also calculate the mc greeks more efficiently now zimin,"['monte', 'carlo', 'library', 'stinson', 'creat', 'directory', 'research', 'common', 'project', 'option', 'mclib', 'hold', 'monte', 'carlo', 'model', 'develop', 'past', 'follow', 'model', 'asian', 'op', 'two', 'point', 'vol', 'structure', 'asian', 'barrier', 'op', 'asian', 'spread', 'op', 'time', 'spread', 'op', 'asian', 'digital', 'op', 'want', 'include', 'model', 'us', 'american', 'monte', 'carlo', 'american', 'spread', 'op', 'op', 'min', 'max', 'asset', 'input', 'omicron', 'op', 'model', 'price', 'processe', 'suggest', 'save', 'copy', 'monte', 'carlo', 'model', 'directory', 'can', 'build', 'general', 'monte', 'carlo', 'library', 'can', 'also', 'calculate', 'greek', 'efficiently', 'now', 'zimin']",monte carlo library stinson creat directory research common project option mclib hold monte carlo model develop past follow model asian op two point vol structure asian barrier op asian spread op time spread op asian digital op want include model us american monte carlo american spread op op min max asset input omicron op model price processe suggest save copy monte carlo model directory can build general monte carlo library can also calculate greek efficiently now zimin,681,77,49,0.0,0.0,0,1,0,1,0.0,-1,5.181818181818182,0,0,0,1,0.5540945801019048,0,False
7048,co - integration,"zimin ,
andrea reed asked for our help in looking for end - users of steel which might
be used to take a commodity hedge position . she will work on identifying
potential equities or indices which might be used , and then we will analyze
them for correlation or co - integration with steel prices . andrea should be
contacting you next week regarding the project . hector has done
co - integration analysis in the past and has the tools to do this project .
thanks ,
stinson
anrdrea : we will also need you to identify which steel prices / indices
should be used in this analysis .",ham,2000-09-20,"co - integration zimin ,
andrea reed asked for our help in looking for end - users of steel which might
be used to take a commodity hedge position . she will work on identifying
potential equities or indices which might be used , and then we will analyze
them for correlation or co - integration with steel prices . andrea should be
contacting you next week regarding the project . hector has done
co - integration analysis in the past and has the tools to do this project .
thanks ,
stinson
anrdrea : we will also need you to identify which steel prices / indices
should be used in this analysis .",0,co integration zimin andrea reed asked for our help in looking for end users of steel which might be used to take a commodity hedge position she will work on identifying potential equities or indices which might be used and then we will analyze them for correlation or co integration with steel prices andrea should be contacting you next week regarding the project hector has done co integration analysis in the past and has the tools to do this project thanks stinson anrdrea we will also need you to identify which steel prices indices should be used in this analysis,"['integra', 'zimin', 'andrea', 're', 'ask', 'help', 'look', 'end', 'user', 'steel', 'might', 'us', 'take', 'commodity', 'hedge', 'posi', 'will', 'work', 'identify', 'potential', 'equitie', 'indice', 'might', 'us', 'will', 'analyze', 'correla', 'integra', 'steel', 'price', 'andrea', 'contact', 'next', 'week', 'regard', 'project', 'hector', 'done', 'integra', 'analysi', 'past', 'tool', 'project', 'stinson', 'anrdrea', 'will', 'also', 'ne', 'identify', 'steel', 'price', 'indice', 'us', 'analysi']",integra zimin andrea re ask help look end user steel might us take commodity hedge posi will work identify potential equitie indice might us will analyze correla integra steel price andrea contact next week regard project hector done integra analysi past tool project stinson anrdrea will also ne identify steel price indice us analysi,570,54,39,0.0,0.0,0,0,0,2,0.0,-2,5.222222222222222,0,0,0,1,0.5918589120356816,0,False
28149,ets - quickplace / ideabank outage,"on friday , november 3 , at 4 : 30 , we will be migrating the ets quickplace
server . the maintenance is expected to last approximately 30 minutes
what does this mean to you ?
users who access the ideabank or any quickplace discussion sites , i . e . ets
infrastructure , program office , ets standards will not be able to access them
until the server has been brought back up .
the ideabank will automatically be rerouted to the new server . however , any
references to gthou - wwolp / quickplace will need to be changed to
nahou - lnwwol / quickplace .
if you have any concerns about this maintenance , please contact the customer
assistance center at 713 - 345 - 4745
customer assistance center",ham,2000-11-03,"ets - quickplace / ideabank outage on friday , november 3 , at 4 : 30 , we will be migrating the ets quickplace
server . the maintenance is expected to last approximately 30 minutes
what does this mean to you ?
users who access the ideabank or any quickplace discussion sites , i . e . ets
infrastructure , program office , ets standards will not be able to access them
until the server has been brought back up .
the ideabank will automatically be rerouted to the new server . however , any
references to gthou - wwolp / quickplace will need to be changed to
nahou - lnwwol / quickplace .
if you have any concerns about this maintenance , please contact the customer
assistance center at 713 - 345 - 4745
customer assistance center",0,ets quickplace ideabank outage on friday november at we will be migrating the ets quickplace server the maintenance is expected to last approximately minutes what does this mean to you ? users who access the ideabank or any quickplace discussion sites i e ets infrastructure program office ets standards will not be able to access them until the server has been brought back up the ideabank will automatically be rerouted to the new server however any references to gthou wwolp quickplace will need to be changed to nahou lnwwol quickplace if you have any concerns about this maintenance please contact the customer assistance center at customer assistance center,"['ets', 'quickplace', 'ideabank', 'outage', 'friday', 'november', 'will', 'migrat', 'ets', 'quickplace', 'server', 'maintenance', 'expect', 'last', 'approximately', 'minute', 'mean', 'user', 'acces', 'ideabank', 'quickplace', 'discussion', 'site', 'ets', 'infrastructure', 'program', 'office', 'ets', 'standard', 'will', 'not', 'able', 'acces', 'server', 'brought', 'back', 'ideabank', 'will', 'automatically', 'rerout', 'new', 'server', 'however', 'reference', 'gthou', 'wwolp', 'quickplace', 'will', 'ne', 'chang', 'nahou', 'lnwwol', 'quickplace', 'concern', 'maintenance', 'contact', 'customer', 'assistance', 'center', 'customer', 'assistance', 'center']",ets quickplace ideabank outage friday november will migrat ets quickplace server maintenance expect last approximately minute mean user acces ideabank quickplace discussion site ets infrastructure program office ets standard will not able acces server brought back ideabank will automatically rerout new server however reference gthou wwolp quickplace will ne chang nahou lnwwol quickplace concern maintenance contact customer assistance center customer assistance center,663,62,43,0.0,0.0,0,1,0,0,0.0,0,6.612903225806452,0,0,0,1,0.5213347861119052,0,False
28599,"shipper "" out "" - - red rock expansion","at lorraine ' s request , i ' ve taken a first crack at a shipper "" out "" provision to have ready in case needed in our negotiations . please provide your comments asap . thanks . . . . . . . . . . . . . . . tony",ham,2001-05-04,"shipper "" out "" - - red rock expansion at lorraine ' s request , i ' ve taken a first crack at a shipper "" out "" provision to have ready in case needed in our negotiations . please provide your comments asap . thanks . . . . . . . . . . . . . . . tony",0,shipper out red rock expansion at lorraine s request i ve taken a first crack at a shipper out provision to have ready in case needed in our negotiations please provide your comments asap thanks tony,"['shipper', 'r', 'rock', 'expansion', 'lorraine', 'request', 'taken', 'first', 'crack', 'shipper', 'provision', 'ready', 'case', 'need', 'negotiation', 'provide', 'comment', 'asap', 'tony']",shipper r rock expansion lorraine request taken first crack shipper provision ready case need negotiation provide comment asap tony,199,19,18,0.0,0.0,0,0,0,0,0.0,0,5.947368421052632,0,0,0,1,0.5898040628669697,0,False
13613,"trade count and volume for october 29 , 2001","lindsay renaud
enrononline
( 713 ) 345 - 3703
",ham,2001-10-29,"trade count and volume for october 29 , 2001 lindsay renaud
enrononline
( 713 ) 345 - 3703
",0,trade count and volume for october lindsay renaud enrononline,"['trade', 'count', 'volume', 'october', 'lindsay', 'renaud', 'enrononline']",trade count volume october lindsay renaud enrononline,61,7,7,0.0,0.0,0,0,0,0,0.0,0,6.714285714285714,0,0,0,1,0.6014556232833997,0,False
3549,enrononline - change to autohedge,"effective monday , october 22 , 2001 the following changes will be made to the autohedge functionality on enrononline .
the volume on the hedge will now respect the minimum volume and volume increment settings on the parent product . see rules below :
? if the transaction volume on the child is less than half of the parent ' s minimum volume no hedge will occur .
? if the transaction volume on the child is more than half the parent ' s minimum volume but less than half the volume increment on the parent , the hedge will volume will be the parent ' s minimum volume .
? for all other volumes , the same rounding rules will apply based on the volume increment on the parent product .
please see example below :
parent ' s settings :
minimum : 5000
increment : 1000
volume on autohedge transaction volume hedged
1 - 2499 0
2500 - 5499 5000
5500 - 6499 6000",ham,2001-10-19,"enrononline - change to autohedge effective monday , october 22 , 2001 the following changes will be made to the autohedge functionality on enrononline .
the volume on the hedge will now respect the minimum volume and volume increment settings on the parent product . see rules below :
? if the transaction volume on the child is less than half of the parent ' s minimum volume no hedge will occur .
? if the transaction volume on the child is more than half the parent ' s minimum volume but less than half the volume increment on the parent , the hedge will volume will be the parent ' s minimum volume .
? for all other volumes , the same rounding rules will apply based on the volume increment on the parent product .
please see example below :
parent ' s settings :
minimum : 5000
increment : 1000
volume on autohedge transaction volume hedged
1 - 2499 0
2500 - 5499 5000
5500 - 6499 6000",0,enrononline change to autohedge effective monday october the following changes will be made to the autohedge functionality on enrononline the volume on the hedge will now respect the minimum volume and volume increment settings on the parent product see rules below ? if the transaction volume on the child is less than half of the parent s minimum volume no hedge will occur ? if the transaction volume on the child is more than half the parent s minimum volume but less than half the volume increment on the parent the hedge will volume will be the parent s minimum volume ? for all other volumes the same rounding rules will apply based on the volume increment on the parent product please see example below parent s settings minimum increment volume on autohedge transaction volume hedged,"['enrononline', 'change', 'autohedge', 'effective', 'monday', 'october', 'follow', 'change', 'will', 'made', 'autohedge', 'functionality', 'enrononline', 'volume', 'hedge', 'will', 'now', 'respect', 'minimum', 'volume', 'volume', 'increment', 'setting', 'parent', 'product', 'see', 'rule', 'transac', 'volume', 'child', 'les', 'half', 'parent', 'minimum', 'volume', 'hedge', 'will', 'occur', 'transac', 'volume', 'child', 'half', 'parent', 'minimum', 'volume', 'les', 'half', 'volume', 'increment', 'parent', 'hedge', 'will', 'volume', 'will', 'parent', 'minimum', 'volume', 'volume', 'round', 'rule', 'will', 'apply', 'bas', 'volume', 'increment', 'parent', 'product', 'see', 'example', 'parent', 'setting', 'minimum', 'increment', 'volume', 'autohedge', 'transac', 'volume', 'hedg']",enrononline change autohedge effective monday october follow change will made autohedge functionality enrononline volume hedge will now respect minimum volume volume increment setting parent product see rule transac volume child les half parent minimum volume hedge will occur transac volume child half parent minimum volume les half volume increment parent hedge will volume will parent minimum volume volume round rule will apply bas volume increment parent product see example parent setting minimum increment volume autohedge transac volume hedg,792,78,31,0.0,0.0,0,3,0,0,0.0,0,6.051282051282051,0,0,0,1,0.5071056502009659,0,False
9493,california update - urgent please read 5 / 7 / 01,"sources report that the bond authorization will be put to a vote today
the bridge loan financing bill will put to a vote today in the california
assembly . the republicans are currently in caucus until 3 : 30 pst and then
will go to the floor for a vote . the current situation is very fluid , but
sources now indicate that the bill would pass with a simple majority vote ,
lacking the two - thirds needed for an immediate bond issuance . if this is the
case , the bill would not take effect for 90 days and the state would be
forced to abandon its proposed bridge loan plans . absent of last minute
financial rescues by davis or a new longer bridge loan package ( unlikely )
socal could seek voluntary bankruptcy . the main problem would then be the
waiting period for financial relief from the state through the transmission
line purchase or other assistance .
there is an outside chance that republican defectors could precipitate from
the current caucus . there is extreme pressure on the republicans from davis
and angelides . if the bill failed due to lack of republican support , it
would provide davis the opportunity to blame republicans for on - going
expenditures of $ 70 m / day ( power purchases ) , and a possible bankruptcy by
socal . the last republican who gave support to a democratic bill ( ab lx ) ,
representative bill campbell , lost his job . sources also confirm that
democrats have not met with republicans on the bond issuance since last week .",ham,2001-05-07,"california update - urgent please read 5 / 7 / 01 sources report that the bond authorization will be put to a vote today
the bridge loan financing bill will put to a vote today in the california
assembly . the republicans are currently in caucus until 3 : 30 pst and then
will go to the floor for a vote . the current situation is very fluid , but
sources now indicate that the bill would pass with a simple majority vote ,
lacking the two - thirds needed for an immediate bond issuance . if this is the
case , the bill would not take effect for 90 days and the state would be
forced to abandon its proposed bridge loan plans . absent of last minute
financial rescues by davis or a new longer bridge loan package ( unlikely )
socal could seek voluntary bankruptcy . the main problem would then be the
waiting period for financial relief from the state through the transmission
line purchase or other assistance .
there is an outside chance that republican defectors could precipitate from
the current caucus . there is extreme pressure on the republicans from davis
and angelides . if the bill failed due to lack of republican support , it
would provide davis the opportunity to blame republicans for on - going
expenditures of $ 70 m / day ( power purchases ) , and a possible bankruptcy by
socal . the last republican who gave support to a democratic bill ( ab lx ) ,
representative bill campbell , lost his job . sources also confirm that
democrats have not met with republicans on the bond issuance since last week .",0,california update urgent please read sources report that the bond authorization will be put to a vote today the bridge loan financing bill will put to a vote today in the california assembly the republicans are currently in caucus until pst and then will go to the floor for a vote the current situation is very fluid but sources now indicate that the bill would pass with a simple majority vote lacking the two thirds needed for an immediate bond issuance if this is the case the bill would not take effect for days and the state would be forced to abandon its proposed bridge loan plans absent of last minute financial rescues by davis or a new longer bridge loan package unlikely socal could seek voluntary bankruptcy the main problem would then be the waiting period for financial relief from the state through the transmission line purchase or other assistance there is an outside chance that republican defectors could precipitate from the current caucus there is extreme pressure on the republicans from davis and angelides if the bill failed due to lack of republican support it would provide davis the opportunity to blame republicans for on going expenditures of m day power purchases and a possible bankruptcy by socal the last republican who gave support to a democratic bill ab lx representative bill campbell lost his job sources also confirm that democrats have not met with republicans on the bond issuance since last week,"['california', 'update', 'urgent', 'read', 'source', 'report', 'bond', 'authoriza', 'will', 'put', 'vote', 'today', 'bridge', 'loan', 'financ', 'bill', 'will', 'put', 'vote', 'today', 'california', 'assembly', 'republican', 'currently', 'caucu', 'pst', 'will', 'floor', 'vote', 'current', 'situa', 'fluid', 'source', 'now', 'indicate', 'bill', 'pas', 'simple', 'majority', 'vote', 'lack', 'two', 'third', 'need', 'immediate', 'bond', 'issuance', 'case', 'bill', 'not', 'take', 'effect', 'day', 'state', 'forc', 'abandon', 'propos', 'bridge', 'loan', 'plan', 'absent', 'last', 'minute', 'financial', 'rescue', 'davi', 'new', 'longer', 'bridge', 'loan', 'package', 'unlikely', 'socal', 'seek', 'voluntary', 'bankruptcy', 'main', 'problem', 'wait', 'period', 'financial', 'relief', 'state', 'transmission', 'line', 'purchase', 'assistance', 'outside', 'chance', 'republican', 'defector', 'precipitate', 'current', 'caucu', 'extreme', 'pressure', 'republican', 'davi', 'angelide', 'bill', 'fail', 'due', 'lack', 'republican', 'support', 'provide', 'davi', 'opportunity', 'blame', 'republican', 'go', 'expenditure', 'day', 'power', 'purchase', 'possible', 'bankruptcy', 'socal', 'last', 'republican', 'gave', 'support', 'democratic', 'bill', 'representative', 'bill', 'campbell', 'lost', 'job', 'source', 'also', 'confirm', 'democrat', 'not', 'met', 'republican', 'bond', 'issuance', 'since', 'last', 'week']",california update urgent read source report bond authoriza will put vote today bridge loan financ bill will put vote today california assembly republican currently caucu pst will floor vote current situa fluid source now indicate bill pas simple majority vote lack two third need immediate bond issuance case bill not take effect day state forc abandon propos bridge loan plan absent last minute financial rescue davi new longer bridge loan package unlikely socal seek voluntary bankruptcy main problem wait period financial relief state transmission line purchase assistance outside chance republican defector precipitate current caucu extreme pressure republican davi angelide bill fail due lack republican support provide davi opportunity blame republican go expenditure day power purchase possible bankruptcy socal last republican gave support democratic bill representative bill campbell lost job source also confirm democrat not met republican bond issuance since last week,1438,141,98,0.0,0.0,0,0,6,1,0.0425531914893617,5,5.950354609929078,0,0,0,1,0.5156491146562714,0,False
28205,december course offerings,"december 7
course title time location cost
working styles 8 am - noon eb 560 $ 300
communicating effectively lpm - 5 pm eb 560 200
december 8
communicating effectively 8 am - noon eb 560 200
coaching for performance lpm - 5 pm eb 560 300
for course description and registration , please click here ( ) to go directly
into the development center "" ernie "" , or call 3 - 0357 .",ham,2000-11-16,"december course offerings december 7
course title time location cost
working styles 8 am - noon eb 560 $ 300
communicating effectively lpm - 5 pm eb 560 200
december 8
communicating effectively 8 am - noon eb 560 200
coaching for performance lpm - 5 pm eb 560 300
for course description and registration , please click here ( ) to go directly
into the development center "" ernie "" , or call 3 - 0357 .",0,december course offerings december course title time location cost working styles am noon eb communicating effectively lpm pm eb december communicating effectively am noon eb coaching for performance lpm pm eb for course description and registration please click here to go directly into the development center ernie or call,"['december', 'course', 'offering', 'december', 'course', 'title', 'time', 'loca', 'cost', 'work', 'style', 'noon', 'communicat', 'effectively', 'lpm', 'december', 'communicat', 'effectively', 'noon', 'coach', 'performance', 'lpm', 'course', 'descrip', 'registra', 'click', 'directly', 'development', 'center', 'ernie', 'call']",december course offering december course title time loca cost work style noon communicat effectively lpm december communicat effectively noon coach performance lpm course descrip registra click directly development center ernie call,324,31,23,0.0,0.0,0,0,1,0,0.032258064516129,1,6.516129032258065,0,0,0,1,0.7196693614438787,0,False
1633,fw : stress relief,"- - - - - original message - - - - -
from : almaguer , michael
sent : tuesday , september 19 , 2000 2 : 46 pm
to : beard , jaime ; dewey , daniel ; fletcher , thomas ; glover , rusty
subject : fw : stress relief
- - - - - original message - - - - -
from : adrienne cervantes [ mailto : acervantes @ . com ]
sent : tuesday , september 19 , 2000 1 : 19 pm
to : almaguer , michael ; dominique vidal ; maria bellwood
subject : fw : stress relief
thought this was kind of fun . play with it .
adrienne
> > > > ? > ? >
> >
>
?
- stressrelief . exe",ham,2000-09-19,"fw : stress relief - - - - - original message - - - - -
from : almaguer , michael
sent : tuesday , september 19 , 2000 2 : 46 pm
to : beard , jaime ; dewey , daniel ; fletcher , thomas ; glover , rusty
subject : fw : stress relief
- - - - - original message - - - - -
from : adrienne cervantes [ mailto : acervantes @ . com ]
sent : tuesday , september 19 , 2000 1 : 19 pm
to : almaguer , michael ; dominique vidal ; maria bellwood
subject : fw : stress relief
thought this was kind of fun . play with it .
adrienne
> > > > ? > ? >
> >
>
?
- stressrelief . exe",0,fw stress relief original message from almaguer michael sent tuesday september pm to beard jaime dewey daniel fletcher thomas glover rusty subject fw stress relief original message from adrienne cervantes mailto acervantes com sent tuesday september pm to almaguer michael dominique vidal maria bellwood subject fw stress relief thought this was kind of fun play with it adrienne ? ? ? stressrelief exe,"['stres', 'relief', 'original', 'almaguer', 'michael', 'tuesday', 'september', 'beard', 'jaime', 'dewey', 'daniel', 'fletcher', 'thoma', 'glover', 'rusty', 'stres', 'relief', 'original', 'adrienne', 'cervante', 'mailto', 'acervante', 'com', 'tuesday', 'september', 'almaguer', 'michael', 'dominique', 'vidal', 'maria', 'bellwood', 'stres', 'relief', 'thought', 'kind', 'fun', 'play', 'adrienne', 'stressrelief', 'exe']",stres relief original almaguer michael tuesday september beard jaime dewey daniel fletcher thoma glover rusty stres relief original adrienne cervante mailto acervante com tuesday september almaguer michael dominique vidal maria bellwood stres relief thought kind fun play adrienne stressrelief exe,402,40,30,0.0,0.0,0,3,0,0,0.0,0,6.45,0,0,0,1,0.50775669493602,0,False
13950,trade counts,na trade counts,ham,2001-11-14,trade counts na trade counts,0,trade counts na trade counts,"['trade', 'count', 'trade', 'count']",trade count trade count,28,4,2,0.0,0.0,0,0,0,0,0.0,0,5.0,0,0,0,1,0.6824818716570588,0,False
11776,weekly deal report,the following is the weekly deal report covering 5 / 10 - 5 / 16 .,ham,2001-05-17,weekly deal report the following is the weekly deal report covering 5 / 10 - 5 / 16 .,0,weekly deal report the following is the weekly deal report covering,"['weekly', 'deal', 'report', 'follow', 'weekly', 'deal', 'report', 'cover']",weekly deal report follow weekly deal report cover,67,8,5,0.0,0.0,0,0,0,2,0.0,-2,5.375,0,0,0,1,0.5021744379225827,0,False
3594,fw : field services office,"this email and any files transmitted with it from the elpaso
corporation are confidential and intended solely for the
use of the individual or entity to whom they are addressed .
if you have received this email in error please notify the
sender .
",ham,2001-11-08,"fw : field services office this email and any files transmitted with it from the elpaso
corporation are confidential and intended solely for the
use of the individual or entity to whom they are addressed .
if you have received this email in error please notify the
sender .
",0,fw field services office this email and any files transmitted with it from the elpaso corporation are confidential and intended solely for the use of the individual or entity to whom they are addressed if you have received this email in error please notify the sender,"['field', 'service', 'office', 'file', 'transmitt', 'elpaso', 'corpora', 'confidential', 'intend', 'solely', 'use', 'individual', 'entity', 'address', 'error', 'notify', 'sender']",field service office file transmitt elpaso corpora confidential intend solely use individual entity address error notify sender,267,17,17,0.0,0.0,0,0,0,0,0.0,0,6.529411764705882,0,0,0,1,0.577994811972795,0,False
2817,neon lesson # 5,"here is your next lesson . . . have fun ! !
- experiencing god week 5 . doc",ham,2001-03-22,"neon lesson # 5 here is your next lesson . . . have fun ! !
- experiencing god week 5 . doc",0,neon lesson here is your next lesson have fun ! ! experiencing god week doc,"['neon', 'lesson', 'next', 'lesson', 'fun', 'experienc', 'god', 'week', 'doc']",neon lesson next lesson fun experienc god week doc,75,9,8,0.0,0.0,2,0,0,0,0.0,0,4.666666666666667,0,0,0,1,0.5626672599908986,0,False
16651,indoor soccer for fc tba,"hi guys ( aka fc tba ) ,
i thought you might like a copy of the portland indoor schedule . here are
the remaining 7 games including tonight ' s game .
mon jun 11 9 : 15 pm thunder ! vs fc tba
wed jun 20 10 : 15 pm eintracht roach vs fc tba
mon jun 25 6 : 15 pm rowdies vs fc tba
thu jul 5 8 : 15 pm fc tba vs impalas
thu jul 12 9 : 15 pm fc tba vs carve . . . .
mon jul 16 8 : 15 pm fc tba vs stick built
wed jul 25 7 : 15 pm ballerss vs fc tba
thu aug 2 9 : 15 pm # 1 vs # 2 championship game
here is a link to the portland indoor in case you loose your schedule or
want to know the standings :
http : / / pdxindoorsoccer . com / index 2 . htm
jon",ham,2001-06-11,"indoor soccer for fc tba hi guys ( aka fc tba ) ,
i thought you might like a copy of the portland indoor schedule . here are
the remaining 7 games including tonight ' s game .
mon jun 11 9 : 15 pm thunder ! vs fc tba
wed jun 20 10 : 15 pm eintracht roach vs fc tba
mon jun 25 6 : 15 pm rowdies vs fc tba
thu jul 5 8 : 15 pm fc tba vs impalas
thu jul 12 9 : 15 pm fc tba vs carve . . . .
mon jul 16 8 : 15 pm fc tba vs stick built
wed jul 25 7 : 15 pm ballerss vs fc tba
thu aug 2 9 : 15 pm # 1 vs # 2 championship game
here is a link to the portland indoor in case you loose your schedule or
want to know the standings :
http : / / pdxindoorsoccer . com / index 2 . htm
jon",0,indoor soccer for fc tba hi guys aka fc tba i thought you might like a copy of the portland indoor schedule here are the remaining games including tonight s game mon jun pm thunder ! vs fc tba wed jun pm eintracht roach vs fc tba mon jun pm rowdies vs fc tba thu jul pm fc tba vs impalas thu jul pm fc tba vs carve mon jul pm fc tba vs stick built wed jul pm ballerss vs fc tba thu aug pm vs championship game here is a link to the portland indoor in case you loose your schedule or want to know the standings http pdxindoorsoccer com index htm jon,"['indoor', 'soccer', 'tba', 'guy', 'aka', 'tba', 'thought', 'might', 'like', 'copy', 'portland', 'indoor', 'schedule', 'remain', 'game', 'includ', 'tonight', 'game', 'mon', 'jun', 'thunder', 'tba', 'jun', 'eintracht', 'roach', 'tba', 'mon', 'jun', 'rowdie', 'tba', 'thu', 'jul', 'tba', 'impala', 'thu', 'jul', 'tba', 'carve', 'mon', 'jul', 'tba', 'stick', 'built', 'jul', 'ballers', 'tba', 'thu', 'aug', 'championship', 'game', 'link', 'portland', 'indoor', 'case', 'loose', 'schedule', 'want', 'know', 'standing', 'http', 'pdxindoorsoccer', 'com', 'index', 'htm', 'jon']",indoor soccer tba guy aka tba thought might like copy portland indoor schedule remain game includ tonight game mon jun thunder tba jun eintracht roach tba mon jun rowdie tba thu jul tba impala thu jul tba carve mon jul tba stick built jul ballers tba thu aug championship game link portland indoor case loose schedule want know standing http pdxindoorsoccer com index htm jon,548,65,42,0.0,0.0,1,0,1,2,0.0153846153846153,-1,4.7846153846153845,0,0,0,1,0.6126351752104892,0,False
28176,fw : palm beach ballot,"mike triem
na ipaq triem , mike ; hopkins , kirk ; murphy , carol ; leszinske ,
> laurel a ; ' mark _ ranney @ bmc . com ' ; walker , kim
> subject : fw : palm beach ballot
>
>
>
> >
> love this !
>
- moronsl . gif",ham,2000-11-10,"fw : palm beach ballot mike triem
na ipaq triem , mike ; hopkins , kirk ; murphy , carol ; leszinske ,
> laurel a ; ' mark _ ranney @ bmc . com ' ; walker , kim
> subject : fw : palm beach ballot
>
>
>
> >
> love this !
>
- moronsl . gif",0,fw palm beach ballot mike triem na ipaq triem mike hopkins kirk murphy carol leszinske laurel a mark ranney bmc com walker kim subject fw palm beach ballot love this ! moronsl gif,"['palm', 'beach', 'ballot', 'mike', 'triem', 'ipaq', 'triem', 'mike', 'hopkin', 'kirk', 'murphy', 'carol', 'leszinske', 'laurel', 'mark', 'ranney', 'bmc', 'com', 'walker', 'kim', 'palm', 'beach', 'ballot', 'love', 'moronsl', 'gif']",palm beach ballot mike triem ipaq triem mike hopkin kirk murphy carol leszinske laurel mark ranney bmc com walker kim palm beach ballot love moronsl gif,179,26,21,0.0,0.0,1,0,0,0,0.0,0,4.884615384615385,0,0,0,1,0.5591977749053488,0,False
28093,correction : sap system outage notifications,"the following servers will be coming down , please click on the icon for more
details and scheduled times :
system outage notification
for : prl - apollo production ( sprldbo 1 )
outage start : ( cst ) 10 / 22 / 2000 at 08 : 00 : 00 am
outage end : ( cst ) 10 / 22 / 2000 at 12 : 00 : 00 pm
outage abstract : install sap gateway on sprldbo 0
outage description : please see corrected time ! ! ! !
outage implication : prl will be unavailable for duration of outage .
contact name : larry harbuck # : 888 - 676 - 8719 713 - 853 - 1844",ham,2000-10-20,"correction : sap system outage notifications the following servers will be coming down , please click on the icon for more
details and scheduled times :
system outage notification
for : prl - apollo production ( sprldbo 1 )
outage start : ( cst ) 10 / 22 / 2000 at 08 : 00 : 00 am
outage end : ( cst ) 10 / 22 / 2000 at 12 : 00 : 00 pm
outage abstract : install sap gateway on sprldbo 0
outage description : please see corrected time ! ! ! !
outage implication : prl will be unavailable for duration of outage .
contact name : larry harbuck # : 888 - 676 - 8719 713 - 853 - 1844",0,correction sap system outage notifications the following servers will be coming down please click on the icon for more details and scheduled times system outage notification for prl apollo production sprldbo outage start cst at am outage end cst at pm outage abstract install sap gateway on sprldbo outage description please see corrected time ! ! ! ! outage implication prl will be unavailable for duration of outage contact name larry harbuck,"['correc', 'sap', 'system', 'outage', 'notification', 'follow', 'server', 'will', 'com', 'click', 'icon', 'detail', 'schedul', 'time', 'system', 'outage', 'notifica', 'prl', 'apollo', 'produc', 'sprldbo', 'outage', 'start', 'cst', 'outage', 'end', 'cst', 'outage', 'abstract', 'install', 'sap', 'gateway', 'sprldbo', 'outage', 'descrip', 'see', 'correct', 'time', 'outage', 'implica', 'prl', 'will', 'unavailable', 'dura', 'outage', 'contact', 'name', 'larry', 'harbuck']",correc sap system outage notification follow server will com click icon detail schedul time system outage notifica prl apollo produc sprldbo outage start cst outage end cst outage abstract install sap gateway sprldbo outage descrip see correct time outage implica prl will unavailable dura outage contact name larry harbuck,444,49,35,0.0,0.0,4,0,1,0,0.0204081632653061,1,5.612244897959184,0,0,0,1,0.6184829376949483,0,False
6682,statistician position open,"feel free to circulate this to get a statistician for us .
thanks ,
krishna",ham,2000-08-02,"statistician position open feel free to circulate this to get a statistician for us .
thanks ,
krishna",0,statistician position open feel free to circulate this to get a statistician for us thanks krishna,"['statistician', 'posi', 'open', 'feel', 'free', 'circulate', 'get', 'statistician', 'krishna']",statistician posi open feel free circulate get statistician krishna,98,9,8,0.0,0.0,0,0,1,0,0.1111111111111111,1,6.555555555555555,0,0,0,1,0.692752435544908,0,False
29300,strife traders explode the market hangman,"mon , 09 aug 2004 19 : 01 : 50 - 0400
hot - new - issue : crossstreet - distr - inc . : csdn . . great
news just released .
nine muses entertainment in final negotiations to merge with texas indie filmworks .
this situation will go crazy the week of the
9 th of august . . huge exposure expected all week .
dont sleep on this stock - get in today ! csdn will explode
on 9 th of august and huge gains all week so get immediately on monday or tuesday
at the latest .
please read below , we expect that many newsletters will cover csdn in next
5 days and we believe the stock is headed to . 30 to . 40 very fast .
last : price : . 035
week : target : . 28
two : week : target : . 31
ticker : csdn
how many times have you seen new issues explode but you couldn ' t get your hands
on them ? we are alerting you to a special company with a unique business model
that is set to explode in next 1 month - - this is your chance to get in at the
very beginning !
breaking - news : houston , aug 6 ,
2004 ( business wire ) - - merger designed to increase revenue and ability to market ,
screen and distribute films .
nine muses entertainment , inc . ( pink sheets : csdn ) of houston , tx is pleased
to announce they are in final negotiations to merge with texas indie filmworks ,
inc .
texas indie filmworks , inc . is a feature film distribution company based in
houston , texas . it selects independent film and television projects at the stage
where the principal photography and some of the post production work are finished .
they then negotiate with the film maker ( s ) and production companies to complete ,
market , screen and distribute the films .
through it ' s channels , texas filmworks negotiates and contracts distribution
either nationally , internationally , in all media and markets , including without
limitation , home video and dvd , cable tv market , pay tv market , syndication
markets , pay - per - view market , broadcast and digital broadcast services , network
deals , and the licensing and merchandising of ancillary products associated
with the production , if any .
last : price : . . 03
week : target , : . 28
two : week : target , : . 31
ticker , : csdn
mormon foreclosure di . s cla i , mer informa . tion with . in this emai . l
conta . ins forwa . rd loo . king sta . teme . nts within the me , aning of s ,
ection 2 . 7 a of th . e se . curi . ti , es a ct o . f 1 . 93 . 3 and sect . ion 2 . lb
of the se . cur , ities ex , ch ange act of 1 , 93 . 4 . any stat , ements th . at expr .
ess or in . volve discu , ssions with re , spect to pre , dictions , go , als , expe ,
ctations , bel , iefs , pl , ans , pr , ojections , obj . ecti , ves , assu , mptions or
fu , ture ev , ents or perfo , rmance are no . t sta . te . ments of hi . stori . cal
fact a . nd ma y be for , wa . rd loo . king sta . teme . nts . ple . ase b . e adv . ised
t . hat noth . ing with . in thi . s em . ail sh . all cons . titute a sol . icita .
tion or an of . fer to b . u , y or s . el . l any sec . uri . ty men . tioned her .
ein . th . is news . let . ter is nei . ther a reg . ist , ered inv , estm , ent advi ,
sor nor af , f ilia t . e d with any br . ok . er or de . al . er . all stat . e m . e nts
m . ade are our exp . re . ss opi . nion on . ly and . sh . ould be tre . ate , d as suc .
h . we may ow . n , bu . y and , se , ll any sec , uri , ties , men , tioned at any t .
i me . this re . port
inc . ludes for . wa , rd lo , ok . i ng sta . tem . en . ts wit . hin the me . aning of
t . he pr . iv . at , e se , c uri . ti . e s li . tig . ati o . n re . fo . rm ac . t of .
1 . 9 . 95 . thes . e sta , tem , en , ts ma . y inc . lude te . rms as ex , pect be , lieve
m . ay w . ill , m . ov , e , und , erva . lued and i . nte . nd o . r si . mil , ar ter , ms .
th . is ne . wsl . e tte , r was pa , id 7 , 50 . 0 fro . m th . i rd pa . rt . y to s e .
nd th . is re . port . catechumen nigeria hardware cilium ,
gaol sadly melee
",spam,2004-08-09,"strife traders explode the market hangman mon , 09 aug 2004 19 : 01 : 50 - 0400
hot - new - issue : crossstreet - distr - inc . : csdn . . great
news just released .
nine muses entertainment in final negotiations to merge with texas indie filmworks .
this situation will go crazy the week of the
9 th of august . . huge exposure expected all week .
dont sleep on this stock - get in today ! csdn will explode
on 9 th of august and huge gains all week so get immediately on monday or tuesday
at the latest .
please read below , we expect that many newsletters will cover csdn in next
5 days and we believe the stock is headed to . 30 to . 40 very fast .
last : price : . 035
week : target : . 28
two : week : target : . 31
ticker : csdn
how many times have you seen new issues explode but you couldn ' t get your hands
on them ? we are alerting you to a special company with a unique business model
that is set to explode in next 1 month - - this is your chance to get in at the
very beginning !
breaking - news : houston , aug 6 ,
2004 ( business wire ) - - merger designed to increase revenue and ability to market ,
screen and distribute films .
nine muses entertainment , inc . ( pink sheets : csdn ) of houston , tx is pleased
to announce they are in final negotiations to merge with texas indie filmworks ,
inc .
texas indie filmworks , inc . is a feature film distribution company based in
houston , texas . it selects independent film and television projects at the stage
where the principal photography and some of the post production work are finished .
they then negotiate with the film maker ( s ) and production companies to complete ,
market , screen and distribute the films .
through it ' s channels , texas filmworks negotiates and contracts distribution
either nationally , internationally , in all media and markets , including without
limitation , home video and dvd , cable tv market , pay tv market , syndication
markets , pay - per - view market , broadcast and digital broadcast services , network
deals , and the licensing and merchandising of ancillary products associated
with the production , if any .
last : price : . . 03
week : target , : . 28
two : week : target , : . 31
ticker , : csdn
mormon foreclosure di . s cla i , mer informa . tion with . in this emai . l
conta . ins forwa . rd loo . king sta . teme . nts within the me , aning of s ,
ection 2 . 7 a of th . e se . curi . ti , es a ct o . f 1 . 93 . 3 and sect . ion 2 . lb
of the se . cur , ities ex , ch ange act of 1 , 93 . 4 . any stat , ements th . at expr .
ess or in . volve discu , ssions with re , spect to pre , dictions , go , als , expe ,
ctations , bel , iefs , pl , ans , pr , ojections , obj . ecti , ves , assu , mptions or
fu , ture ev , ents or perfo , rmance are no . t sta . te . ments of hi . stori . cal
fact a . nd ma y be for , wa . rd loo . king sta . teme . nts . ple . ase b . e adv . ised
t . hat noth . ing with . in thi . s em . ail sh . all cons . titute a sol . icita .
tion or an of . fer to b . u , y or s . el . l any sec . uri . ty men . tioned her .
ein . th . is news . let . ter is nei . ther a reg . ist , ered inv , estm , ent advi ,
sor nor af , f ilia t . e d with any br . ok . er or de . al . er . all stat . e m . e nts
m . ade are our exp . re . ss opi . nion on . ly and . sh . ould be tre . ate , d as suc .
h . we may ow . n , bu . y and , se , ll any sec , uri , ties , men , tioned at any t .
i me . this re . port
inc . ludes for . wa , rd lo , ok . i ng sta . tem . en . ts wit . hin the me . aning of
t . he pr . iv . at , e se , c uri . ti . e s li . tig . ati o . n re . fo . rm ac . t of .
1 . 9 . 95 . thes . e sta , tem , en , ts ma . y inc . lude te . rms as ex , pect be , lieve
m . ay w . ill , m . ov , e , und , erva . lued and i . nte . nd o . r si . mil , ar ter , ms .
th . is ne . wsl . e tte , r was pa , id 7 , 50 . 0 fro . m th . i rd pa . rt . y to s e .
nd th . is re . port . catechumen nigeria hardware cilium ,
gaol sadly melee
",1,strife traders explode the market hangman mon aug hot new issue crossstreet distr inc csdn great news just released nine muses entertainment in final negotiations to merge with texas indie filmworks this situation will go crazy the week of the th of august huge exposure expected all week dont sleep on this stock get in today ! csdn will explode on th of august and huge gains all week so get immediately on monday or tuesday at the latest please read below we expect that many newsletters will cover csdn in next days and we believe the stock is headed to to very fast last price week target two week target ticker csdn how many times have you seen new issues explode but you couldn t get your hands on them ? we are alerting you to a special company with a unique business model that is set to explode in next month this is your chance to get in at the very beginning ! breaking news houston aug business wire merger designed to increase revenue and ability to market screen and distribute films nine muses entertainment inc pink sheets csdn of houston tx is pleased to announce they are in final negotiations to merge with texas indie filmworks inc texas indie filmworks inc is a feature film distribution company based in houston texas it selects independent film and television projects at the stage where the principal photography and some of the post production work are finished they then negotiate with the film maker s and production companies to complete market screen and distribute the films through it s channels texas filmworks negotiates and contracts distribution either nationally internationally in all media and markets including without limitation home video and dvd cable tv market pay tv market syndication markets pay per view market broadcast and digital broadcast services network deals and the licensing and merchandising of ancillary products associated with the production if any last price week target two week target ticker csdn mormon foreclosure di s cla i mer informa tion with in this emai l conta ins forwa rd loo king sta teme nts within the me aning of s ection a of th e se curi ti es a ct o f and sect ion lb of the se cur ities ex ch ange act of any stat ements th at expr ess or in volve discu ssions with re spect to pre dictions go als expe ctations bel iefs pl ans pr ojections obj ecti ves assu mptions or fu ture ev ents or perfo rmance are no t sta te ments of hi stori cal fact a nd ma y be for wa rd loo king sta teme nts ple ase b e adv ised t hat noth ing with in thi s em ail sh all cons titute a sol icita tion or an of fer to b u y or s el l any sec uri ty men tioned her ein th is news let ter is nei ther a reg ist ered inv estm ent advi sor nor af f ilia t e d with any br ok er or de al er all stat e m e nts m ade are our exp re ss opi nion on ly and sh ould be tre ate d as suc h we may ow n bu y and se ll any sec uri ties men tioned at any t i me this re port inc ludes for wa rd lo ok i ng sta tem en ts wit hin the me aning of t he pr iv at e se c uri ti e s li tig ati o n re fo rm ac t of thes e sta tem en ts ma y inc lude te rms as ex pect be lieve m ay w ill m ov e und erva lued and i nte nd o r si mil ar ter ms th is ne wsl e tte r was pa id fro m th i rd pa rt y to s e nd th is re port catechumen nigeria hardware cilium gaol sadly melee,"['strife', 'trader', 'explode', 'market', 'hangman', 'mon', 'aug', 'hot', 'new', 'issue', 'crossstreet', 'distr', 'inc', 'csdn', 'great', 'new', 'just', 'releas', 'nine', 'muse', 'entertainment', 'final', 'negotiation', 'merge', 'texa', 'indie', 'filmwork', 'situa', 'will', 'crazy', 'week', 'august', 'huge', 'exposure', 'expect', 'week', 'dont', 'sleep', 'stock', 'get', 'today', 'csdn', 'will', 'explode', 'august', 'huge', 'gain', 'week', 'get', 'immediately', 'monday', 'tuesday', 'latest', 'read', 'expect', 'many', 'newsletter', 'will', 'cover', 'csdn', 'next', 'day', 'believe', 'stock', 'head', 'fast', 'last', 'price', 'week', 'target', 'two', 'week', 'target', 'ticker', 'csdn', 'many', 'time', 'seen', 'new', 'issue', 'explode', 'couldn', 'get', 'hand', 'alert', 'special', 'company', 'unique', 'busines', 'model', 'set', 'explode', 'next', 'month', 'chance', 'get', 'beginn', 'break', 'new', 'houston', 'aug', 'busines', 'wire', 'merger', 'design', 'increase', 'revenue', 'ability', 'market', 'screen', 'distribute', 'film', 'nine', 'muse', 'entertainment', 'inc', 'pink', 'sheet', 'csdn', 'houston', 'pleas', 'announce', 'final', 'negotiation', 'merge', 'texa', 'indie', 'filmwork', 'inc', 'texa', 'indie', 'filmwork', 'inc', 'feature', 'film', 'distribu', 'company', 'bas', 'houston', 'texa', 'select', 'independent', 'film', 'television', 'project', 'stage', 'principal', 'photography', 'post', 'produc', 'work', 'finish', 'negotiate', 'film', 'maker', 'produc', 'companie', 'complete', 'market', 'screen', 'distribute', 'film', 'channel', 'texa', 'filmwork', 'negotiate', 'contract', 'distribu', 'either', 'nationally', 'internationally', 'media', 'market', 'includ', 'without', 'limita', 'home', 'video', 'dvd', 'cable', 'market', 'pay', 'market', 'syndica', 'market', 'pay', 'per', 'view', 'market', 'broadcast', 'digital', 'broadcast', 'service', 'network', 'deal', 'licens', 'merchandis', 'ancillary', 'product', 'associat', 'produc', 'last', 'price', 'week', 'target', 'two', 'week', 'target', 'ticker', 'csdn', 'mormon', 'foreclosure', 'cla', 'mer', 'informa', '', 'emai', 'conta', 'ins', 'forwa', 'loo', 'k', 'sta', 'teme', 'nts', 'within', 'an', 'ec', 'curi', 'sect', 'ion', 'cur', 'itie', 'ange', 'act', 'stat', 'ement', 'expr', 'ess', 'volve', 'discu', 'ssion', 'spect', 'pre', 'diction', 'als', 'expe', 'ctation', 'bel', 'ief', 'ans', 'ojection', 'obj', 'ecti', 'ves', 'assu', 'mption', 'ture', 'ent', 'perfo', 'rmance', 'sta', 'ment', 'stori', 'cal', 'fact', 'loo', 'k', 'sta', 'teme', 'nts', 'ple', 'ase', 'adv', 'is', 'hat', 'noth', '', 'thi', 'ail', 'con', 'titute', 'sol', 'icita', '', 'fer', 'sec', 'uri', 'men', 'tion', 'ein', 'new', 'let', 'ter', 'nei', 'ther', 'reg', 'ist', 'er', 'inv', 'estm', 'ent', 'advi', 'sor', 'ilia', 'stat', 'nts', 'ade', 'exp', 'opi', 'nion', 'ould', 'tre', 'ate', 'suc', 'may', 'sec', 'uri', 'tie', 'men', 'tion', 'port', 'inc', 'lude', 'sta', 'tem', 'wit', 'hin', 'an', 'uri', 'tig', 'ati', 'the', 'sta', 'tem', 'inc', 'lude', 'rms', 'pect', 'lieve', 'und', 'erva', 'lu', 'nte', 'mil', 'ter', 'wsl', 'tte', 'fro', 'port', 'catechumen', 'nigeria', 'hardware', 'cilium', 'gaol', 'sadly', 'melee']",strife trader explode market hangman mon aug hot new issue crossstreet distr inc csdn great new just releas nine muse entertainment final negotiation merge texa indie filmwork situa will crazy week august huge exposure expect week dont sleep stock get today csdn will explode august huge gain week get immediately monday tuesday latest read expect many newsletter will cover csdn next day believe stock head fast last price week target two week target ticker csdn many time seen new issue explode couldn get hand alert special company unique busines model set explode next month chance get beginn break new houston aug busines wire merger design increase revenue ability market screen distribute film nine muse entertainment inc pink sheet csdn houston pleas announce final negotiation merge texa indie filmwork inc texa indie filmwork inc feature film distribu company bas houston texa select independent film television project stage principal photography post produc work finish negotiate film maker produc companie complete market screen distribute film channel texa filmwork negotiate contract distribu either nationally internationally media market includ without limita home video dvd cable market pay market syndica market pay per view market broadcast digital broadcast service network deal licens merchandis ancillary product associat produc last price week target two week target ticker csdn mormon foreclosure cla mer informa  emai conta ins forwa loo k sta teme nts within an ec curi sect ion cur itie ange act stat ement expr ess volve discu ssion spect pre diction als expe ctation bel ief ans ojection obj ecti ves assu mption ture ent perfo rmance sta ment stori cal fact loo k sta teme nts ple ase adv is hat noth  thi ail con titute sol icita  fer sec uri men tion ein new let ter nei ther reg ist er inv estm ent advi sor ilia stat nts ade exp opi nion ould tre ate suc may sec uri tie men tion port inc lude sta tem wit hin an uri tig ati the sta tem inc lude rms pect lieve und erva lu nte mil ter wsl tte fro port catechumen nigeria hardware cilium gaol sadly melee,3313,357,253,0.0,0.0,2,1,0,1,0.0,-1,4.851540616246498,0,0,0,0,0.3994501630790282,1,False
14791,contract for mark whitt,"they found this in a pile somewhere
its now on your desk - i was unable to check it as i had nothing to reference it against
neil",ham,2002-01-18,"contract for mark whitt they found this in a pile somewhere
its now on your desk - i was unable to check it as i had nothing to reference it against
neil",0,contract for mark whitt they found this in a pile somewhere its now on your desk i was unable to check it as i had nothing to reference it against neil,"['contract', 'mark', 'whitt', 'found', 'pile', 'somewhere', 'now', 'desk', 'unable', 'check', 'noth', 'reference', 'neil']",contract mark whitt found pile somewhere now desk unable check noth reference neil,151,13,13,0.0,0.0,0,0,0,0,0.0,0,5.384615384615385,0,0,0,1,0.5211591362789885,0,False
3456,new enrononline functionality,"several changes have been made to stack manager and the website . these changes are outlined below and will be visible by all as of monday september 3 , 2001 .
stack manager changes
activate / inactivate stack - this functionality allows the trader to pull a product ' s prices from the website without suspending the product . if the top of stack limit order functionality is activated for a particular product this should be used to pull the stack prices from the website without pulling the entire product ; therefore , if there are top of stack limit orders against the product they will remain visible and transactable on the website .
if a product ' s stack is inactivated the font for that product will be grayed out in stack manager . if the stack is active it will appear in black font .
to use this feature , select the product , right click and choose "" inactivate stack "" . when you are ready to reactivate your prices , select the same product , right click again and choose "" activate stack "" . there are also icons on the tool bar at the top of your screen which will activate / inactivate the stack of the highlighted product . see screen shot below for the icons .
changes to product properties - currently when modifications are made to certain properties within the product properties screen , the product will be suspended and pulled from the website . now instead of being suspended , the product ' s stack will become inactive . once the changes have been made and saved to the properties of a product simply click the activate stack icon as discussed above .
website change
restrictions on top of stack orders - if top of stack limit orders are allowed on a product , but the trader is not showing both a bid and offer , limit orders will not be able to be placed on that product .
if you have any questions please call me at 31787 . thanks .
savita
",ham,2001-08-31,"new enrononline functionality several changes have been made to stack manager and the website . these changes are outlined below and will be visible by all as of monday september 3 , 2001 .
stack manager changes
activate / inactivate stack - this functionality allows the trader to pull a product ' s prices from the website without suspending the product . if the top of stack limit order functionality is activated for a particular product this should be used to pull the stack prices from the website without pulling the entire product ; therefore , if there are top of stack limit orders against the product they will remain visible and transactable on the website .
if a product ' s stack is inactivated the font for that product will be grayed out in stack manager . if the stack is active it will appear in black font .
to use this feature , select the product , right click and choose "" inactivate stack "" . when you are ready to reactivate your prices , select the same product , right click again and choose "" activate stack "" . there are also icons on the tool bar at the top of your screen which will activate / inactivate the stack of the highlighted product . see screen shot below for the icons .
changes to product properties - currently when modifications are made to certain properties within the product properties screen , the product will be suspended and pulled from the website . now instead of being suspended , the product ' s stack will become inactive . once the changes have been made and saved to the properties of a product simply click the activate stack icon as discussed above .
website change
restrictions on top of stack orders - if top of stack limit orders are allowed on a product , but the trader is not showing both a bid and offer , limit orders will not be able to be placed on that product .
if you have any questions please call me at 31787 . thanks .
savita
",0,new enrononline functionality several changes have been made to stack manager and the website these changes are outlined below and will be visible by all as of monday september stack manager changes activate inactivate stack this functionality allows the trader to pull a product s prices from the website without suspending the product if the top of stack limit order functionality is activated for a particular product this should be used to pull the stack prices from the website without pulling the entire product therefore if there are top of stack limit orders against the product they will remain visible and transactable on the website if a product s stack is inactivated the font for that product will be grayed out in stack manager if the stack is active it will appear in black font to use this feature select the product right click and choose inactivate stack when you are ready to reactivate your prices select the same product right click again and choose activate stack there are also icons on the tool bar at the top of your screen which will activate inactivate the stack of the highlighted product see screen shot below for the icons changes to product properties currently when modifications are made to certain properties within the product properties screen the product will be suspended and pulled from the website now instead of being suspended the product s stack will become inactive once the changes have been made and saved to the properties of a product simply click the activate stack icon as discussed above website change restrictions on top of stack orders if top of stack limit orders are allowed on a product but the trader is not showing both a bid and offer limit orders will not be able to be placed on that product if you have any questions please call me at thanks savita,"['new', 'enrononline', 'functionality', 'several', 'change', 'made', 'stack', 'manager', 'website', 'change', 'outlin', 'will', 'visible', 'monday', 'september', 'stack', 'manager', 'change', 'activate', 'inactivate', 'stack', 'functionality', 'allow', 'trader', 'pull', 'product', 'price', 'website', 'without', 'suspend', 'product', 'top', 'stack', 'limit', 'order', 'functionality', 'activat', 'particular', 'product', 'us', 'pull', 'stack', 'price', 'website', 'without', 'pull', 'entire', 'product', 'therefore', 'top', 'stack', 'limit', 'order', 'product', 'will', 'remain', 'visible', 'transactable', 'website', 'product', 'stack', 'inactivat', 'font', 'product', 'will', 'gray', 'stack', 'manager', 'stack', 'active', 'will', 'appear', 'black', 'font', 'use', 'feature', 'select', 'product', 'right', 'click', 'choose', 'inactivate', 'stack', 'ready', 'reactivate', 'price', 'select', 'product', 'right', 'click', 'choose', 'activate', 'stack', 'also', 'icon', 'tool', 'bar', 'top', 'screen', 'will', 'activate', 'inactivate', 'stack', 'highlight', 'product', 'see', 'screen', 'shot', 'icon', 'change', 'product', 'propertie', 'currently', 'modification', 'made', 'certain', 'propertie', 'within', 'product', 'propertie', 'screen', 'product', 'will', 'suspend', 'pull', 'website', 'now', 'instead', 'suspend', 'product', 'stack', 'will', 'become', 'inactive', 'change', 'made', 'sav', 'propertie', 'product', 'simply', 'click', 'activate', 'stack', 'icon', 'discuss', 'website', 'change', 'restriction', 'top', 'stack', 'order', 'top', 'stack', 'limit', 'order', 'allow', 'product', 'trader', 'not', 'show', 'bid', 'offer', 'limit', 'order', 'will', 'not', 'able', 'plac', 'product', 'question', 'call', 'savita']",new enrononline functionality several change made stack manager website change outlin will visible monday september stack manager change activate inactivate stack functionality allow trader pull product price website without suspend product top stack limit order functionality activat particular product us pull stack price website without pull entire product therefore top stack limit order product will remain visible transactable website product stack inactivat font product will gray stack manager stack active will appear black font use feature select product right click choose inactivate stack ready reactivate price select product right click choose activate stack also icon tool bar top screen will activate inactivate stack highlight product see screen shot icon change product propertie currently modification made certain propertie within product propertie screen product will suspend pull website now instead suspend product stack will become inactive change made sav propertie product simply click activate stack icon discuss website change restriction top stack order top stack limit order allow product trader not show bid offer limit order will not able plac product question call savita,1811,172,77,0.0,0.0,0,0,4,5,0.0232558139534883,-1,6.005813953488372,0,0,0,1,0.5730851348896457,0,False
6162,reviewer approval,"please note that your employees have suggested the following people to
complete a feedback form on their behalf . you will need to access the
performance management system ( pep ) to either approve or decline these
suggested reviewers . once you have approved the suggested reviewers they
will be notified and can begin completing the feedback form .
your list of employees that have suggested reviewers are listed below :
date suggested : may 19 , 2000
feedback due date : jun 16 , 2000
employee name : kollaros , alexios
date suggested : may 22 , 2000
feedback due date : jun 16 , 2000
employee name : krishnarao , pinnamaneni v
date suggested : may 22 , 2000
feedback due date : jun 16 , 2000
employee name : shanbhogue , vasant",ham,2000-05-24,"reviewer approval please note that your employees have suggested the following people to
complete a feedback form on their behalf . you will need to access the
performance management system ( pep ) to either approve or decline these
suggested reviewers . once you have approved the suggested reviewers they
will be notified and can begin completing the feedback form .
your list of employees that have suggested reviewers are listed below :
date suggested : may 19 , 2000
feedback due date : jun 16 , 2000
employee name : kollaros , alexios
date suggested : may 22 , 2000
feedback due date : jun 16 , 2000
employee name : krishnarao , pinnamaneni v
date suggested : may 22 , 2000
feedback due date : jun 16 , 2000
employee name : shanbhogue , vasant",0,reviewer approval please note that your employees have suggested the following people to complete a feedback form on their behalf you will need to access the performance management system pep to either approve or decline these suggested reviewers once you have approved the suggested reviewers they will be notified and can begin completing the feedback form your list of employees that have suggested reviewers are listed below date suggested may feedback due date jun employee name kollaros alexios date suggested may feedback due date jun employee name krishnarao pinnamaneni v date suggested may feedback due date jun employee name shanbhogue vasant,"['reviewer', 'approval', 'note', 'employee', 'suggest', 'follow', 'people', 'complete', 'feedback', 'form', 'behalf', 'will', 'ne', 'acces', 'performance', 'management', 'system', 'pep', 'either', 'approve', 'decline', 'suggest', 'reviewer', 'approv', 'suggest', 'reviewer', 'will', 'notifi', 'can', 'begin', 'complet', 'feedback', 'form', 'list', 'employee', 'suggest', 'reviewer', 'list', 'suggest', 'may', 'feedback', 'due', 'jun', 'employee', 'name', 'kollaro', 'alexio', 'suggest', 'may', 'feedback', 'due', 'jun', 'employee', 'name', 'krishnarao', 'pinnamaneni', 'suggest', 'may', 'feedback', 'due', 'jun', 'employee', 'name', 'shanbhogue', 'vasant']",reviewer approval note employee suggest follow people complete feedback form behalf will ne acces performance management system pep either approve decline suggest reviewer approv suggest reviewer will notifi can begin complet feedback form list employee suggest reviewer list suggest may feedback due jun employee name kollaro alexio suggest may feedback due jun employee name krishnarao pinnamaneni suggest may feedback due jun employee name shanbhogue vasant,653,65,37,0.0,0.0,0,0,0,5,0.0,-5,6.092307692307692,0,0,0,1,0.5629621236769227,0,False
28736,it weekly tip - don ' t save or update !,"don ' t save passwords
internet explorer and some web based applications give you the ability to save your password , so you don ' t have to type it in each time you access it . unfortunately , this time - saver can also get you in trouble when you are forced to change your password and the new password doesn ' t get saved . we ' ve had numerous calls to the help desk due to old passwords still being "" saved "" . to keep yourself from being a victim ( and for good security ) , please do not save passwords when prompted . some examples are below . . .
don ' t update software or install plug - ins
most of us have gone to a web site that prompted us to update our software version or shows a link to install a new plug - in so we can see all the fancy web page components . many vendor web sites let you download demos of their software . we need to resist the temptation to do this , since it may not be approved software and could cause applications to malfunction . this can further lead to difficulty in tracking down the cause of problems , since the workstation is now "" non - standard "" . only the omaha it staff should be installing software . when in doubt , please contact the help desk for assistance . examples from web sites are below . . . . thanks !
: _ _ _ _ _ _ _
tyler a theobald
ets omaha it
402 - 398 - 7247
solution center : 402 - 398 - 7454
",ham,2001-08-03,"it weekly tip - don ' t save or update ! don ' t save passwords
internet explorer and some web based applications give you the ability to save your password , so you don ' t have to type it in each time you access it . unfortunately , this time - saver can also get you in trouble when you are forced to change your password and the new password doesn ' t get saved . we ' ve had numerous calls to the help desk due to old passwords still being "" saved "" . to keep yourself from being a victim ( and for good security ) , please do not save passwords when prompted . some examples are below . . .
don ' t update software or install plug - ins
most of us have gone to a web site that prompted us to update our software version or shows a link to install a new plug - in so we can see all the fancy web page components . many vendor web sites let you download demos of their software . we need to resist the temptation to do this , since it may not be approved software and could cause applications to malfunction . this can further lead to difficulty in tracking down the cause of problems , since the workstation is now "" non - standard "" . only the omaha it staff should be installing software . when in doubt , please contact the help desk for assistance . examples from web sites are below . . . . thanks !
: _ _ _ _ _ _ _
tyler a theobald
ets omaha it
402 - 398 - 7247
solution center : 402 - 398 - 7454
",0,it weekly tip don t save or update ! don t save passwords internet explorer and some web based applications give you the ability to save your password so you don t have to type it in each time you access it unfortunately this time saver can also get you in trouble when you are forced to change your password and the new password doesn t get saved we ve had numerous calls to the help desk due to old passwords still being saved to keep yourself from being a victim and for good security please do not save passwords when prompted some examples are below don t update software or install plug ins most of us have gone to a web site that prompted us to update our software version or shows a link to install a new plug in so we can see all the fancy web page components many vendor web sites let you download demos of their software we need to resist the temptation to do this since it may not be approved software and could cause applications to malfunction this can further lead to difficulty in tracking down the cause of problems since the workstation is now non standard only the omaha it staff should be installing software when in doubt please contact the help desk for assistance examples from web sites are below thanks ! tyler a theobald ets omaha it solution center,"['weekly', 'tip', 'don', 'save', 'update', 'don', 'save', 'password', 'internet', 'explorer', 'web', 'bas', 'application', 'give', 'ability', 'save', 'password', 'don', 'type', 'time', 'acces', 'unfortunately', 'time', 'saver', 'can', 'also', 'get', 'trouble', 'forc', 'change', 'password', 'new', 'password', 'doesn', 'get', 'sav', 'numerou', 'call', 'help', 'desk', 'due', 'old', 'password', 'still', 'sav', 'keep', 'victim', 'good', 'security', 'not', 'save', 'password', 'prompt', 'example', 'don', 'update', 'software', 'install', 'plug', 'ins', 'gone', 'web', 'site', 'prompt', 'update', 'software', 'version', 'show', 'link', 'install', 'new', 'plug', 'can', 'see', 'fancy', 'web', 'page', 'component', 'many', 'vendor', 'web', 'site', 'let', 'download', 'demo', 'software', 'ne', 'resist', 'tempta', 'since', 'may', 'not', 'approv', 'software', 'cause', 'application', 'malfunc', 'can', 'lead', 'difficulty', 'track', 'cause', 'problem', 'since', 'worksta', 'now', 'non', 'standard', 'omaha', 'staff', 'install', 'software', 'doubt', 'contact', 'help', 'desk', 'assistance', 'example', 'web', 'site', 'tyler', 'theobald', 'ets', 'omaha', 'solu', 'center']",weekly tip don save update don save password internet explorer web bas application give ability save password don type time acces unfortunately time saver can also get trouble forc change password new password doesn get sav numerou call help desk due old password still sav keep victim good security not save password prompt example don update software install plug ins gone web site prompt update software version show link install new plug can see fancy web page component many vendor web site let download demo software ne resist tempta since may not approv software cause application malfunc can lead difficulty track cause problem since worksta now non standard omaha staff install software doubt contact help desk assistance example web site tyler theobald ets omaha solu center,1275,126,85,0.0,0.0,2,0,7,0,0.0555555555555555,7,5.23015873015873,0,0,0,1,0.6794697129518616,0,False
28931,"fw : pg harris , steven ; watson , kimberly","subject : pg & e 2001 capacity release transactions on transwestern pipeline
importance : high
fyi
while i have been periodically giving updates on the above max rate capacity release activity , i was surprised by the magnitude of the pg & e value above max . rates .
for the 12 months ended 9 / 30 / 01 we had net cash payments to pg & e . ( approx $ 18 mil revenues to cal . + $ 5 . 6 revenue on san juan - $ 28 million in above max rate capacity release activity = ( $ 4 . 4 ) million",ham,2001-10-31,"fw : pg harris , steven ; watson , kimberly subject : pg & e 2001 capacity release transactions on transwestern pipeline
importance : high
fyi
while i have been periodically giving updates on the above max rate capacity release activity , i was surprised by the magnitude of the pg & e value above max . rates .
for the 12 months ended 9 / 30 / 01 we had net cash payments to pg & e . ( approx $ 18 mil revenues to cal . + $ 5 . 6 revenue on san juan - $ 28 million in above max rate capacity release activity = ( $ 4 . 4 ) million",0,fw pg harris steven watson kimberly subject pg e capacity release transactions on transwestern pipeline importance high fyi while i have been periodically giving updates on the above max rate capacity release activity i was surprised by the magnitude of the pg e value above max rates for the months ended we had net cash payments to pg e approx mil revenues to cal revenue on san juan million in above max rate capacity release activity million,"['harri', 'steven', 'watson', 'kimberly', 'capacity', 'release', 'transaction', 'transwestern', 'pipeline', 'importance', 'high', 'fyi', 'periodically', 'giv', 'update', 'max', 'rate', 'capacity', 'release', 'activity', 'surpris', 'magnitude', 'value', 'max', 'rate', 'month', 'end', 'net', 'cash', 'payment', 'approx', 'mil', 'revenue', 'cal', 'revenue', 'san', 'juan', 'million', 'max', 'rate', 'capacity', 'release', 'activity', 'million']",harri steven watson kimberly capacity release transaction transwestern pipeline importance high fyi periodically giv update max rate capacity release activity surpris magnitude value max rate month end net cash payment approx mil revenue cal revenue san juan million max rate capacity release activity million,445,44,33,0.0,0.0,0,0,3,1,0.0681818181818181,2,6.045454545454546,0,0,0,1,0.5162106417351503,0,False
16714,caiso notification - tswg conference call,"please call in @ 1330 pacific . call in number ( 877 ) 670 - 4111 passcode
246870 .",ham,2001-06-20,"caiso notification - tswg conference call please call in @ 1330 pacific . call in number ( 877 ) 670 - 4111 passcode
246870 .",0,caiso notification tswg conference call please call in pacific call in number passcode,"['caiso', 'notifica', 'tswg', 'conference', 'call', 'call', 'pacific', 'call', 'number', 'passcode']",caiso notifica tswg conference call call pacific call number passcode,86,10,8,0.0,0.0,0,0,0,1,0.0,-1,6.0,0,0,0,1,0.6088422217636668,0,False
17172,fw : hiddie ho ( crystal ),"- - - - - original message - - - - -
from : crystal hyde [ mailto : roxy 77 _ 7 @ yahoo . com ]
sent : tuesday , august 28 , 2001 3 : 58 pm
to : eriksson , fredrik
subject : hiddie ho
hey everyone ,
i know this is late notice and all ( especially since last week was my last day ) , but anyhow please stop by vq after work tomorrow evening for a few drinks . since i ' m unemployed now i ' ll be there a bit early to reserve a table of course . so i hope to see everyone there . take it easy .
crystal
_ _ _ _ _
do you yahoo ! ?
make international calls for as low as $ 0 . 04 / minute with yahoo ! messenger .",ham,2001-08-28,"fw : hiddie ho ( crystal ) - - - - - original message - - - - -
from : crystal hyde [ mailto : roxy 77 _ 7 @ yahoo . com ]
sent : tuesday , august 28 , 2001 3 : 58 pm
to : eriksson , fredrik
subject : hiddie ho
hey everyone ,
i know this is late notice and all ( especially since last week was my last day ) , but anyhow please stop by vq after work tomorrow evening for a few drinks . since i ' m unemployed now i ' ll be there a bit early to reserve a table of course . so i hope to see everyone there . take it easy .
crystal
_ _ _ _ _
do you yahoo ! ?
make international calls for as low as $ 0 . 04 / minute with yahoo ! messenger .",0,fw hiddie ho crystal original message from crystal hyde mailto roxy yahoo com sent tuesday august pm to eriksson fredrik subject hiddie ho hey everyone i know this is late notice and all especially since last week was my last day but anyhow please stop by vq after work tomorrow evening for a few drinks since i m unemployed now i ll be there a bit early to reserve a table of course so i hope to see everyone there take it easy crystal do you yahoo ! ? make international calls for as low as minute with yahoo ! messenger,"['hiddie', 'crystal', 'original', 'crystal', 'hyde', 'mailto', 'roxy', 'yahoo', 'com', 'tuesday', 'august', 'eriksson', 'fredrik', 'hiddie', 'everyone', 'know', 'late', 'notice', 'especially', 'since', 'last', 'week', 'last', 'day', 'anyhow', 'stop', 'work', 'tomorrow', 'even', 'drink', 'since', 'unemploy', 'now', 'bit', 'early', 'reserve', 'table', 'course', 'hope', 'see', 'everyone', 'take', 'easy', 'crystal', 'yahoo', 'make', 'international', 'call', 'low', 'minute', 'yahoo', 'messenger']",hiddie crystal original crystal hyde mailto roxy yahoo com tuesday august eriksson fredrik hiddie everyone know late notice especially since last week last day anyhow stop work tomorrow even drink since unemploy now bit early reserve table course hope see everyone take easy crystal yahoo make international call low minute yahoo messenger,522,52,44,0.0,0.0,2,1,0,0,0.0,0,5.538461538461538,0,0,0,1,0.5688149946772614,0,False
11106,re : mark,mark frevert ?,ham,2001-03-05,re : mark mark frevert ?,0,re mark mark frevert ?,"['mark', 'mark', 'frevert']",mark mark frevert,22,3,2,0.0,0.0,0,1,0,0,0.0,0,5.0,0,0,0,1,0.6207048487387664,0,False
1933,bad estimates on 28 th,"we are getting bad numbers in pops for sat . oct . 28 th . they are the same as
oct . 27 th ( 27 th is correct ) . please watch imbalances very closely . double
check
all numbers . thanks , pat",ham,2000-10-30,"bad estimates on 28 th we are getting bad numbers in pops for sat . oct . 28 th . they are the same as
oct . 27 th ( 27 th is correct ) . please watch imbalances very closely . double
check
all numbers . thanks , pat",0,bad estimates on th we are getting bad numbers in pops for sat oct th they are the same as oct th th is correct please watch imbalances very closely double check all numbers thanks pat,"['bad', 'estimate', 'gett', 'bad', 'number', 'pop', 'sat', 'oct', 'oct', 'correct', 'watch', 'imbalance', 'closely', 'double', 'check', 'number', 'pat']",bad estimate gett bad number pop sat oct oct correct watch imbalance closely double check number pat,184,17,14,0.0,0.0,0,0,0,0,0.0,0,4.941176470588236,0,0,0,1,0.6904142514958563,0,False
29447,pocket micro scope id : sxo 683,"re : ppql 308243023
not interested , please let us know :
powerlinepromo @ yahoo . com",spam,2004-08-23,"pocket micro scope id : sxo 683 re : ppql 308243023
not interested , please let us know :
powerlinepromo @ yahoo . com",1,pocket micro scope id sxo re ppql not interested please let us know powerlinepromo yahoo com,"['pocket', 'micro', 'scope', 'sxo', 'ppql', 'not', 'interest', 'let', 'know', 'powerlinepromo', 'yahoo', 'com']",pocket micro scope sxo ppql not interest let know powerlinepromo yahoo com,92,12,12,0.0,0.0,0,0,0,0,0.0,0,5.25,0,0,0,0,0.43393610817015743,1,False
11389,august palo verde,"my latest information on rate increases in california indicates that they will be implemented june lst . that means that customers don ' t see a price signal until june and won ' t actually see their bill until july . while i agree with greg that we may see dramatic demand side response once people see their bills , we have no idea how long it will take people and businesses to adjust their behavior . i don ' t really care what positions you guys want to carry . my only advice is that greg is short a fairly illiquid product . if you want to get out right now you would have to pay , at least for some of your position , north of $ 800 / mwh . in the near term i don ' t think that it will be easy to get out of this trade . in the long run , if the market comes off , it will be easy to get out .
bottom line - -
at the end of the day i think that you may be right , but things look very bullish right now . i want to make sure that you know that you have already pushed the bounds of liquidity for that product and that you should not expect us to provide liquidity to you in a market that doesn ' t offer it to us when it is time to get out .",ham,2001-04-04,"august palo verde my latest information on rate increases in california indicates that they will be implemented june lst . that means that customers don ' t see a price signal until june and won ' t actually see their bill until july . while i agree with greg that we may see dramatic demand side response once people see their bills , we have no idea how long it will take people and businesses to adjust their behavior . i don ' t really care what positions you guys want to carry . my only advice is that greg is short a fairly illiquid product . if you want to get out right now you would have to pay , at least for some of your position , north of $ 800 / mwh . in the near term i don ' t think that it will be easy to get out of this trade . in the long run , if the market comes off , it will be easy to get out .
bottom line - -
at the end of the day i think that you may be right , but things look very bullish right now . i want to make sure that you know that you have already pushed the bounds of liquidity for that product and that you should not expect us to provide liquidity to you in a market that doesn ' t offer it to us when it is time to get out .",0,august palo verde my latest information on rate increases in california indicates that they will be implemented june lst that means that customers don t see a price signal until june and won t actually see their bill until july while i agree with greg that we may see dramatic demand side response once people see their bills we have no idea how long it will take people and businesses to adjust their behavior i don t really care what positions you guys want to carry my only advice is that greg is short a fairly illiquid product if you want to get out right now you would have to pay at least for some of your position north of mwh in the near term i don t think that it will be easy to get out of this trade in the long run if the market comes off it will be easy to get out bottom line at the end of the day i think that you may be right but things look very bullish right now i want to make sure that you know that you have already pushed the bounds of liquidity for that product and that you should not expect us to provide liquidity to you in a market that doesn t offer it to us when it is time to get out,"['august', 'palo', 'verde', 'latest', 'informa', 'rate', 'increase', 'california', 'indicate', 'will', 'implement', 'june', 'lst', 'mean', 'customer', 'don', 'see', 'price', 'signal', 'june', 'won', 'actually', 'see', 'bill', 'july', 'agree', 'greg', 'may', 'see', 'dramatic', 'demand', 'side', 'response', 'people', 'see', 'bill', 'idea', 'long', 'will', 'take', 'people', 'businesse', 'adjust', 'behavior', 'don', 'really', 'care', 'position', 'guy', 'want', 'carry', 'advice', 'greg', 'short', 'fairly', 'illiquid', 'product', 'want', 'get', 'right', 'now', 'pay', 'least', 'posi', 'north', 'mwh', 'near', 'term', 'don', 'think', 'will', 'easy', 'get', 'trade', 'long', 'run', 'market', 'come', 'off', 'will', 'easy', 'get', 'bottom', 'line', 'end', 'day', 'think', 'may', 'right', 'thing', 'look', 'bullish', 'right', 'now', 'want', 'make', 'sure', 'know', 'already', 'push', 'bound', 'liquidity', 'product', 'not', 'expect', 'provide', 'liquidity', 'market', 'doesn', 'offer', 'time', 'get']",august palo verde latest informa rate increase california indicate will implement june lst mean customer don see price signal june won actually see bill july agree greg may see dramatic demand side response people see bill idea long will take people businesse adjust behavior don really care position guy want carry advice greg short fairly illiquid product want get right now pay least posi north mwh near term don think will easy get trade long run market come off will easy get bottom line end day think may right thing look bullish right now want make sure know already push bound liquidity product not expect provide liquidity market doesn offer time get,1114,112,85,0.0,0.0,0,0,2,0,0.0178571428571428,2,4.892857142857143,0,0,0,1,0.5501412149601483,0,False
190,ces - duke en field services,"the purchase and sale is at felmont # 1 ( point sale ) . we will be terminating
the agreement . feb should be the last month .",ham,2000-01-25,"ces - duke en field services the purchase and sale is at felmont # 1 ( point sale ) . we will be terminating
the agreement . feb should be the last month .",0,ces duke en field services the purchase and sale is at felmont point sale we will be terminating the agreement feb should be the last month,"['ces', 'duke', 'field', 'service', 'purchase', 'sale', 'felmont', 'point', 'sale', 'will', 'terminat', 'agreement', 'feb', 'last', 'month']",ces duke field service purchase sale felmont point sale will terminat agreement feb last month,139,15,14,0.0,0.0,0,0,0,0,0.0,0,5.333333333333333,0,0,0,1,0.6464787250323017,0,False
14328,fw :,very symbolic of our current struggle,ham,2001-12-10,fw : very symbolic of our current struggle,0,fw very symbolic of our current struggle,"['symbolic', 'current', 'struggle']",symbolic current struggle,40,3,3,0.0,0.0,0,0,0,0,0.0,0,7.666666666666667,0,0,0,1,0.6824818716570588,0,False
5658,more dalton baby info,"final update . . . . .
i went to see dorothy , tim and the new baby on sunday . he is absolutely
beautiful and dorothy and tim couldn ' t be prouder parents . his name
is . . . . . drake andrew dalton and that name suits him just fine ! thanks .",ham,2000-03-06,"more dalton baby info final update . . . . .
i went to see dorothy , tim and the new baby on sunday . he is absolutely
beautiful and dorothy and tim couldn ' t be prouder parents . his name
is . . . . . drake andrew dalton and that name suits him just fine ! thanks .",0,more dalton baby info final update i went to see dorothy tim and the new baby on sunday he is absolutely beautiful and dorothy and tim couldn t be prouder parents his name is drake andrew dalton and that name suits him just fine ! thanks,"['dalton', 'baby', 'info', 'final', 'update', 'went', 'see', 'dorothy', 'tim', 'new', 'baby', 'sunday', 'absolutely', 'beautiful', 'dorothy', 'tim', 'couldn', 'prouder', 'parent', 'name', 'drake', 'andrew', 'dalton', 'name', 'suit', 'just', 'fine']",dalton baby info final update went see dorothy tim new baby sunday absolutely beautiful dorothy tim couldn prouder parent name drake andrew dalton name suit just fine,237,27,22,0.0,0.0,1,0,0,0,0.0,0,5.185185185185185,0,0,0,1,0.6249057284470709,0,False
5686,copier on 32 nd floor,"hello iain ,
well time is drawing near for another move
for us .
the problem is we do not have a heavy duty
copier for the floor .
we do need a copier .
please inform me as how we can work through
this , maybe we can split the cost with others on the floor .
the move is schedule sometime at the end of the month .
i will keep you informed . . . . . . . .
thanks
kevin moore",ham,2000-03-08,"copier on 32 nd floor hello iain ,
well time is drawing near for another move
for us .
the problem is we do not have a heavy duty
copier for the floor .
we do need a copier .
please inform me as how we can work through
this , maybe we can split the cost with others on the floor .
the move is schedule sometime at the end of the month .
i will keep you informed . . . . . . . .
thanks
kevin moore",0,copier on nd floor hello iain well time is drawing near for another move for us the problem is we do not have a heavy duty copier for the floor we do need a copier please inform me as how we can work through this maybe we can split the cost with others on the floor the move is schedule sometime at the end of the month i will keep you informed thanks kevin moore,"['copier', 'floor', 'iain', 'time', 'draw', 'near', 'another', 'move', 'problem', 'not', 'heavy', 'duty', 'copier', 'floor', 'ne', 'copier', 'inform', 'can', 'work', 'maybe', 'can', 'split', 'cost', 'other', 'floor', 'move', 'schedule', 'sometime', 'end', 'month', 'will', 'keep', 'inform', 'kevin', 'moore']",copier floor iain time draw near another move problem not heavy duty copier floor ne copier inform can work maybe can split cost other floor move schedule sometime end month will keep inform kevin moore,363,35,28,0.0,0.0,0,0,0,1,0.0,-1,4.8,0,0,0,1,0.5527497546714261,0,False
13643,margin requirements for 10 / 30 / 01 wire date 10 / 29 / 01 statement date,"frank f . cernosek
exchange accounting
financial operations
713 - 853 - 1581",ham,2001-10-31,"margin requirements for 10 / 30 / 01 wire date 10 / 29 / 01 statement date frank f . cernosek
exchange accounting
financial operations
713 - 853 - 1581",0,margin requirements for wire date statement date frank f cernosek exchange accounting financial operations,"['margin', 'requirement', 'wire', 'statement', 'frank', 'cernosek', 'exchange', 'account', 'financial', 'operation']",margin requirement wire statement frank cernosek exchange account financial operation,106,10,10,0.0,0.0,0,0,1,0,0.1,1,7.6,0,0,0,1,0.6740531937215871,0,False
28488,3 - urgent - to avoid loss of information,"read very carefully :
these applications ( buttons ) must be run as close as possible to your
scheduled date and time of migration .
your migration date is : february 21 st at 4 : 45 pm
please make sure you are connected to the network before you launch these
applications .
do not click all the buttons at once and do not click each button more than
once !
when ready , please click the first button below to run the "" personal address
book converter "" application . you will get a message once the application is
finished . depending on how many entries you have , this application may take
up to 10 minutes to run . lotus notes may seem to hang or act as if it is not
responding during this process . please be patient and allow it to complete .
follow the same procedure for the other two buttons .
if a pop - up box appears , prompting you to "" abort , cancel or trust signer ""
please select trust signer . this box may appear multiple times . please
select trust signer for every instance .
1 .
2 .
3 .
please note : you will not notice any change to your existing personal
address book , journal entries or private folder structure after running these
applications . failure to run these applications means your notes address
book ( s ) , journal items and folder structure will not be migrated and will not
be available to you in outlook once you are migrated .
this is the only notification you will receive .
thank you for your cooperation ,
outlook 2000 migration team",ham,2001-02-16,"3 - urgent - to avoid loss of information read very carefully :
these applications ( buttons ) must be run as close as possible to your
scheduled date and time of migration .
your migration date is : february 21 st at 4 : 45 pm
please make sure you are connected to the network before you launch these
applications .
do not click all the buttons at once and do not click each button more than
once !
when ready , please click the first button below to run the "" personal address
book converter "" application . you will get a message once the application is
finished . depending on how many entries you have , this application may take
up to 10 minutes to run . lotus notes may seem to hang or act as if it is not
responding during this process . please be patient and allow it to complete .
follow the same procedure for the other two buttons .
if a pop - up box appears , prompting you to "" abort , cancel or trust signer ""
please select trust signer . this box may appear multiple times . please
select trust signer for every instance .
1 .
2 .
3 .
please note : you will not notice any change to your existing personal
address book , journal entries or private folder structure after running these
applications . failure to run these applications means your notes address
book ( s ) , journal items and folder structure will not be migrated and will not
be available to you in outlook once you are migrated .
this is the only notification you will receive .
thank you for your cooperation ,
outlook 2000 migration team",0,urgent to avoid loss of information read very carefully these applications buttons must be run as close as possible to your scheduled date and time of migration your migration date is february st at pm please make sure you are connected to the network before you launch these applications do not click all the buttons at once and do not click each button more than once ! when ready please click the first button below to run the personal address book converter application you will get a message once the application is finished depending on how many entries you have this application may take up to minutes to run lotus notes may seem to hang or act as if it is not responding during this process please be patient and allow it to complete follow the same procedure for the other two buttons if a pop up box appears prompting you to abort cancel or trust signer please select trust signer this box may appear multiple times please select trust signer for every instance please note you will not notice any change to your existing personal address book journal entries or private folder structure after running these applications failure to run these applications means your notes address book s journal items and folder structure will not be migrated and will not be available to you in outlook once you are migrated this is the only notification you will receive thank you for your cooperation outlook migration team,"['urgent', 'avoid', 'los', 'informa', 'read', 'carefully', 'application', 'button', 'must', 'run', 'close', 'possible', 'schedul', 'time', 'migra', 'migra', 'february', 'make', 'sure', 'connect', 'network', 'launch', 'application', 'not', 'click', 'button', 'not', 'click', 'button', 'ready', 'click', 'first', 'button', 'run', 'personal', 'addres', 'book', 'converter', 'applica', 'will', 'get', 'applica', 'finish', 'depend', 'many', 'entrie', 'applica', 'may', 'take', 'minute', 'run', 'lotu', 'note', 'may', 'seem', 'hang', 'act', 'not', 'respond', 'proces', 'patient', 'allow', 'complete', 'follow', 'procedure', 'two', 'button', 'pop', 'box', 'appear', 'prompt', 'abort', 'cancel', 'trust', 'signer', 'select', 'trust', 'signer', 'box', 'may', 'appear', 'multiple', 'time', 'select', 'trust', 'signer', 'every', 'instance', 'note', 'will', 'not', 'notice', 'change', 'exist', 'personal', 'addres', 'book', 'journal', 'entrie', 'private', 'folder', 'structure', 'runn', 'application', 'failure', 'run', 'application', 'mean', 'note', 'addres', 'book', 'journal', 'item', 'folder', 'structure', 'will', 'not', 'migrat', 'will', 'not', 'available', 'outlook', 'migrat', 'notifica', 'will', 'receive', 'coopera', 'outlook', 'migra', 'team']",urgent avoid los informa read carefully application button must run close possible schedul time migra migra february make sure connect network launch application not click button not click button ready click first button run personal addres book converter applica will get applica finish depend many entrie applica may take minute run lotu note may seem hang act not respond proces patient allow complete follow procedure two button pop box appear prompt abort cancel trust signer select trust signer box may appear multiple time select trust signer every instance note will not notice change exist personal addres book journal entrie private folder structure runn application failure run application mean note addres book journal item folder structure will not migrat will not available outlook migrat notifica will receive coopera outlook migra team,1419,130,82,0.0,0.0,1,0,4,0,0.0307692307692307,4,5.553846153846154,0,0,0,1,0.5742738654938516,0,False
13612,"enrononline executive summary for october 26 , 2001","following please find the daily enrononline executive summary .
",ham,2001-10-29,"enrononline executive summary for october 26 , 2001 following please find the daily enrononline executive summary .
",0,enrononline executive summary for october following please find the daily enrononline executive summary,"['enrononline', 'executive', 'summary', 'october', 'follow', 'find', 'daily', 'enrononline', 'executive', 'summary']",enrononline executive summary october follow find daily enrononline executive summary,103,10,7,0.0,0.0,0,0,0,0,0.0,0,7.6,0,0,0,1,0.5264184103187987,0,False
23227,reporting,"donna and richard ,
more information for your tracking database and report archives .
john",ham,2000-09-05,"reporting donna and richard ,
more information for your tracking database and report archives .
john",0,reporting donna and richard more information for your tracking database and report archives john,"['report', 'donna', 'richard', 'informa', 'track', 'database', 'report', 'archive', 'john']",report donna richard informa track database report archive john,96,9,8,0.0,0.0,0,0,0,2,0.0,-2,6.111111111111111,0,0,0,1,0.5659484049342212,0,False
18474,bounce skel @ iit . demokritos . gr : non - member submission from [ management @ demokritos . gr ],"from paliourg @ iit . demokritos . gr thu mar 11 12 : 30 : 09 2004
received : from efthimiop _ dd ( [ 143 . 233 . 247 . 228 ] )
by iit . demokritos . gr ( 8 . 11 . 6 + sun / 8 . 11 . 6 ) with smtp id i 2 bau 9 yo 4000
for skel @ iit . demokritos . gr ; thu , 11 mar 2004 12 : 30 : 09 + 0200 ( eet )
date : thu , 11 mar 2004 12 : 39 : 51 + 0200
to : skel @ iit . demokritos . gr
subject : email account utilization warning .
from : management @ demokritos . gr
message - id : @ iit . demokritos . gr
mime - version : 1 . 0
content - type : multipart / mixed ;
boundary = - - - - - - - - voltrafmqhuhgieciexo
- - - - - - - - - - voltrafmqhuhgieciexo
content - type : text / plain ; charset = us - ascii
content - transfer - encoding : 7 bit
dear user , the management of demokritos . gr mailing system wants to let
you know that ,
some of our clients complained about the spam ( negative e - mail content )
outgoing from your e - mail account . probably , you have been infected by
a proxy - relay trojan server . in order to keep your computer safe ,
follow the instructions .
for more information see the attached file .
for security purposes the attached file is password protected . password
is 41218 .
cheers ,
the demokritos . gr team
http : / / www . demokritos . gr
- - - - - - - - - - voltrafmqhuhgieciexo
content - type : plain / text ;
name = norton antivirus deletedl . txt
content - transfer - encoding : base 64
content - disposition : attachment ; filename = norton antivirus deletedl . txt
qgltihzpcnvzlg = =
- - - - - - - - - - - -
",spam,2004-03-11,"bounce skel @ iit . demokritos . gr : non - member submission from [ management @ demokritos . gr ] from paliourg @ iit . demokritos . gr thu mar 11 12 : 30 : 09 2004
received : from efthimiop _ dd ( [ 143 . 233 . 247 . 228 ] )
by iit . demokritos . gr ( 8 . 11 . 6 + sun / 8 . 11 . 6 ) with smtp id i 2 bau 9 yo 4000
for skel @ iit . demokritos . gr ; thu , 11 mar 2004 12 : 30 : 09 + 0200 ( eet )
date : thu , 11 mar 2004 12 : 39 : 51 + 0200
to : skel @ iit . demokritos . gr
subject : email account utilization warning .
from : management @ demokritos . gr
message - id : @ iit . demokritos . gr
mime - version : 1 . 0
content - type : multipart / mixed ;
boundary = - - - - - - - - voltrafmqhuhgieciexo
- - - - - - - - - - voltrafmqhuhgieciexo
content - type : text / plain ; charset = us - ascii
content - transfer - encoding : 7 bit
dear user , the management of demokritos . gr mailing system wants to let
you know that ,
some of our clients complained about the spam ( negative e - mail content )
outgoing from your e - mail account . probably , you have been infected by
a proxy - relay trojan server . in order to keep your computer safe ,
follow the instructions .
for more information see the attached file .
for security purposes the attached file is password protected . password
is 41218 .
cheers ,
the demokritos . gr team
http : / / www . demokritos . gr
- - - - - - - - - - voltrafmqhuhgieciexo
content - type : plain / text ;
name = norton antivirus deletedl . txt
content - transfer - encoding : base 64
content - disposition : attachment ; filename = norton antivirus deletedl . txt
qgltihzpcnvzlg = =
- - - - - - - - - - - -
",1,bounce skel iit demokritos gr non member submission from management demokritos gr from paliourg iit demokritos gr thu mar received from efthimiop dd by iit demokritos gr sun with smtp id i bau yo for skel iit demokritos gr thu mar eet date thu mar to skel iit demokritos gr subject email account utilization warning from management demokritos gr message id iit demokritos gr mime version content type multipart mixed boundary voltrafmqhuhgieciexo voltrafmqhuhgieciexo content type text plain charset us ascii content transfer encoding bit dear user the management of demokritos gr mailing system wants to let you know that some of our clients complained about the spam negative e mail content outgoing from your e mail account probably you have been infected by a proxy relay trojan server in order to keep your computer safe follow the instructions for more information see the attached file for security purposes the attached file is password protected password is cheers the demokritos gr team http www demokritos gr voltrafmqhuhgieciexo content type plain text name norton antivirus deletedl txt content transfer encoding base content disposition attachment filename norton antivirus deletedl txt qgltihzpcnvzlg,"['bounce', 'skel', 'iit', 'demokrito', 'non', 'member', 'submission', 'management', 'demokrito', 'paliourg', 'iit', 'demokrito', 'thu', 'mar', 'efthimiop', 'iit', 'demokrito', 'sun', 'smtp', 'bau', 'skel', 'iit', 'demokrito', 'thu', 'mar', 'eet', 'thu', 'mar', 'skel', 'iit', 'demokrito', 'account', 'utiliza', 'warn', 'management', 'demokrito', 'iit', 'demokrito', 'mime', 'version', 'content', 'type', 'multipart', 'mix', 'boundary', 'voltrafmqhuhgieciexo', 'voltrafmqhuhgieciexo', 'content', 'type', 'text', 'plain', 'charset', 'ascii', 'content', 'transfer', 'encod', 'bit', 'user', 'management', 'demokrito', 'mail', 'system', 'want', 'let', 'know', 'client', 'complain', 'spam', 'negative', 'content', 'outgo', 'account', 'probably', 'infect', 'proxy', 'relay', 'trojan', 'server', 'order', 'keep', 'computer', 'safe', 'follow', 'instruction', 'informa', 'see', 'attach', 'file', 'security', 'purpose', 'attach', 'file', 'password', 'protect', 'password', 'cheer', 'demokrito', 'team', 'http', 'www', 'demokrito', 'voltrafmqhuhgieciexo', 'content', 'type', 'plain', 'text', 'name', 'norton', 'antiviru', 'deletedl', 'txt', 'content', 'transfer', 'encod', 'base', 'content', 'disposi', 'attachment', 'filename', 'norton', 'antiviru', 'deletedl', 'txt', 'qgltihzpcnvzlg']",bounce skel iit demokrito non member submission management demokrito paliourg iit demokrito thu mar efthimiop iit demokrito sun smtp bau skel iit demokrito thu mar eet thu mar skel iit demokrito account utiliza warn management demokrito iit demokrito mime version content type multipart mix boundary voltrafmqhuhgieciexo voltrafmqhuhgieciexo content type text plain charset ascii content transfer encod bit user management demokrito mail system want let know client complain spam negative content outgo account probably infect proxy relay trojan server order keep computer safe follow instruction informa see attach file security purpose attach file password protect password cheer demokrito team http www demokrito voltrafmqhuhgieciexo content type plain text name norton antiviru deletedl txt content transfer encod base content disposi attachment filename norton antiviru deletedl txt qgltihzpcnvzlg,1215,124,79,0.0,0.0,0,0,4,2,0.032258064516129,2,6.282258064516129,0,0,0,0,0.4186725684918465,1,False
13297,2002 plan expenses estimate,"commercial : $ 269 ( includes facility costs )
support depts / corp charges : $ 299 ( includes estimated $ 100 m for bonuses )",ham,2001-10-16,"2002 plan expenses estimate commercial : $ 269 ( includes facility costs )
support depts / corp charges : $ 299 ( includes estimated $ 100 m for bonuses )",0,plan expenses estimate commercial includes facility costs support depts corp charges includes estimated m for bonuses,"['plan', 'expense', 'estimate', 'commercial', 'include', 'facility', 'cost', 'support', 'dept', 'corp', 'charge', 'include', 'estimat', 'bonuse']",plan expense estimate commercial include facility cost support dept corp charge include estimat bonuse,117,14,13,0.0,0.0,0,0,0,0,0.0,0,6.357142857142857,0,0,0,1,0.5715938340223663,0,False
8522,rdi project,"michelle ,
cecil and david ' s code was correct but could not match ken ' s spreadsheet
output due to a slight mis - specification in ken ' s excel spreadsheet . the code
was then modified to conform with ken ' s specification and results very close
to that of ken were obtained . as of now ken ' s modifying his spreadsheet to
re - run the results , the original correct code will be restored , and we will
see what
happens then . anyway this is rather encouraging .
best ,
alex",ham,2001-02-15,"rdi project michelle ,
cecil and david ' s code was correct but could not match ken ' s spreadsheet
output due to a slight mis - specification in ken ' s excel spreadsheet . the code
was then modified to conform with ken ' s specification and results very close
to that of ken were obtained . as of now ken ' s modifying his spreadsheet to
re - run the results , the original correct code will be restored , and we will
see what
happens then . anyway this is rather encouraging .
best ,
alex",0,rdi project michelle cecil and david s code was correct but could not match ken s spreadsheet output due to a slight mis specification in ken s excel spreadsheet the code was then modified to conform with ken s specification and results very close to that of ken were obtained as of now ken s modifying his spreadsheet to re run the results the original correct code will be restored and we will see what happens then anyway this is rather encouraging best alex,"['rdi', 'project', 'michelle', 'cecil', 'david', 'code', 'correct', 'not', 'match', 'ken', 'spreadsheet', 'output', 'due', 'slight', 'mis', 'specifica', 'ken', 'excel', 'spreadsheet', 'code', 'modifi', 'conform', 'ken', 'specifica', 'result', 'close', 'ken', 'obtain', 'now', 'ken', 'modify', 'spreadsheet', 'run', 'result', 'original', 'correct', 'code', 'will', 'restor', 'will', 'see', 'happen', 'anyway', 'rather', 'encourag', 'best', 'alex']",rdi project michelle cecil david code correct not match ken spreadsheet output due slight mis specifica ken excel spreadsheet code modifi conform ken specifica result close ken obtain now ken modify spreadsheet run result original correct code will restor will see happen anyway rather encourag best alex,461,47,35,0.0,0.0,0,0,0,1,0.0,-1,5.48936170212766,0,0,0,1,0.5473394497127264,0,False
5981,maureen ' s presentation,here it is !,ham,2000-04-21,maureen ' s presentation here it is !,0,maureen s presentation here it is !,"['maureen', 'presenta']",maureen presenta,35,2,2,0.0,0.0,1,0,0,0,0.0,0,7.5,0,0,0,1,0.6596994502866985,0,False
13694,sg fees,"louise ,
we owe sg a little over $ 1 million dollars related to the advisory services for the vitro sale . i have been delaying the payment and putting them off the best that i can . somewhere in here , we need to pay them . when do you think i can get clearance to pay them ?
thanks ,
don",ham,2001-11-01,"sg fees louise ,
we owe sg a little over $ 1 million dollars related to the advisory services for the vitro sale . i have been delaying the payment and putting them off the best that i can . somewhere in here , we need to pay them . when do you think i can get clearance to pay them ?
thanks ,
don",0,sg fees louise we owe sg a little over million dollars related to the advisory services for the vitro sale i have been delaying the payment and putting them off the best that i can somewhere in here we need to pay them when do you think i can get clearance to pay them ? thanks don,"['fee', 'louise', 'owe', 'little', 'million', 'dollar', 'relat', 'advisory', 'service', 'vitro', 'sale', 'delay', 'payment', 'putt', 'off', 'best', 'can', 'somewhere', 'ne', 'pay', 'think', 'can', 'get', 'clearance', 'pay', 'don']",fee louise owe little million dollar relat advisory service vitro sale delay payment putt off best can somewhere ne pay think can get clearance pay don,281,26,24,0.0,0.0,0,1,2,1,0.0769230769230769,1,4.846153846153846,0,0,0,1,0.5965478992084813,0,False
7920,wti simulation presentation - the latest,"john ,
this is the updated presentation for the open - close assumption .
i will finish the close - close ( continuous trading ) case .
zimin",ham,2000-12-15,"wti simulation presentation - the latest john ,
this is the updated presentation for the open - close assumption .
i will finish the close - close ( continuous trading ) case .
zimin",0,wti simulation presentation the latest john this is the updated presentation for the open close assumption i will finish the close close continuous trading case zimin,"['wti', 'simula', 'presenta', 'latest', 'john', 'updat', 'presenta', 'open', 'close', 'assump', 'will', 'finish', 'close', 'close', 'continuou', 'trad', 'case', 'zimin']",wti simula presenta latest john updat presenta open close assump will finish close close continuou trad case zimin,166,18,15,0.0,0.0,0,0,0,0,0.0,0,5.388888888888889,0,0,0,1,0.5219306732181564,0,False
12001,re : assistance with a presentation,"l
thanks got a copy of several presentations . looks like morale is pretty down in the us and london and the picture is looking too bright for the next six months .
things are going well on this side of the world as we stay on track for our targets this year . brought in two originators , rob stewart from project dolphin , and martin webb , who was in the uk office before going to spain , to help build a more physical profile in the market . working on making australia a good news story for growth and see the potential for some large global products deals - just got to convert potential to $ $ $ .
see you sometime in q 3 .
cheers
paul",ham,2001-06-26,"re : assistance with a presentation l
thanks got a copy of several presentations . looks like morale is pretty down in the us and london and the picture is looking too bright for the next six months .
things are going well on this side of the world as we stay on track for our targets this year . brought in two originators , rob stewart from project dolphin , and martin webb , who was in the uk office before going to spain , to help build a more physical profile in the market . working on making australia a good news story for growth and see the potential for some large global products deals - just got to convert potential to $ $ $ .
see you sometime in q 3 .
cheers
paul",0,re assistance with a presentation l thanks got a copy of several presentations looks like morale is pretty down in the us and london and the picture is looking too bright for the next six months things are going well on this side of the world as we stay on track for our targets this year brought in two originators rob stewart from project dolphin and martin webb who was in the uk office before going to spain to help build a more physical profile in the market working on making australia a good news story for growth and see the potential for some large global products deals just got to convert potential to see you sometime in q cheers paul,"['assistance', 'presenta', 'got', 'copy', 'several', 'presentation', 'look', 'like', 'morale', 'pretty', 'london', 'picture', 'look', 'bright', 'next', 'six', 'month', 'thing', 'go', 'side', 'world', 'stay', 'track', 'target', 'year', 'brought', 'two', 'originator', 'rob', 'stewart', 'project', 'dolphin', 'martin', 'webb', 'office', 'go', 'spain', 'help', 'build', 'physical', 'profile', 'market', 'work', 'mak', 'australia', 'good', 'new', 'story', 'growth', 'see', 'potential', 'large', 'global', 'product', 'deal', 'just', 'got', 'convert', 'potential', 'see', 'sometime', 'cheer', 'paul']",assistance presenta got copy several presentation look like morale pretty london picture look bright next six month thing go side world stay track target year brought two originator rob stewart project dolphin martin webb office go spain help build physical profile market work mak australia good new story growth see potential large global product deal just got convert potential see sometime cheer paul,646,63,58,0.0,0.0,0,0,0,2,0.0,-2,5.428571428571429,0,0,0,1,0.5834090776312884,0,False
8840,enside draft,"here is the version with my modifications over mike ' s version . please feel
free
to make modifications / corrections .
osman",ham,2001-03-30,"enside draft here is the version with my modifications over mike ' s version . please feel
free
to make modifications / corrections .
osman",0,enside draft here is the version with my modifications over mike s version please feel free to make modifications corrections osman,"['enside', 'draft', 'version', 'modification', 'mike', 'version', 'feel', 'free', 'make', 'modification', 'correction', 'osman']",enside draft version modification mike version feel free make modification correction osman,131,12,10,0.0,0.0,0,0,1,0,0.0833333333333333,1,6.666666666666667,0,0,0,1,0.6048016858227125,0,False
3273,gymnastics pictures,0,ham,2001-05-23,gymnastics pictures ,0,gymnastics pictures,"['gymnastic', 'picture']",gymnastic picture,19,2,2,0.0,0.0,0,0,0,0,0.0,0,8.0,0,0,0,1,0.6824818716570588,0,False
22927,view and print doorstep reports,"view reports
several project reports or "" views "" are available to include all , complete ,
and open . select the view of choice by clicking "" view "" and then
"" go to "" .
printing a single project view
step 1 - expand the project you wish to print by clicking the "" view expand
( + ) "" button . select the project name and the applicable observations by left
clicking and placing a check by each .
step 2 - left click on "" file "" then "" print "" . select "" printer "" then "" setup ""
and change paper size to legal and orientation to landscape . left click
"" ok "" , select view options : "" print view "" and left click "" ok "" . make certain
to set printer default print options back to normal .
printing all projects and their views
step 1 - click the "" view expand all ( + + ) "" button . it is not necessary to
select projects .
step 2 - same as step 2 above .",ham,2000-06-13,"view and print doorstep reports view reports
several project reports or "" views "" are available to include all , complete ,
and open . select the view of choice by clicking "" view "" and then
"" go to "" .
printing a single project view
step 1 - expand the project you wish to print by clicking the "" view expand
( + ) "" button . select the project name and the applicable observations by left
clicking and placing a check by each .
step 2 - left click on "" file "" then "" print "" . select "" printer "" then "" setup ""
and change paper size to legal and orientation to landscape . left click
"" ok "" , select view options : "" print view "" and left click "" ok "" . make certain
to set printer default print options back to normal .
printing all projects and their views
step 1 - click the "" view expand all ( + + ) "" button . it is not necessary to
select projects .
step 2 - same as step 2 above .",0,view and print doorstep reports view reports several project reports or views are available to include all complete and open select the view of choice by clicking view and then go to printing a single project view step expand the project you wish to print by clicking the view expand button select the project name and the applicable observations by left clicking and placing a check by each step left click on file then print select printer then setup and change paper size to legal and orientation to landscape left click ok select view options print view and left click ok make certain to set printer default print options back to normal printing all projects and their views step click the view expand all button it is not necessary to select projects step same as step above,"['view', 'print', 'doorstep', 'report', 'view', 'report', 'several', 'project', 'report', 'view', 'available', 'include', 'complete', 'open', 'select', 'view', 'choice', 'click', 'view', 'print', 'single', 'project', 'view', 'step', 'expand', 'project', 'wish', 'print', 'click', 'view', 'expand', 'button', 'select', 'project', 'name', 'applicable', 'observation', 'left', 'click', 'plac', 'check', 'step', 'left', 'click', 'file', 'print', 'select', 'printer', 'setup', 'change', 'paper', 'size', 'legal', 'orienta', 'landscape', 'left', 'click', 'select', 'view', 'option', 'print', 'view', 'left', 'click', 'make', 'certain', 'set', 'printer', 'default', 'print', 'option', 'back', 'normal', 'print', 'project', 'view', 'step', 'click', 'view', 'expand', 'button', 'not', 'necessary', 'select', 'project', 'step', 'step']",view print doorstep report view report several project report view available include complete open select view choice click view print single project view step expand project wish print click view expand button select project name applicable observation left click plac check step left click file print select printer setup change paper size legal orienta landscape left click select view option print view left click make certain set printer default print option back normal print project view step click view expand button not necessary select project step step,779,87,42,0.0,0.0,0,0,7,9,0.0804597701149425,-2,5.482758620689655,0,0,0,1,0.6740644712195725,0,False
28303,transportation contract # 25374,"michelle ,
please ammend oneok buston processings transportation contract # 25374 to
include
the month of january , 2001 .
thank you ,
andrew pacheco",ham,2000-12-27,"transportation contract # 25374 michelle ,
please ammend oneok buston processings transportation contract # 25374 to
include
the month of january , 2001 .
thank you ,
andrew pacheco",0,transportation contract michelle please ammend oneok buston processings transportation contract to include the month of january thank you andrew pacheco,"['transporta', 'contract', 'michelle', 'ammend', 'oneok', 'buston', 'processing', 'transporta', 'contract', 'include', 'month', 'january', 'andrew', 'pacheco']",transporta contract michelle ammend oneok buston processing transporta contract include month january andrew pacheco,152,14,12,0.0,0.0,0,0,0,0,0.0,0,7.357142857142857,0,0,0,1,0.5925617714715496,0,False
3389,please print,"hi honey please print this too . i want to copy it tonight at church love
you
- kim . wps",ham,2001-07-17,"please print hi honey please print this too . i want to copy it tonight at church love
you
- kim . wps",0,please print hi honey please print this too i want to copy it tonight at church love you kim wps,"['print', 'honey', 'print', 'want', 'copy', 'tonight', 'church', 'love', 'kim', 'wps']",print honey print want copy tonight church love kim wps,96,10,9,0.0,0.0,0,0,0,0,0.0,0,4.6,0,0,0,1,0.6824818716570588,0,False
523,this week ' s woodworking tip . . . follow - up,"good afternoon !
no , this isn ' t a new tip - just a follow - up on the one i sent this
morning . i received some good responses and wanted to pass a couple of them
along .
kevin wrote to say that this tip works like a charm , except for one thing :
he ' s had trouble with the router bit not being perfectly centered on the
base , so his dadoes have ended up less than perfect . i referred to this
briefly at the end of the tip , but here ' s a quick solution for avoiding
the problem .
before routing the dado in the gauge , first mark a point on the base of
your router . ( i simply add a piece of masking tape since it ' s easy to
see . ) then when routing the gauge ( and later , the panel ) , always keep
this mark against the straightedge . your dadoes should be right on .
another email came in from mike , who suggested making two alignment
gauges . then you can clamp one at each end of the workpiece before you
clamp the straightedge fence down . this prevents the "" wiggling "" that
often occurs when one end is clamped before the other . great tip !
a big thanks to all who have been sending in suggestions . it ' s great to
hear that so many people are enjoying the tips .
talk to you again in a few weeks .
jon garbison
on - line editor
woodsmith
visit our other woodworking and home improvement sites :
100 + woodworking plans :
woodsmith magazine :
shopnotes magazine :
workbench magazine :
kits , jigs , tools , project plans :
back issues :
woodworking forums :
to change your email address or resubscribe , sign up again at
to unsubscribe , send empty email message to :
note : your subscribed email address is
",ham,2000-03-24,"this week ' s woodworking tip . . . follow - up good afternoon !
no , this isn ' t a new tip - just a follow - up on the one i sent this
morning . i received some good responses and wanted to pass a couple of them
along .
kevin wrote to say that this tip works like a charm , except for one thing :
he ' s had trouble with the router bit not being perfectly centered on the
base , so his dadoes have ended up less than perfect . i referred to this
briefly at the end of the tip , but here ' s a quick solution for avoiding
the problem .
before routing the dado in the gauge , first mark a point on the base of
your router . ( i simply add a piece of masking tape since it ' s easy to
see . ) then when routing the gauge ( and later , the panel ) , always keep
this mark against the straightedge . your dadoes should be right on .
another email came in from mike , who suggested making two alignment
gauges . then you can clamp one at each end of the workpiece before you
clamp the straightedge fence down . this prevents the "" wiggling "" that
often occurs when one end is clamped before the other . great tip !
a big thanks to all who have been sending in suggestions . it ' s great to
hear that so many people are enjoying the tips .
talk to you again in a few weeks .
jon garbison
on - line editor
woodsmith
visit our other woodworking and home improvement sites :
100 + woodworking plans :
woodsmith magazine :
shopnotes magazine :
workbench magazine :
kits , jigs , tools , project plans :
back issues :
woodworking forums :
to change your email address or resubscribe , sign up again at
to unsubscribe , send empty email message to :
note : your subscribed email address is
",0,this week s woodworking tip follow up good afternoon ! no this isn t a new tip just a follow up on the one i sent this morning i received some good responses and wanted to pass a couple of them along kevin wrote to say that this tip works like a charm except for one thing he s had trouble with the router bit not being perfectly centered on the base so his dadoes have ended up less than perfect i referred to this briefly at the end of the tip but here s a quick solution for avoiding the problem before routing the dado in the gauge first mark a point on the base of your router i simply add a piece of masking tape since it s easy to see then when routing the gauge and later the panel always keep this mark against the straightedge your dadoes should be right on another email came in from mike who suggested making two alignment gauges then you can clamp one at each end of the workpiece before you clamp the straightedge fence down this prevents the wiggling that often occurs when one end is clamped before the other great tip ! a big thanks to all who have been sending in suggestions it s great to hear that so many people are enjoying the tips talk to you again in a few weeks jon garbison on line editor woodsmith visit our other woodworking and home improvement sites woodworking plans woodsmith magazine shopnotes magazine workbench magazine kits jigs tools project plans back issues woodworking forums to change your email address or resubscribe sign up again at to unsubscribe send empty email message to note your subscribed email address is,"['week', 'woodwork', 'tip', 'follow', 'good', 'afternoon', 'isn', 'new', 'tip', 'just', 'follow', 'one', 'morn', 'good', 'response', 'want', 'pas', 'couple', 'along', 'kevin', 'wrote', 'say', 'tip', 'work', 'like', 'charm', 'except', 'one', 'th', 'trouble', 'router', 'bit', 'not', 'perfectly', 'center', 'base', 'dadoe', 'end', 'les', 'perfect', 'referr', 'briefly', 'end', 'tip', 'quick', 'solu', 'avoid', 'problem', 'rout', 'dado', 'gauge', 'first', 'mark', 'point', 'base', 'router', 'simply', 'add', 'piece', 'mask', 'tape', 'since', 'easy', 'see', 'rout', 'gauge', 'later', 'panel', 'alway', 'keep', 'mark', 'straightedge', 'dadoe', 'right', 'another', 'came', 'mike', 'suggest', 'mak', 'two', 'alignment', 'gauge', 'can', 'clamp', 'one', 'end', 'workpiece', 'clamp', 'straightedge', 'fence', 'prevent', 'wiggl', 'often', 'occur', 'one', 'end', 'clamp', 'great', 'tip', 'big', 'send', 'suggestion', 'great', 'hear', 'many', 'people', 'enjoy', 'tip', 'talk', 'week', 'jon', 'garbison', 'line', 'editor', 'woodsmith', 'visit', 'woodwork', 'home', 'improvement', 'site', 'woodwork', 'plan', 'woodsmith', 'magazine', 'shopnote', 'magazine', 'workbench', 'magazine', 'kit', 'jig', 'tool', 'project', 'plan', 'back', 'issue', 'woodwork', 'forum', 'change', 'addres', 'resubscribe', 'sign', 'unsubscribe', 'send', 'empty', 'note', 'subscrib', 'addres']",week woodwork tip follow good afternoon isn new tip just follow one morn good response want pas couple along kevin wrote say tip work like charm except one th trouble router bit not perfectly center base dadoe end les perfect referr briefly end tip quick solu avoid problem rout dado gauge first mark point base router simply add piece mask tape since easy see rout gauge later panel alway keep mark straightedge dadoe right another came mike suggest mak two alignment gauge can clamp one end workpiece clamp straightedge fence prevent wiggl often occur one end clamp great tip big send suggestion great hear many people enjoy tip talk week jon garbison line editor woodsmith visit woodwork home improvement site woodwork plan woodsmith magazine shopnote magazine workbench magazine kit jig tool project plan back issue woodwork forum change addres resubscribe sign unsubscribe send empty note subscrib addres,1558,147,113,0.0,0.0,2,0,1,1,0.0068027210884353,0,5.190476190476191,0,0,0,1,0.5282735708678454,0,False
13484,trade counts for october,"this spreadsheet shows trade counts by counterparty for the month of october . each column represents a date , starting from today going back to october 1 . only counterparties with at least 500 trades in all of october are shown . the yellow highlighted rows are those counterparties that appear to be off their typical trading pace .
- - jay",ham,2001-10-24,"trade counts for october this spreadsheet shows trade counts by counterparty for the month of october . each column represents a date , starting from today going back to october 1 . only counterparties with at least 500 trades in all of october are shown . the yellow highlighted rows are those counterparties that appear to be off their typical trading pace .
- - jay",0,trade counts for october this spreadsheet shows trade counts by counterparty for the month of october each column represents a date starting from today going back to october only counterparties with at least trades in all of october are shown the yellow highlighted rows are those counterparties that appear to be off their typical trading pace jay,"['trade', 'count', 'october', 'spreadsheet', 'show', 'trade', 'count', 'counterparty', 'month', 'october', 'column', 'represent', 'start', 'today', 'go', 'back', 'october', 'counterpartie', 'least', 'trade', 'october', 'shown', 'yellow', 'highlight', 'row', 'counterpartie', 'appear', 'off', 'typical', 'trad', 'pace', 'jay']",trade count october spreadsheet show trade count counterparty month october column represent start today go back october counterpartie least trade october shown yellow highlight row counterpartie appear off typical trad pace jay,348,32,25,0.0,0.0,0,0,0,0,0.0,0,6.15625,0,0,0,1,0.5415515991688209,0,False
16631,fw : real time addition : kate symes,"we are pleased to announce another addition ( transfer ) to the portland west desk :
kate symes has recently joined the real time group as trading support ( effective last week ) .
please join us in congratulating kate on her new opportunity !",ham,2001-05-30,"fw : real time addition : kate symes we are pleased to announce another addition ( transfer ) to the portland west desk :
kate symes has recently joined the real time group as trading support ( effective last week ) .
please join us in congratulating kate on her new opportunity !",0,fw real time addition kate symes we are pleased to announce another addition transfer to the portland west desk kate symes has recently joined the real time group as trading support effective last week please join us in congratulating kate on her new opportunity !,"['real', 'time', 'addi', 'kate', 'syme', 'pleas', 'announce', 'another', 'addi', 'transfer', 'portland', 'west', 'desk', 'kate', 'syme', 'recently', 'join', 'real', 'time', 'group', 'trad', 'support', 'effective', 'last', 'week', 'join', 'congratulat', 'kate', 'new', 'opportunity']",real time addi kate syme pleas announce another addi transfer portland west desk kate syme recently join real time group trad support effective last week join congratulat kate new opportunity,264,30,23,0.0,0.0,1,0,0,0,0.0,0,5.4,0,0,0,1,0.5137433704099866,0,False
28607,eol summary,"the eol products for nng are up and running . we have now completed several tfx agreements on line ; each contract taking only a few seconds from the shipper ' s "" click "" to having an activated agreement ready for nomination . here ' s a brief summary on how eol is setup for nng products and who you can contact for assistance .
craig",ham,2001-05-10,"eol summary the eol products for nng are up and running . we have now completed several tfx agreements on line ; each contract taking only a few seconds from the shipper ' s "" click "" to having an activated agreement ready for nomination . here ' s a brief summary on how eol is setup for nng products and who you can contact for assistance .
craig",0,eol summary the eol products for nng are up and running we have now completed several tfx agreements on line each contract taking only a few seconds from the shipper s click to having an activated agreement ready for nomination here s a brief summary on how eol is setup for nng products and who you can contact for assistance craig,"['eol', 'summary', 'eol', 'product', 'nng', 'runn', 'now', 'complet', 'several', 'tfx', 'agreement', 'line', 'contract', 'tak', 'second', 'shipper', 'click', 'activat', 'agreement', 'ready', 'nomina', 'brief', 'summary', 'eol', 'setup', 'nng', 'product', 'can', 'contact', 'assistance', 'craig']",eol summary eol product nng runn now complet several tfx agreement line contract tak second shipper click activat agreement ready nomina brief summary eol setup nng product can contact assistance craig,332,31,25,0.0,0.0,0,0,1,0,0.032258064516129,1,5.516129032258065,0,0,0,1,0.589303443446767,0,False
11317,"deacero , sa","louise - some news and views for yourself on this credit .
hedging this name for any duration past 5 years is all but impossible at present .
insurance companies will write protection , with 10 % first loss being taken by ene ; but proof of loss must exist and all covents must be adhered to otherwise payout can be made void . believe the offering you have from zurich should be used to cover first 35 mil of 65 mil exposure at the front end . this is the cheapest alternative but does come with certain hindrances ; ie timeliness of payments and proof of loss . an additional constraint here is the bb or better private rating ene must get for deacero .
what enroncredit can offer is to hedge the excess exposure above the insurance coverage . we would cover failure to pay and bankruptcy of said name . we would offer protection in either a 2 or 3 year rolling tranche format . protection can either be bought for the duration ( 15 yrs npv ) at 3 . 5 % , cash settlement ( louise you get paid out 100 - recovery ( of financial assets ) = payout ) . or on a rolling basis at 30 bpts over where enroncreit hedges itself in the market ( expect to get 2 yr protection off at 2 % per annum at present ) . we have the ability to structure this tranche on an accreting or amortising basis to either suit the p 95 or actual exposures ( payment can be made digital ; cost would be stated cost / ( 1 - . 35 % ( expected recovery ) ) .
louise if you want to call me today to discuss i will be in till 18 : 00 london time .
bill , we would hedge out the credit exposure on a ltol basis and run the duration risk , require permission from yourself to run / manage this risk .
mkf",ham,2001-03-27,"deacero , sa louise - some news and views for yourself on this credit .
hedging this name for any duration past 5 years is all but impossible at present .
insurance companies will write protection , with 10 % first loss being taken by ene ; but proof of loss must exist and all covents must be adhered to otherwise payout can be made void . believe the offering you have from zurich should be used to cover first 35 mil of 65 mil exposure at the front end . this is the cheapest alternative but does come with certain hindrances ; ie timeliness of payments and proof of loss . an additional constraint here is the bb or better private rating ene must get for deacero .
what enroncredit can offer is to hedge the excess exposure above the insurance coverage . we would cover failure to pay and bankruptcy of said name . we would offer protection in either a 2 or 3 year rolling tranche format . protection can either be bought for the duration ( 15 yrs npv ) at 3 . 5 % , cash settlement ( louise you get paid out 100 - recovery ( of financial assets ) = payout ) . or on a rolling basis at 30 bpts over where enroncreit hedges itself in the market ( expect to get 2 yr protection off at 2 % per annum at present ) . we have the ability to structure this tranche on an accreting or amortising basis to either suit the p 95 or actual exposures ( payment can be made digital ; cost would be stated cost / ( 1 - . 35 % ( expected recovery ) ) .
louise if you want to call me today to discuss i will be in till 18 : 00 london time .
bill , we would hedge out the credit exposure on a ltol basis and run the duration risk , require permission from yourself to run / manage this risk .
mkf",0,deacero sa louise some news and views for yourself on this credit hedging this name for any duration past years is all but impossible at present insurance companies will write protection with first loss being taken by ene but proof of loss must exist and all covents must be adhered to otherwise payout can be made void believe the offering you have from zurich should be used to cover first mil of mil exposure at the front end this is the cheapest alternative but does come with certain hindrances ie timeliness of payments and proof of loss an additional constraint here is the bb or better private rating ene must get for deacero what enroncredit can offer is to hedge the excess exposure above the insurance coverage we would cover failure to pay and bankruptcy of said name we would offer protection in either a or year rolling tranche format protection can either be bought for the duration yrs npv at cash settlement louise you get paid out recovery of financial assets payout or on a rolling basis at bpts over where enroncreit hedges itself in the market expect to get yr protection off at per annum at present we have the ability to structure this tranche on an accreting or amortising basis to either suit the p or actual exposures payment can be made digital cost would be stated cost expected recovery louise if you want to call me today to discuss i will be in till london time bill we would hedge out the credit exposure on a ltol basis and run the duration risk require permission from yourself to run manage this risk mkf,"['deacero', 'louise', 'new', 'view', 'credit', 'hedg', 'name', 'dura', 'past', 'year', 'impossible', 'present', 'insurance', 'companie', 'will', 'write', 'protec', 'first', 'los', 'taken', 'ene', 'proof', 'los', 'must', 'exist', 'covent', 'must', 'adher', 'otherwise', 'payout', 'can', 'made', 'void', 'believe', 'offer', 'zurich', 'us', 'cover', 'first', 'mil', 'mil', 'exposure', 'front', 'end', 'cheapest', 'alternative', 'come', 'certain', 'hindrance', 'timelines', 'payment', 'proof', 'los', 'additional', 'constraint', 'better', 'private', 'rat', 'ene', 'must', 'get', 'deacero', 'enroncredit', 'can', 'offer', 'hedge', 'exces', 'exposure', 'insurance', 'coverage', 'cover', 'failure', 'pay', 'bankruptcy', 'said', 'name', 'offer', 'protec', 'either', 'year', 'roll', 'tranche', 'format', 'protec', 'can', 'either', 'bought', 'dura', 'yrs', 'npv', 'cash', 'settlement', 'louise', 'get', 'paid', 'recovery', 'financial', 'asset', 'payout', 'roll', 'basi', 'bpt', 'enroncreit', 'hedge', 'market', 'expect', 'get', 'protec', 'off', 'per', 'annum', 'present', 'ability', 'structure', 'tranche', 'accret', 'amortis', 'basi', 'either', 'suit', 'actual', 'exposure', 'payment', 'can', 'made', 'digital', 'cost', 'stat', 'cost', 'expect', 'recovery', 'louise', 'want', 'call', 'today', 'discus', 'will', 'till', 'london', 'time', 'bill', 'hedge', 'credit', 'exposure', 'ltol', 'basi', 'run', 'dura', 'risk', 'require', 'permission', 'run', 'manage', 'risk', 'mkf']",deacero louise new view credit hedg name dura past year impossible present insurance companie will write protec first los taken ene proof los must exist covent must adher otherwise payout can made void believe offer zurich us cover first mil mil exposure front end cheapest alternative come certain hindrance timelines payment proof los additional constraint better private rat ene must get deacero enroncredit can offer hedge exces exposure insurance coverage cover failure pay bankruptcy said name offer protec either year roll tranche format protec can either bought dura yrs npv cash settlement louise get paid recovery financial asset payout roll basi bpt enroncreit hedge market expect get protec off per annum present ability structure tranche accret amortis basi either suit actual exposure payment can made digital cost stat cost expect recovery louise want call today discus will till london time bill hedge credit exposure ltol basi run dura risk require permission run manage risk mkf,1539,155,106,0.0,0.0,0,0,8,2,0.0516129032258064,6,5.432258064516129,0,0,0,1,0.5244167502933188,0,False
6873,re : recovery plan,it would be funny if it were not quite so close to the truth !,ham,2000-08-23,re : recovery plan it would be funny if it were not quite so close to the truth !,0,re recovery plan it would be funny if it were not quite so close to the truth !,"['recovery', 'plan', 'funny', 'not', 'quite', 'close', 'truth']",recovery plan funny not quite close truth,79,7,7,0.0,0.0,1,0,0,0,0.0,0,5.0,0,0,0,1,0.6748817110156524,0,False
16542,enrononline desk to desk id and password,"bill ,
the epmi - st - wbom book has been set up as an internal counterparty for desk - to - desk trading on enrononline .
the following user id and password will give you access to live prices on the web - site http : / / www . enrononline . com .
user id : adm 74949
password : welcome !
( note these are case sensitive )
please keep your user id and password secure as this allows you to transact on enrononline .
contact the helpdesk at x 34357 if you have any questions or problems gaining access with this id .
thanks ,
stephanie x 33465",ham,2001-04-02,"enrononline desk to desk id and password bill ,
the epmi - st - wbom book has been set up as an internal counterparty for desk - to - desk trading on enrononline .
the following user id and password will give you access to live prices on the web - site http : / / www . enrononline . com .
user id : adm 74949
password : welcome !
( note these are case sensitive )
please keep your user id and password secure as this allows you to transact on enrononline .
contact the helpdesk at x 34357 if you have any questions or problems gaining access with this id .
thanks ,
stephanie x 33465",0,enrononline desk to desk id and password bill the epmi st wbom book has been set up as an internal counterparty for desk to desk trading on enrononline the following user id and password will give you access to live prices on the web site http www enrononline com user id adm password welcome ! note these are case sensitive please keep your user id and password secure as this allows you to transact on enrononline contact the helpdesk at x if you have any questions or problems gaining access with this id thanks stephanie x,"['enrononline', 'desk', 'desk', 'password', 'bill', 'epmi', 'wbom', 'book', 'set', 'internal', 'counterparty', 'desk', 'desk', 'trad', 'enrononline', 'follow', 'user', 'password', 'will', 'give', 'acces', 'live', 'price', 'web', 'site', 'http', 'www', 'enrononline', 'com', 'user', 'adm', 'password', 'welcome', 'note', 'case', 'sensitive', 'keep', 'user', 'password', 'secure', 'allow', 'transact', 'enrononline', 'contact', 'helpdesk', 'question', 'problem', 'gain', 'acces', 'stephanie']",enrononline desk desk password bill epmi wbom book set internal counterparty desk desk trad enrononline follow user password will give acces live price web site http www enrononline com user adm password welcome note case sensitive keep user password secure allow transact enrononline contact helpdesk question problem gain acces stephanie,526,50,38,0.0,0.0,1,0,4,0,0.08,4,5.8,0,0,0,1,0.569393905668268,0,False
2772,re : boat,"i believe the boat is 18 to 19 ft long and i do have a boat cover . i will bring the boat information with me tomorrow for anymore questions . i recently took it to the shop to get it ready for this season and the salesman said it looked brand new . it has a brand new battery and everything runs perfectly . call me if you want to take a look at it .
briant
66459",ham,2001-03-20,"re : boat i believe the boat is 18 to 19 ft long and i do have a boat cover . i will bring the boat information with me tomorrow for anymore questions . i recently took it to the shop to get it ready for this season and the salesman said it looked brand new . it has a brand new battery and everything runs perfectly . call me if you want to take a look at it .
briant
66459",0,re boat i believe the boat is to ft long and i do have a boat cover i will bring the boat information with me tomorrow for anymore questions i recently took it to the shop to get it ready for this season and the salesman said it looked brand new it has a brand new battery and everything runs perfectly call me if you want to take a look at it briant,"['boat', 'believe', 'boat', 'long', 'boat', 'cover', 'will', 'br', 'boat', 'informa', 'tomorrow', 'anymore', 'question', 'recently', 'took', 'shop', 'get', 'ready', 'season', 'salesman', 'said', 'look', 'brand', 'new', 'brand', 'new', 'battery', 'everyth', 'run', 'perfectly', 'call', 'want', 'take', 'look', 'briant']",boat believe boat long boat cover will br boat informa tomorrow anymore question recently took shop get ready season salesman said look brand new brand new battery everyth run perfectly call want take look briant,350,35,29,0.0,0.0,0,0,0,0,0.0,0,5.085714285714285,0,0,0,1,0.5495139416288123,0,False
6229,re : ff vols from historical fwd price curves,"winston ,
i am sending you ffd vol curves which are calculated based on 1 month ( 18
log - returns )
of data with 0 . 97 decay factor . these vols give $ 3 . 14 m in var for
storage - prc ( versus 3 . 37 in production
for 5 / 30 / 00 ) .
tell me what i need to change in the format so that it is convenient for you .
tanya",ham,2000-06-05,"re : ff vols from historical fwd price curves winston ,
i am sending you ffd vol curves which are calculated based on 1 month ( 18
log - returns )
of data with 0 . 97 decay factor . these vols give $ 3 . 14 m in var for
storage - prc ( versus 3 . 37 in production
for 5 / 30 / 00 ) .
tell me what i need to change in the format so that it is convenient for you .
tanya",0,re ff vols from historical fwd price curves winston i am sending you ffd vol curves which are calculated based on month log returns of data with decay factor these vols give m in var for storage prc versus in production for tell me what i need to change in the format so that it is convenient for you tanya,"['vol', 'historical', 'price', 'curve', 'winston', 'send', 'ffd', 'vol', 'curve', 'calculat', 'bas', 'month', 'log', 'return', 'data', 'decay', 'factor', 'vol', 'give', 'var', 'storage', 'prc', 'versu', 'produc', 'tell', 'ne', 'change', 'format', 'convenient', 'tanya']",vol historical price curve winston send ffd vol curve calculat bas month log return data decay factor vol give var storage prc versu produc tell ne change format convenient tanya,306,30,27,0.0,0.0,0,0,0,0,0.0,0,4.966666666666667,0,0,0,1,0.6458141438825921,0,False
685,southern union for may,"2100 83 st
2100 port arthur
these are my estimates . the volumes for april at t - ville and colorado rs are
either spot or april only . janet does not know about next month yet .
so , 5000 total is a safe assumption .",ham,2000-04-19,"southern union for may 2100 83 st
2100 port arthur
these are my estimates . the volumes for april at t - ville and colorado rs are
either spot or april only . janet does not know about next month yet .
so , 5000 total is a safe assumption .",0,southern union for may st port arthur these are my estimates the volumes for april at t ville and colorado rs are either spot or april only janet does not know about next month yet so total is a safe assumption,"['southern', 'union', 'may', 'port', 'arthur', 'estimate', 'volume', 'april', 'ville', 'colorado', 'either', 'spot', 'april', 'janet', 'not', 'know', 'next', 'month', 'yet', 'total', 'safe', 'assump']",southern union may port arthur estimate volume april ville colorado either spot april janet not know next month yet total safe assump,210,22,21,0.0,0.0,0,0,0,0,0.0,0,5.090909090909091,0,0,0,1,0.5631127380936694,0,False
8044,pjm announces basic training program over the internet,"message sent from the pjm - customer - info mailing list at
pjm - customer - info @ majordomo . pjm . com :
pjm will again offer a one - day course , pjm 101 : the basics , on february 27 ,
2001
as a virtual workshop over the internet .
pjm 101 : the basics will introduce participants to the pjm market and
operations
model . it will include presentations on pjm market settlements , capacity
assurance and markets , transmission expansion and the status of pjm ancillary
services markets and other initiatives . the coups is designed for those new to
pjm .
a limited number of participants will be registered since this is a pilot
program to determine if such a format is effective . the course times are 9 : 00
a . m . to 12 noon and 1 : 00 p . m . to 4 : 00 p . m . participants should plan to log in
a
half hour before the scheduled start time .
further details and registration information can be found on the pjm web site
at
please do not reply to this message . if you have a question for pjm customer
relations and training , please complete and submit this form :
to unsubscribe from this list , send an e - mail to majordomo @ majordomo . pjm . com
containing only the following line in the body of the e - mail :
unsubscribe pjm - customer - info",ham,2000-12-29,"pjm announces basic training program over the internet message sent from the pjm - customer - info mailing list at
pjm - customer - info @ majordomo . pjm . com :
pjm will again offer a one - day course , pjm 101 : the basics , on february 27 ,
2001
as a virtual workshop over the internet .
pjm 101 : the basics will introduce participants to the pjm market and
operations
model . it will include presentations on pjm market settlements , capacity
assurance and markets , transmission expansion and the status of pjm ancillary
services markets and other initiatives . the coups is designed for those new to
pjm .
a limited number of participants will be registered since this is a pilot
program to determine if such a format is effective . the course times are 9 : 00
a . m . to 12 noon and 1 : 00 p . m . to 4 : 00 p . m . participants should plan to log in
a
half hour before the scheduled start time .
further details and registration information can be found on the pjm web site
at
please do not reply to this message . if you have a question for pjm customer
relations and training , please complete and submit this form :
to unsubscribe from this list , send an e - mail to majordomo @ majordomo . pjm . com
containing only the following line in the body of the e - mail :
unsubscribe pjm - customer - info",0,pjm announces basic training program over the internet message sent from the pjm customer info mailing list at pjm customer info majordomo pjm com pjm will again offer a one day course pjm the basics on february as a virtual workshop over the internet pjm the basics will introduce participants to the pjm market and operations model it will include presentations on pjm market settlements capacity assurance and markets transmission expansion and the status of pjm ancillary services markets and other initiatives the coups is designed for those new to pjm a limited number of participants will be registered since this is a pilot program to determine if such a format is effective the course times are a m to noon and p m to p m participants should plan to log in a half hour before the scheduled start time further details and registration information can be found on the pjm web site at please do not reply to this message if you have a question for pjm customer relations and training please complete and submit this form to unsubscribe from this list send an e mail to majordomo majordomo pjm com containing only the following line in the body of the e mail unsubscribe pjm customer info,"['pjm', 'announce', 'basic', 'train', 'program', 'internet', 'pjm', 'customer', 'info', 'mail', 'list', 'pjm', 'customer', 'info', 'majordomo', 'pjm', 'com', 'pjm', 'will', 'offer', 'one', 'day', 'course', 'pjm', 'basic', 'february', 'virtual', 'workshop', 'internet', 'pjm', 'basic', 'will', 'introduce', 'participant', 'pjm', 'market', 'operation', 'model', 'will', 'include', 'presentation', 'pjm', 'market', 'settlement', 'capacity', 'assurance', 'market', 'transmission', 'expansion', 'statu', 'pjm', 'ancillary', 'service', 'market', 'initiative', 'coup', 'design', 'new', 'pjm', 'limit', 'number', 'participant', 'will', 'register', 'since', 'pilot', 'program', 'determine', 'format', 'effective', 'course', 'time', 'noon', 'participant', 'plan', 'log', 'half', 'hour', 'schedul', 'start', 'time', 'detail', 'registra', 'informa', 'can', 'found', 'pjm', 'web', 'site', 'not', 'reply', 'ques', 'pjm', 'customer', 'relation', 'train', 'complete', 'submit', 'form', 'unsubscribe', 'list', 'send', 'majordomo', 'majordomo', 'pjm', 'com', 'contain', 'follow', 'line', 'body', 'unsubscribe', 'pjm', 'customer', 'info']",pjm announce basic train program internet pjm customer info mail list pjm customer info majordomo pjm com pjm will offer one day course pjm basic february virtual workshop internet pjm basic will introduce participant pjm market operation model will include presentation pjm market settlement capacity assurance market transmission expansion statu pjm ancillary service market initiative coup design new pjm limit number participant will register since pilot program determine format effective course time noon participant plan log half hour schedul start time detail registra informa can found pjm web site not reply ques pjm customer relation train complete submit form unsubscribe list send majordomo majordomo pjm com contain follow line body unsubscribe pjm customer info,1193,114,75,0.0,0.0,0,0,3,1,0.0263157894736842,2,5.815789473684211,0,0,0,1,0.528853600386219,0,False
28923,verify rr expansion cr ' s for rofr .,"please , check this spreadsheet accuracy for the year and point data . then send back to dennis and myself , he will then fix the cbs .",ham,2001-10-26,"verify rr expansion cr ' s for rofr . please , check this spreadsheet accuracy for the year and point data . then send back to dennis and myself , he will then fix the cbs .",0,verify rr expansion cr s for rofr please check this spreadsheet accuracy for the year and point data then send back to dennis and myself he will then fix the cbs,"['verify', 'expansion', 'rofr', 'check', 'spreadsheet', 'accuracy', 'year', 'point', 'data', 'send', 'back', 'denni', 'will', 'fix', 'cbs']",verify expansion rofr check spreadsheet accuracy year point data send back denni will fix cbs,161,15,15,0.0,0.0,0,0,1,0,0.0666666666666666,1,5.266666666666667,0,0,0,1,0.6421890880879735,0,False
2193,invitation to dinner,"music can be started by clicking on the sound icon .
to stop music , right click and end show : ) heather",ham,2000-12-11,"invitation to dinner music can be started by clicking on the sound icon .
to stop music , right click and end show : ) heather",0,invitation to dinner music can be started by clicking on the sound icon to stop music right click and end show heather,"['invita', 'dinner', 'music', 'can', 'start', 'click', 'sound', 'icon', 'stop', 'music', 'right', 'click', 'end', 'show', 'heather']",invita dinner music can start click sound icon stop music right click end show heather,118,15,13,0.0,0.0,0,0,2,0,0.1333333333333333,2,4.8,0,0,0,1,0.7538736699434314,0,False
2196,fw : box under the bed,"- - - - - original message - - - - -
from : carol covington
sent : monday , december 11 , 2000 12 : 46 pm
to : betty carroll ; david heineke ; george hurst ; glenn stamps ; jim
wallis ; ricky stewart ; tammy kelley ; ' cacklecc @ aol . com '
subject : fw : box under the bed
- - - - - original message - - - - -
from : julie wright [ smtp : julie @ rpcga . com ]
sent : monday , december 11 , 2000 12 : 40 pm
to : candy grant ; carol covington ; faye click ; jim love
subject : box under the bed
subject : box under the bed
> box under the bed
>
> when bill and hillary first got married bill said , "" i am
putting a box
under
> the bed . you must promise never to look in it . "" in all
their 30
years of
> marriage hillary never looked .
>
> however , on the afternoon of their 30 th anniversary ,
curiosity
got the
best
> of her and she lifted the lid and peeked inside . in the box
were 3 empty
> beer cans and $ 81 , 874 . 25 in cash .
>
> she closed the box and put it back under the bed . now that
she
knew what
> was in the box , she was doubly curious as to why . that
evening
they were
out
> for a special dinner . after dinner hillary could no
longer
contain her
> curiosity and she confessed , saying , "" i am so sorry . for
all
these years i
> kept my promise and never looked into the box under our
bed .
however ,
> today the temptation was too much and i gave in . but now i
need to know ,
> why do you keep the cans in the box ? ""
>
> bill thought for a while and said , "" i guess after all these
years you
> deserve to know the truth . whenever i was unfaithful to you
i
put an empty
> beer can in the box under the bed to remind myself not to
do it
again . ""
>
> hillary was shocked , but said , "" hmmm , jennifer , paula and
monica . i am
> very disappointed and saddened but temptation does happen
and
i guess
that
> 3
> times is not that bad considering the years . ""
>
> they hugged and made their peace .
>
> a little while later hillary asked bill , "" so why do you
have
all that
money
> in the box ? ""
>
> bill answered , "" well , whenever the box filled up with empty
cans , i took
> them to the recycling center and redeemed them for cash . """,ham,2000-12-11,"fw : box under the bed - - - - - original message - - - - -
from : carol covington
sent : monday , december 11 , 2000 12 : 46 pm
to : betty carroll ; david heineke ; george hurst ; glenn stamps ; jim
wallis ; ricky stewart ; tammy kelley ; ' cacklecc @ aol . com '
subject : fw : box under the bed
- - - - - original message - - - - -
from : julie wright [ smtp : julie @ rpcga . com ]
sent : monday , december 11 , 2000 12 : 40 pm
to : candy grant ; carol covington ; faye click ; jim love
subject : box under the bed
subject : box under the bed
> box under the bed
>
> when bill and hillary first got married bill said , "" i am
putting a box
under
> the bed . you must promise never to look in it . "" in all
their 30
years of
> marriage hillary never looked .
>
> however , on the afternoon of their 30 th anniversary ,
curiosity
got the
best
> of her and she lifted the lid and peeked inside . in the box
were 3 empty
> beer cans and $ 81 , 874 . 25 in cash .
>
> she closed the box and put it back under the bed . now that
she
knew what
> was in the box , she was doubly curious as to why . that
evening
they were
out
> for a special dinner . after dinner hillary could no
longer
contain her
> curiosity and she confessed , saying , "" i am so sorry . for
all
these years i
> kept my promise and never looked into the box under our
bed .
however ,
> today the temptation was too much and i gave in . but now i
need to know ,
> why do you keep the cans in the box ? ""
>
> bill thought for a while and said , "" i guess after all these
years you
> deserve to know the truth . whenever i was unfaithful to you
i
put an empty
> beer can in the box under the bed to remind myself not to
do it
again . ""
>
> hillary was shocked , but said , "" hmmm , jennifer , paula and
monica . i am
> very disappointed and saddened but temptation does happen
and
i guess
that
> 3
> times is not that bad considering the years . ""
>
> they hugged and made their peace .
>
> a little while later hillary asked bill , "" so why do you
have
all that
money
> in the box ? ""
>
> bill answered , "" well , whenever the box filled up with empty
cans , i took
> them to the recycling center and redeemed them for cash . """,0,fw box under the bed original message from carol covington sent monday december pm to betty carroll david heineke george hurst glenn stamps jim wallis ricky stewart tammy kelley cacklecc aol com subject fw box under the bed original message from julie wright smtp julie rpcga com sent monday december pm to candy grant carol covington faye click jim love subject box under the bed subject box under the bed box under the bed when bill and hillary first got married bill said i am putting a box under the bed you must promise never to look in it in all their years of marriage hillary never looked however on the afternoon of their th anniversary curiosity got the best of her and she lifted the lid and peeked inside in the box were empty beer cans and in cash she closed the box and put it back under the bed now that she knew what was in the box she was doubly curious as to why that evening they were out for a special dinner after dinner hillary could no longer contain her curiosity and she confessed saying i am so sorry for all these years i kept my promise and never looked into the box under our bed however today the temptation was too much and i gave in but now i need to know why do you keep the cans in the box ? bill thought for a while and said i guess after all these years you deserve to know the truth whenever i was unfaithful to you i put an empty beer can in the box under the bed to remind myself not to do it again hillary was shocked but said hmmm jennifer paula and monica i am very disappointed and saddened but temptation does happen and i guess that times is not that bad considering the years they hugged and made their peace a little while later hillary asked bill so why do you have all that money in the box ? bill answered well whenever the box filled up with empty cans i took them to the recycling center and redeemed them for cash,"['box', 'b', 'original', 'carol', 'covington', 'monday', 'december', 'betty', 'carroll', 'david', 'heineke', 'george', 'hurst', 'glenn', 'stamp', 'jim', 'walli', 'ricky', 'stewart', 'tammy', 'kelley', 'cacklecc', 'aol', 'com', 'box', 'b', 'original', 'julie', 'wright', 'smtp', 'julie', 'rpcga', 'com', 'monday', 'december', 'candy', 'grant', 'carol', 'covington', 'faye', 'click', 'jim', 'love', 'box', 'b', 'box', 'b', 'box', 'b', 'bill', 'hillary', 'first', 'got', 'marri', 'bill', 'said', 'putt', 'box', 'b', 'must', 'promise', 'never', 'look', 'year', 'marriage', 'hillary', 'never', 'look', 'however', 'afternoon', 'anniversary', 'curiosity', 'got', 'best', 'lift', 'lid', 'peek', 'inside', 'box', 'empty', 'beer', 'can', 'cash', 'clos', 'box', 'put', 'back', 'b', 'now', 'knew', 'box', 'doubly', 'curiou', 'even', 'special', 'dinner', 'dinner', 'hillary', 'longer', 'contain', 'curiosity', 'confess', 'say', 'year', 'kept', 'promise', 'never', 'look', 'box', 'b', 'however', 'today', 'tempta', 'much', 'gave', 'now', 'ne', 'know', 'keep', 'can', 'box', 'bill', 'thought', 'said', 'gues', 'year', 'deserve', 'know', 'truth', 'whenever', 'unfaithful', 'put', 'empty', 'beer', 'can', 'box', 'b', 'remind', 'not', 'hillary', 'shock', 'said', 'hmmm', 'jennifer', 'paula', 'monica', 'disappoint', 'sadden', 'tempta', 'happen', 'gues', 'time', 'not', 'bad', 'consider', 'year', 'hugg', 'made', 'peace', 'little', 'later', 'hillary', 'ask', 'bill', 'money', 'box', 'bill', 'answer', 'whenever', 'box', 'fill', 'empty', 'can', 'took', 'recycl', 'center', 'redeem', 'cash']",box b original carol covington monday december betty carroll david heineke george hurst glenn stamp jim walli ricky stewart tammy kelley cacklecc aol com box b original julie wright smtp julie rpcga com monday december candy grant carol covington faye click jim love box b box b box b bill hillary first got marri bill said putt box b must promise never look year marriage hillary never look however afternoon anniversary curiosity got best lift lid peek inside box empty beer can cash clos box put back b now knew box doubly curiou even special dinner dinner hillary longer contain curiosity confess say year kept promise never look box b however today tempta much gave now ne know keep can box bill thought said gues year deserve know truth whenever unfaithful put empty beer can box b remind not hillary shock said hmmm jennifer paula monica disappoint sadden tempta happen gues time not bad consider year hugg made peace little later hillary ask bill money box bill answer whenever box fill empty can took recycl center redeem cash,1866,178,113,0.0,0.0,0,2,4,0,0.0224719101123595,4,4.820224719101123,0,0,0,1,0.5238790756577122,0,False
3530,bosses day,"hey kids , why don ' t we pool our resources and get "" el jefe "" something nice ? not like last year . . . i won ' t mention names ( donna ) . . . . when some individuals within the team didn ' t want to include the rest of us in their "" reindeer games "" for bosses day . any suggestions ? round of golf , gift certificate ? ? ? i nominate suzanne to collect the money . any objections ?
thanks",ham,2001-10-11,"bosses day hey kids , why don ' t we pool our resources and get "" el jefe "" something nice ? not like last year . . . i won ' t mention names ( donna ) . . . . when some individuals within the team didn ' t want to include the rest of us in their "" reindeer games "" for bosses day . any suggestions ? round of golf , gift certificate ? ? ? i nominate suzanne to collect the money . any objections ?
thanks",0,bosses day hey kids why don t we pool our resources and get el jefe something nice ? not like last year i won t mention names donna when some individuals within the team didn t want to include the rest of us in their reindeer games for bosses day any suggestions ? round of golf gift certificate ? ? ? i nominate suzanne to collect the money any objections ? thanks,"['bosse', 'day', 'kid', 'don', 'pool', 'resource', 'get', 'jefe', 'someth', 'nice', 'not', 'like', 'last', 'year', 'won', 'men', 'name', 'donna', 'individual', 'within', 'team', 'didn', 'want', 'include', 'rest', 'reindeer', 'game', 'bosse', 'day', 'suggestion', 'round', 'golf', 'gift', 'certificate', 'nominate', 'suzanne', 'collect', 'money', 'objection']",bosse day kid don pool resource get jefe someth nice not like last year won men name donna individual within team didn want include rest reindeer game bosse day suggestion round golf gift certificate nominate suzanne collect money objection,365,39,37,0.0,0.0,0,6,2,0,0.0512820512820512,2,5.17948717948718,0,0,0,1,0.7110523275152498,0,False
2733,neon for march 28,"here is the neon lesson for march 28 th !
- experiencing god week 4 . doc",ham,2001-03-15,"neon for march 28 here is the neon lesson for march 28 th !
- experiencing god week 4 . doc",0,neon for march here is the neon lesson for march th ! experiencing god week doc,"['neon', 'march', 'neon', 'lesson', 'march', 'experienc', 'god', 'week', 'doc']",neon march neon lesson march experienc god week doc,79,9,7,0.0,0.0,1,0,0,0,0.0,0,4.777777777777778,0,0,0,1,0.5485580394680318,0,False
31108,provide special embroidery ( digitizing ) service,"dear sir or madam ,
this is futureembroidery company from china . we can provide premium embroidery servece . the service as follow :
digitizing ( embroidering ) the arts ( logoes ) for all kinds of hats , bags and clothes and so on .
the price as follows :
usd $ 3 . 0 per 1000 stitches ( within 24 hours )
besides , we also provide free service to edit the arts ( logoes ) we have digitized ) and the finished files are in dst , cnd , exp , emb ( wilcom ) formats . you can choose the formats you want .
payment : paypal or telegraphic / transfer ( t / t )
do you need our service ? any questions , please feel free to let me know .
your response will be greatly appreciated .
yours sincerely
future
client manager",spam,2005-01-05,"provide special embroidery ( digitizing ) service dear sir or madam ,
this is futureembroidery company from china . we can provide premium embroidery servece . the service as follow :
digitizing ( embroidering ) the arts ( logoes ) for all kinds of hats , bags and clothes and so on .
the price as follows :
usd $ 3 . 0 per 1000 stitches ( within 24 hours )
besides , we also provide free service to edit the arts ( logoes ) we have digitized ) and the finished files are in dst , cnd , exp , emb ( wilcom ) formats . you can choose the formats you want .
payment : paypal or telegraphic / transfer ( t / t )
do you need our service ? any questions , please feel free to let me know .
your response will be greatly appreciated .
yours sincerely
future
client manager",1,provide special embroidery digitizing service dear sir or madam this is futureembroidery company from china we can provide premium embroidery servece the service as follow digitizing embroidering the arts logoes for all kinds of hats bags and clothes and so on the price as follows usd per stitches within hours besides we also provide free service to edit the arts logoes we have digitized and the finished files are in dst cnd exp emb wilcom formats you can choose the formats you want payment paypal or telegraphic transfer t t do you need our service ? any questions please feel free to let me know your response will be greatly appreciated yours sincerely future client manager,"['provide', 'special', 'embroidery', 'digitiz', 'service', 'sir', 'madam', 'futureembroidery', 'company', 'china', 'can', 'provide', 'premium', 'embroidery', 'servece', 'service', 'follow', 'digitiz', 'embroider', 'art', 'logoe', 'kind', 'hat', 'bag', 'clothe', 'price', 'follow', 'usd', 'per', 'stitche', 'within', 'hour', 'beside', 'also', 'provide', 'free', 'service', 'edit', 'art', 'logoe', 'digitiz', 'finish', 'file', 'dst', 'cnd', 'exp', 'emb', 'wilcom', 'format', 'can', 'choose', 'format', 'want', 'payment', 'paypal', 'telegraphic', 'transfer', 'ne', 'service', 'question', 'feel', 'free', 'let', 'know', 'response', 'will', 'greatly', 'appreciat', 'future', 'client', 'manager']",provide special embroidery digitiz service sir madam futureembroidery company china can provide premium embroidery servece service follow digitiz embroider art logoe kind hat bag clothe price follow usd per stitche within hour beside also provide free service edit art logoe digitiz finish file dst cnd exp emb wilcom format can choose format want payment paypal telegraphic transfer ne service question feel free let know response will greatly appreciat future client manager,682,71,57,0.0,0.0,0,1,2,1,0.028169014084507,1,5.71830985915493,0,0,0,0,0.3802037904108889,1,False
7426,martin jermakyan,"hi there ,
i am favourably impressed by martin . i think he ' s an intelligent person
and understands the power industry . he has good ideas about
modeling various of things ( even though he thinks that
technical constraints are just technicalities and are easy to deal with ) .
please take note that he admitted he does not like to
write code ( he has / had someone else doing it for him ) .",ham,2000-10-27,"martin jermakyan hi there ,
i am favourably impressed by martin . i think he ' s an intelligent person
and understands the power industry . he has good ideas about
modeling various of things ( even though he thinks that
technical constraints are just technicalities and are easy to deal with ) .
please take note that he admitted he does not like to
write code ( he has / had someone else doing it for him ) .",0,martin jermakyan hi there i am favourably impressed by martin i think he s an intelligent person and understands the power industry he has good ideas about modeling various of things even though he thinks that technical constraints are just technicalities and are easy to deal with please take note that he admitted he does not like to write code he has had someone else doing it for him,"['martin', 'jermakyan', 'favourably', 'impress', 'martin', 'think', 'intelligent', 'person', 'understand', 'power', 'industry', 'good', 'idea', 'model', 'variou', 'thing', 'even', 'though', 'think', 'technical', 'constraint', 'just', 'technicalitie', 'easy', 'deal', 'take', 'note', 'admitt', 'not', 'like', 'write', 'code', 'someone', 'else']",martin jermakyan favourably impress martin think intelligent person understand power industry good idea model variou thing even though think technical constraint just technicalitie easy deal take note admitt not like write code someone else,387,34,32,0.0,0.0,0,0,0,0,0.0,0,6.088235294117647,0,0,0,1,0.5765791018714704,0,False
3086,neon week # 9,- experiencing god week 9 . doc,ham,2001-04-19,neon week # 9 - experiencing god week 9 . doc,0,neon week experiencing god week doc,"['neon', 'week', 'experienc', 'god', 'week', 'doc']",neon week experienc god week doc,35,6,5,0.0,0.0,0,0,0,0,0.0,0,4.5,0,0,0,1,0.5629830494645828,0,False
137,meeting thoughts,"i ' m sitting here a bit disappointed and pissed .
do you and pat honestly believe it is "" one man ' s word against another "" on
setting up the link builder by the 12 th of the month ?
if so , why have i been saying something is wrong with some of the links for
the last several days ? and why did i work so late the first couple of days of
each month setting up the links when i had so much time ?
i ' m not going to play this game with mr . lloyd . when he took the time to show
up he was coached well in what was needed to be done , how to do it , and when
to do it .
this situation was entirely predictable . it is always "" i ' m about to do it ""
and it is always an "" i thought you said . . . . . . . . . . . . . "" situation .
you know better . i won ' t be hung out again .
- attl . htm",ham,2000-01-12,"meeting thoughts i ' m sitting here a bit disappointed and pissed .
do you and pat honestly believe it is "" one man ' s word against another "" on
setting up the link builder by the 12 th of the month ?
if so , why have i been saying something is wrong with some of the links for
the last several days ? and why did i work so late the first couple of days of
each month setting up the links when i had so much time ?
i ' m not going to play this game with mr . lloyd . when he took the time to show
up he was coached well in what was needed to be done , how to do it , and when
to do it .
this situation was entirely predictable . it is always "" i ' m about to do it ""
and it is always an "" i thought you said . . . . . . . . . . . . . "" situation .
you know better . i won ' t be hung out again .
- attl . htm",0,meeting thoughts i m sitting here a bit disappointed and pissed do you and pat honestly believe it is one man s word against another on setting up the link builder by the th of the month ? if so why have i been saying something is wrong with some of the links for the last several days ? and why did i work so late the first couple of days of each month setting up the links when i had so much time ? i m not going to play this game with mr lloyd when he took the time to show up he was coached well in what was needed to be done how to do it and when to do it this situation was entirely predictable it is always i m about to do it and it is always an i thought you said situation you know better i won t be hung out again attl htm,"['meet', 'thought', 'sitt', 'bit', 'disappoint', 'piss', 'pat', 'honestly', 'believe', 'one', 'man', 'word', 'another', 'sett', 'link', 'builder', 'month', 'say', 'someth', 'wrong', 'link', 'last', 'several', 'day', 'work', 'late', 'first', 'couple', 'day', 'month', 'sett', 'link', 'much', 'time', 'not', 'go', 'play', 'game', 'lloyd', 'took', 'time', 'show', 'coach', 'need', 'done', 'situa', 'entirely', 'predictable', 'alway', 'alway', 'thought', 'said', 'situa', 'know', 'better', 'won', 'hung', 'attl', 'htm']",meet thought sitt bit disappoint piss pat honestly believe one man word another sett link builder month say someth wrong link last several day work late first couple day month sett link much time not go play game lloyd took time show coach need done situa entirely predictable alway alway thought said situa know better won hung attl htm,732,59,50,0.0,0.0,0,3,4,0,0.0677966101694915,4,4.728813559322034,0,0,0,1,0.590404023159509,0,False
14147,"trade count and volume for november 27 , 2001","lindsay
lindsay renaud
enrononline
( 713 ) 345 - 3703
",ham,2001-11-27,"trade count and volume for november 27 , 2001 lindsay
lindsay renaud
enrononline
( 713 ) 345 - 3703
",0,trade count and volume for november lindsay lindsay renaud enrononline,"['trade', 'count', 'volume', 'november', 'lindsay', 'lindsay', 'renaud', 'enrononline']",trade count volume november lindsay lindsay renaud enrononline,70,8,7,0.0,0.0,0,0,0,0,0.0,0,6.875,0,0,0,1,0.6197906343129519,0,False
23503,final,"this is absolutely the final rewrite of this letter ( just joking ! ) unless
there are any further changes needed , i am proceeding with printing the
letters for all 240 ( or there about ) employees .
fran",ham,2000-11-10,"final this is absolutely the final rewrite of this letter ( just joking ! ) unless
there are any further changes needed , i am proceeding with printing the
letters for all 240 ( or there about ) employees .
fran",0,final this is absolutely the final rewrite of this letter just joking ! unless there are any further changes needed i am proceeding with printing the letters for all or there about employees fran,"['final', 'absolutely', 'final', 'rewrite', 'letter', 'just', 'jok', 'unles', 'change', 'need', 'proceed', 'print', 'letter', 'employee', 'fran']",final absolutely final rewrite letter just jok unles change need proceed print letter employee fran,195,15,13,0.0,0.0,1,0,0,0,0.0,0,5.666666666666667,0,0,0,1,0.5872651014207172,0,False
13264,how bout this one .,0,ham,2001-10-13,how bout this one . ,0,how bout this one,"['bout', 'one']",bout one,17,2,2,0.0,0.0,0,0,0,0,0.0,0,3.5,0,0,0,1,0.6824818716570588,0,False
1976,neon discussion november 8,"here are some ideas for this coming week .
?
bobby
- neon roaring 4 . doc",ham,2000-11-03,"neon discussion november 8 here are some ideas for this coming week .
?
bobby
- neon roaring 4 . doc",0,neon discussion november here are some ideas for this coming week ? bobby neon roaring doc,"['neon', 'discussion', 'november', 'idea', 'com', 'week', 'bobby', 'neon', 'roar', 'doc']",neon discussion november idea com week bobby neon roar doc,90,10,9,0.0,0.0,0,1,0,0,0.0,0,4.9,0,0,0,1,0.5184867637070983,0,False
28210,open season notices,"as today is the deadline for our open season responses , please make a copy of
any capacity requests for me as i will consolidate them and send out a
summary to the commercial group .
thanks .
lorraine",ham,2000-11-16,"open season notices as today is the deadline for our open season responses , please make a copy of
any capacity requests for me as i will consolidate them and send out a
summary to the commercial group .
thanks .
lorraine",0,open season notices as today is the deadline for our open season responses please make a copy of any capacity requests for me as i will consolidate them and send out a summary to the commercial group thanks lorraine,"['open', 'season', 'notice', 'today', 'deadline', 'open', 'season', 'response', 'make', 'copy', 'capacity', 'request', 'will', 'consolidate', 'send', 'summary', 'commercial', 'group', 'lorraine']",open season notice today deadline open season response make copy capacity request will consolidate send summary commercial group lorraine,215,19,17,0.0,0.0,0,0,0,1,0.0,-1,6.2631578947368425,0,0,0,1,0.5597720398473907,0,False
23022,re : helsinki,"hurrah ! well done and thanks for pushing it - what ' s next on the list ?
tani nath
28 / 06 / 2000 16 : 51
to : fernley dyson
cc :
subject : helsinki
i neglected to get back to you on this . the global products office will
close when henkke talvitie ( our remaining trader ) either leaves ( contract
expires sept ) or relocates to london . chris mahoney tells me they are quite
close on relocation terms .",ham,2000-06-28,"re : helsinki hurrah ! well done and thanks for pushing it - what ' s next on the list ?
tani nath
28 / 06 / 2000 16 : 51
to : fernley dyson
cc :
subject : helsinki
i neglected to get back to you on this . the global products office will
close when henkke talvitie ( our remaining trader ) either leaves ( contract
expires sept ) or relocates to london . chris mahoney tells me they are quite
close on relocation terms .",0,re helsinki hurrah ! well done and thanks for pushing it what s next on the list ? tani nath to fernley dyson cc subject helsinki i neglected to get back to you on this the global products office will close when henkke talvitie our remaining trader either leaves contract expires sept or relocates to london chris mahoney tells me they are quite close on relocation terms,"['helsinki', 'hurrah', 'done', 'push', 'next', 'list', 'tani', 'nath', 'fernley', 'dyson', 'helsinki', 'neglect', 'get', 'back', 'global', 'product', 'office', 'will', 'close', 'henkke', 'talvitie', 'remain', 'trader', 'either', 'leave', 'contract', 'expire', 'sept', 'relocate', 'london', 'chri', 'mahoney', 'tell', 'quite', 'close', 'reloca', 'term']",helsinki hurrah done push next list tani nath fernley dyson helsinki neglect get back global product office will close henkke talvitie remain trader either leave contract expire sept relocate london chri mahoney tell quite close reloca term,371,37,35,0.0,0.0,1,1,0,0,0.0,0,5.513513513513513,0,0,0,1,0.5812074580030159,0,False
23650,january brown bag sessions,"if you would like to sharpen your performance evaluation writting skills or
your interviewing skills please read below .
the following classes are being offered on an "" invitation only "" basis .
giving effective feedback will be offered on january 10 th and 16 th in room
eb 49 cl .
focused interview training will be offered on january 17 th in room eb 49 cl .
both classes are from 11 : 30 am to 1 : 00 pm .
to register for these offerings , click on the provided link . once in the
devolpment center data base , click on the session you wish to attend and
submit your registration . hurry , space for these trainings is limited .
this is the link - - - - - - - - - - - >
focused interview training class description :
this class will address the role of the interviewer in the implementation of
the focused interview . topics to be covered include :
steps for preparation
setting expectations
conducting a focused interview
using the focused interview tool
legal and ethical consideration
the role of competencies in your final evaluation
discussion will be encouraged to ensure transfer of information .
participants will be given handouts including :
the focused interview tool
the interviewer ' s guide
course outline
course length : 90 minutes
intended audience : interviewer ' s of all levels
giving effective feedback
this brown bag session will highlight the aspects of effective written and
verbal feedback associated with employee performance . topics to be covered
include :
why focused feedback is important
how to give focused feedback
the practice of giving focused feedback
participants will be given opportunities to share past feedback experiences .
exercises will be offered to facilitate the transfer of learning .
participants will be given handouts including :
course outline
the focused feedback guide
course length : 90 minutes
intended audience : supervisor ' s of all levels",ham,2000-12-27,"january brown bag sessions if you would like to sharpen your performance evaluation writting skills or
your interviewing skills please read below .
the following classes are being offered on an "" invitation only "" basis .
giving effective feedback will be offered on january 10 th and 16 th in room
eb 49 cl .
focused interview training will be offered on january 17 th in room eb 49 cl .
both classes are from 11 : 30 am to 1 : 00 pm .
to register for these offerings , click on the provided link . once in the
devolpment center data base , click on the session you wish to attend and
submit your registration . hurry , space for these trainings is limited .
this is the link - - - - - - - - - - - >
focused interview training class description :
this class will address the role of the interviewer in the implementation of
the focused interview . topics to be covered include :
steps for preparation
setting expectations
conducting a focused interview
using the focused interview tool
legal and ethical consideration
the role of competencies in your final evaluation
discussion will be encouraged to ensure transfer of information .
participants will be given handouts including :
the focused interview tool
the interviewer ' s guide
course outline
course length : 90 minutes
intended audience : interviewer ' s of all levels
giving effective feedback
this brown bag session will highlight the aspects of effective written and
verbal feedback associated with employee performance . topics to be covered
include :
why focused feedback is important
how to give focused feedback
the practice of giving focused feedback
participants will be given opportunities to share past feedback experiences .
exercises will be offered to facilitate the transfer of learning .
participants will be given handouts including :
course outline
the focused feedback guide
course length : 90 minutes
intended audience : supervisor ' s of all levels",0,january brown bag sessions if you would like to sharpen your performance evaluation writting skills or your interviewing skills please read below the following classes are being offered on an invitation only basis giving effective feedback will be offered on january th and th in room eb cl focused interview training will be offered on january th in room eb cl both classes are from am to pm to register for these offerings click on the provided link once in the devolpment center data base click on the session you wish to attend and submit your registration hurry space for these trainings is limited this is the link focused interview training class description this class will address the role of the interviewer in the implementation of the focused interview topics to be covered include steps for preparation setting expectations conducting a focused interview using the focused interview tool legal and ethical consideration the role of competencies in your final evaluation discussion will be encouraged to ensure transfer of information participants will be given handouts including the focused interview tool the interviewer s guide course outline course length minutes intended audience interviewer s of all levels giving effective feedback this brown bag session will highlight the aspects of effective written and verbal feedback associated with employee performance topics to be covered include why focused feedback is important how to give focused feedback the practice of giving focused feedback participants will be given opportunities to share past feedback experiences exercises will be offered to facilitate the transfer of learning participants will be given handouts including course outline the focused feedback guide course length minutes intended audience supervisor s of all levels,"['january', 'brown', 'bag', 'session', 'like', 'sharpen', 'performance', 'evalua', 'writt', 'skill', 'interview', 'skill', 'read', 'follow', 'classe', 'offer', 'invita', 'basi', 'giv', 'effective', 'feedback', 'will', 'offer', 'january', 'room', 'focus', 'interview', 'train', 'will', 'offer', 'january', 'room', 'classe', 'register', 'offering', 'click', 'provid', 'link', 'devolpment', 'center', 'data', 'base', 'click', 'session', 'wish', 'attend', 'submit', 'registra', 'hurry', 'space', 'training', 'limit', 'link', 'focus', 'interview', 'train', 'clas', 'descrip', 'clas', 'will', 'addres', 'role', 'interviewer', 'implementa', 'focus', 'interview', 'topic', 'cover', 'include', 'step', 'prepara', 'sett', 'expectation', 'conduct', 'focus', 'interview', 'us', 'focus', 'interview', 'tool', 'legal', 'ethical', 'considera', 'role', 'competencie', 'final', 'evalua', 'discussion', 'will', 'encourag', 'ensure', 'transfer', 'informa', 'participant', 'will', 'given', 'handout', 'includ', 'focus', 'interview', 'tool', 'interviewer', 'guide', 'course', 'outline', 'course', 'length', 'minute', 'intend', 'audience', 'interviewer', 'level', 'giv', 'effective', 'feedback', 'brown', 'bag', 'session', 'will', 'highlight', 'aspect', 'effective', 'written', 'verbal', 'feedback', 'associat', 'employee', 'performance', 'topic', 'cover', 'include', 'focus', 'feedback', 'important', 'give', 'focus', 'feedback', 'practice', 'giv', 'focus', 'feedback', 'participant', 'will', 'given', 'opportunitie', 'share', 'past', 'feedback', 'experience', 'exercise', 'will', 'offer', 'facilitate', 'transfer', 'learn', 'participant', 'will', 'given', 'handout', 'includ', 'course', 'outline', 'focus', 'feedback', 'guide', 'course', 'length', 'minute', 'intend', 'audience', 'supervisor', 'level']",january brown bag session like sharpen performance evalua writt skill interview skill read follow classe offer invita basi giv effective feedback will offer january room focus interview train will offer january room classe register offering click provid link devolpment center data base click session wish attend submit registra hurry space training limit link focus interview train clas descrip clas will addres role interviewer implementa focus interview topic cover include step prepara sett expectation conduct focus interview us focus interview tool legal ethical considera role competencie final evalua discussion will encourag ensure transfer informa participant will given handout includ focus interview tool interviewer guide course outline course length minute intend audience interviewer level giv effective feedback brown bag session will highlight aspect effective written verbal feedback associat employee performance topic cover include focus feedback important give focus feedback practice giv focus feedback participant will given opportunitie share past feedback experience exercise will offer facilitate transfer learn participant will given handout includ course outline focus feedback guide course length minute intend audience supervisor level,1808,172,96,0.0,0.0,0,0,8,15,0.0465116279069767,-7,6.3604651162790695,0,0,0,1,0.6196799882986099,0,False
12329,by the way,thanks for approving the portland promotions . i think that they all are very deserving and it goes a long way to making people feel like they are getting recognized for the accomplishments of this office . it is very helpful having your support on that .,ham,2001-07-27,by the way thanks for approving the portland promotions . i think that they all are very deserving and it goes a long way to making people feel like they are getting recognized for the accomplishments of this office . it is very helpful having your support on that .,0,by the way thanks for approving the portland promotions i think that they all are very deserving and it goes a long way to making people feel like they are getting recognized for the accomplishments of this office it is very helpful having your support on that,"['way', 'approv', 'portland', 'promotion', 'think', 'deserv', 'goe', 'long', 'way', 'mak', 'people', 'feel', 'like', 'gett', 'recogniz', 'accomplishment', 'office', 'helpful', 'support']",way approv portland promotion think deserv goe long way mak people feel like gett recogniz accomplishment office helpful support,260,19,18,0.0,0.0,0,0,0,0,0.0,0,5.789473684210527,0,0,0,1,0.665768139293219,0,False
6551,cmu students,"i have given your email to richard bryant , who is the director of the comp .
fin . program at cmu . no doubt he will be in touch . here ' s a link :
i feel that i should mention something : from my experience at cmu , there are
three types of students . those that work very very hard and are basically
ethical ; those that cheat their way through school , and the sharks . it is
very difficult to distinguish between the groups when interviewing . in my
class of about 30 students , there were three sharks , about six or seven hard
workers , and then there was everyone else . anyway , for what its worth !
- kevin k .",ham,2000-07-21,"cmu students i have given your email to richard bryant , who is the director of the comp .
fin . program at cmu . no doubt he will be in touch . here ' s a link :
i feel that i should mention something : from my experience at cmu , there are
three types of students . those that work very very hard and are basically
ethical ; those that cheat their way through school , and the sharks . it is
very difficult to distinguish between the groups when interviewing . in my
class of about 30 students , there were three sharks , about six or seven hard
workers , and then there was everyone else . anyway , for what its worth !
- kevin k .",0,cmu students i have given your email to richard bryant who is the director of the comp fin program at cmu no doubt he will be in touch here s a link i feel that i should mention something from my experience at cmu there are three types of students those that work very very hard and are basically ethical those that cheat their way through school and the sharks it is very difficult to distinguish between the groups when interviewing in my class of about students there were three sharks about six or seven hard workers and then there was everyone else anyway for what its worth ! kevin k,"['cmu', 'student', 'given', 'richard', 'bryant', 'director', 'comp', 'fin', 'program', 'cmu', 'doubt', 'will', 'touch', 'link', 'feel', 'men', 'someth', 'experience', 'cmu', 'three', 'type', 'student', 'work', 'hard', 'basically', 'ethical', 'cheat', 'way', 'school', 'shark', 'difficult', 'distinguish', 'group', 'interview', 'clas', 'student', 'three', 'shark', 'six', 'seven', 'hard', 'worker', 'everyone', 'else', 'anyway', 'worth', 'kevin']",cmu student given richard bryant director comp fin program cmu doubt will touch link feel men someth experience cmu three type student work hard basically ethical cheat way school shark difficult distinguish group interview clas student three shark six seven hard worker everyone else anyway worth kevin,589,47,40,0.0,0.0,1,0,1,1,0.0212765957446808,0,5.468085106382978,0,0,0,1,0.6051699741757712,0,False
13957,aep pmt,"just to confirm
payment through wed - 11 / 14 ( with interest ) = $ 14 , 153 , 688 . 78
payment through thur - 11 / 15 ( with interest ) = $ 14 , 155 , 586 . 71
the settlement agreement is written based on a wed payment - if they want to argue for another $ 1 , 100 in interest , then we can send it to them in pennies .
brian",ham,2001-11-15,"aep pmt just to confirm
payment through wed - 11 / 14 ( with interest ) = $ 14 , 153 , 688 . 78
payment through thur - 11 / 15 ( with interest ) = $ 14 , 155 , 586 . 71
the settlement agreement is written based on a wed payment - if they want to argue for another $ 1 , 100 in interest , then we can send it to them in pennies .
brian",0,aep pmt just to confirm payment through wed with interest payment through thur with interest the settlement agreement is written based on a wed payment if they want to argue for another in interest then we can send it to them in pennies brian,"['aep', 'pmt', 'just', 'confirm', 'payment', 'interest', 'payment', 'thur', 'interest', 'settlement', 'agreement', 'written', 'bas', 'payment', 'want', 'argue', 'another', 'interest', 'can', 'send', 'pennie', 'brian']",aep pmt just confirm payment interest payment thur interest settlement agreement written bas payment want argue another interest can send pennie brian,242,22,18,0.0,0.0,0,0,1,3,0.0454545454545454,-2,5.863636363636363,0,0,0,1,0.6654084206630104,0,False
3380,re : fw : cornhusker - lone star payments,"antoinette left a message with txu . just waiting for an answer .
megan",ham,2001-07-11,"re : fw : cornhusker - lone star payments antoinette left a message with txu . just waiting for an answer .
megan",0,re fw cornhusker lone star payments antoinette left a message with txu just waiting for an answer megan,"['cornhusker', 'lone', 'star', 'payment', 'antoinette', 'left', 'txu', 'just', 'wait', 'answer', 'megan']",cornhusker lone star payment antoinette left txu just wait answer megan,103,11,11,0.0,0.0,0,0,0,1,0.0,-1,5.545454545454546,0,0,0,1,0.6840408266077327,0,False
23258,"rovar , sharpe ratio , and risk - return graphs are now on the","executive reports viewer
the rovar , sharpe ratio , and risk - return graphs we began publishing last
week are now on the web - based executive reports viewer , along with the var
limit usage graphs .
regards ,
eugenio",ham,2000-09-12,"rovar , sharpe ratio , and risk - return graphs are now on the executive reports viewer
the rovar , sharpe ratio , and risk - return graphs we began publishing last
week are now on the web - based executive reports viewer , along with the var
limit usage graphs .
regards ,
eugenio",0,rovar sharpe ratio and risk return graphs are now on the executive reports viewer the rovar sharpe ratio and risk return graphs we began publishing last week are now on the web based executive reports viewer along with the var limit usage graphs regards eugenio,"['rovar', 'sharpe', 'ratio', 'risk', 'return', 'graph', 'now', 'executive', 'report', 'viewer', 'rovar', 'sharpe', 'ratio', 'risk', 'return', 'graph', 'began', 'publish', 'last', 'week', 'now', 'web', 'bas', 'executive', 'report', 'viewer', 'along', 'var', 'limit', 'usage', 'graph', 'eugenio']",rovar sharpe ratio risk return graph now executive report viewer rovar sharpe ratio risk return graph began publish last week now web bas executive report viewer along var limit usage graph eugenio,261,32,21,0.0,0.0,0,0,0,2,0.0,-2,5.1875,0,0,0,1,0.5979875712487034,0,False
14102,draft aep collateral return letter,"elizabeth sager
713 - 853 - 6349",ham,2001-11-26,"draft aep collateral return letter elizabeth sager
713 - 853 - 6349",0,draft aep collateral return letter elizabeth sager,"['draft', 'aep', 'collateral', 'return', 'letter', 'elizabeth', 'sager']",draft aep collateral return letter elizabeth sager,50,7,7,0.0,0.0,0,0,0,0,0.0,0,6.285714285714286,0,0,0,1,0.6758206318106741,0,False
22818,entelligence tag line contest results,"the "" judges "" are happy to announce that colin tonks is the winner of the $ 250
entelligence tag line contest . of colin ' s submissions , two ideas were
expanded upon and resulted in the following tag line :
entelligence . . . smarter prospecting . online . worldwide .
congratulations to colin for providing the catalyst that resulted in a
unique , "" catchy "" , concise , and meaningful tag line for our strategic effort .
thanks to all who participated in our contest . we received over 80
submissions making a decision on only one winner a real challenge .
please pass this announcement along to your staff and others who
participated . thank you .
mary , avril , chris , and richard",ham,2000-05-08,"entelligence tag line contest results the "" judges "" are happy to announce that colin tonks is the winner of the $ 250
entelligence tag line contest . of colin ' s submissions , two ideas were
expanded upon and resulted in the following tag line :
entelligence . . . smarter prospecting . online . worldwide .
congratulations to colin for providing the catalyst that resulted in a
unique , "" catchy "" , concise , and meaningful tag line for our strategic effort .
thanks to all who participated in our contest . we received over 80
submissions making a decision on only one winner a real challenge .
please pass this announcement along to your staff and others who
participated . thank you .
mary , avril , chris , and richard",0,entelligence tag line contest results the judges are happy to announce that colin tonks is the winner of the entelligence tag line contest of colin s submissions two ideas were expanded upon and resulted in the following tag line entelligence smarter prospecting online worldwide congratulations to colin for providing the catalyst that resulted in a unique catchy concise and meaningful tag line for our strategic effort thanks to all who participated in our contest we received over submissions making a decision on only one winner a real challenge please pass this announcement along to your staff and others who participated thank you mary avril chris and richard,"['entelligence', 'tag', 'line', 'contest', 'result', 'judge', 'happy', 'announce', 'colin', 'tonk', 'winner', 'entelligence', 'tag', 'line', 'contest', 'colin', 'submission', 'two', 'idea', 'expand', 'upon', 'result', 'follow', 'tag', 'line', 'entelligence', 'smarter', 'prospect', 'online', 'worldwide', 'congratulation', 'colin', 'provid', 'catalyst', 'result', 'unique', 'catchy', 'concise', 'meaningful', 'tag', 'line', 'strategic', 'effort', 'participat', 'contest', 'submission', 'mak', 'decision', 'one', 'winner', 'real', 'challenge', 'pas', 'announcement', 'along', 'staff', 'other', 'participat', 'mary', 'avril', 'chri', 'richard']",entelligence tag line contest result judge happy announce colin tonk winner entelligence tag line contest colin submission two idea expand upon result follow tag line entelligence smarter prospect online worldwide congratulation colin provid catalyst result unique catchy concise meaningful tag line strategic effort participat contest submission mak decision one winner real challenge pas announcement along staff other participat mary avril chri richard,667,62,45,0.0,0.0,0,0,3,0,0.0483870967741935,3,6.354838709677419,0,0,0,1,0.6809831625388564,0,False
317,98 - 6892 overflow,"can you please extend sitara deal ticket 16888 to the 15 th ? 14 dec . flowed
on this day .
thanks
- jackie -",ham,2000-02-17,"98 - 6892 overflow can you please extend sitara deal ticket 16888 to the 15 th ? 14 dec . flowed
on this day .
thanks
- jackie -",0,overflow can you please extend sitara deal ticket to the th ? dec flowed on this day thanks jackie,"['overflow', 'can', 'extend', 'sitara', 'deal', 'ticket', 'dec', 'flow', 'day', 'jackie']",overflow can extend sitara deal ticket dec flow day jackie,98,10,10,0.0,0.0,0,1,0,0,0.0,0,4.9,0,0,0,1,0.5221901550331524,0,False
28942,el paso outage now through november 20,el paso said the pecos river station ' s # 2 turbine will remain down longer than planned due to damage discovered during an ongoing overhaul . capacity through pecos river will be cut by 60 mmcf / d through nov . 20 .,ham,2001-11-07,el paso outage now through november 20 el paso said the pecos river station ' s # 2 turbine will remain down longer than planned due to damage discovered during an ongoing overhaul . capacity through pecos river will be cut by 60 mmcf / d through nov . 20 .,0,el paso outage now through november el paso said the pecos river station s turbine will remain down longer than planned due to damage discovered during an ongoing overhaul capacity through pecos river will be cut by mmcf d through nov,"['paso', 'outage', 'now', 'november', 'paso', 'said', 'peco', 'river', 'sta', 'turbine', 'will', 'remain', 'longer', 'plann', 'due', 'damage', 'discover', 'ongo', 'overhaul', 'capacity', 'peco', 'river', 'will', 'cut', 'mmcf', 'nov']",paso outage now november paso said peco river sta turbine will remain longer plann due damage discover ongo overhaul capacity peco river will cut mmcf nov,234,26,22,0.0,0.0,0,0,0,0,0.0,0,4.961538461538462,0,0,0,1,0.5992342029962776,0,False
16745,hoping for portland :,"hey there ogre ! ! : ) just teasing ! ! !
well unfortunately i ' m still up in the air over the portland thing . it
doesn ' t make it any easier when i know that not only does one of my best
friends reside there but now i have a new lil ' buddy ! i am so excited about
seeing portland and meeting you . you are just as brendan described ! i just
can ' t imagine that that big deep voice comes out of such a baby face !
bill you know just how to push all the right buttons to get me to really
want to go ! the second paragraph of your last e - mail made me so jealous !
that was probably the most romantic setting and scene and to think that it
was written by a man ! ! ! i am sooo impressed ! you might not even know what
i ' m talking about ! typical male ! hahaha . just in case . . . "" the roof
scene "" . what ' s even better is that you weren ' t trying to be suave !
i think that your little "" city portrayal "" has just entered into the
. . . "" things about oregon i know i ' m going to love "" . now we ' ll see if sarah
has an open roof top ! you did miss a couple of important features though .
if i may . . . uh hmmm . . . the scene lacks a certain social depth . it requires
a beautiful girl / guy , a light blanket , soft music and if i drank wine ( which
i don ' t ) a bottle of boones farm strawberry hill 1993 . ok the last part is
a joke i just don ' t know any other brands of wine . : ) a nice bottled water
with lemon for me i suppose . reverse osmosis and filtration only . : )
i ' m sending a couple of pic ' s of me from my tahoe snowboarding trip last
december . they are actually the only ones i have in jpg format . i think
the only differences are that i have a little curlier hair now and it ' s a
bit longer . but basically i ' m the same .
tell ya what . . . if i do get to go i will get a hotel room not because i
don ' t trust you etc . but because it ' s just the "" right "" thing to do . then
i ' ll give you a call or stalk your condo building looking for the resident
on the 8 th floor ? ? answering to bill williams iii and that hangs out on
rooftops . oh and the clencher ? ? ? it ' s located across the street from the
paramount hotel . scary how i listen and pay attention to detail isn ' t it ?
you know i ' m joking . . . . right ? if i were like that i ' d jump at the chance
to stay with you .
i really hope that i get to make it tomorrow . if not i know i ' ll get to see
you last of august . i ' m counting on it ! oh and you will stay with me at
the town house . i insist . it ' s a little different when a girl stays with a
guy then when a guy stays with a girl . it just "" looks "" better the other way
around ! but like i said you will stay with me in august . i ' m 10 minutes to
the beach and maybe by then i ' ll have my california tan ! mmmm ! can ' t beat
that !
ok well i ' m going to bed . i ' ll call you to let you know what the plans are .
my plane leaves at 9 : 19 am so i may not get the chance to e - mail you before
hand but we ' ll see .
good night !
nik
send a cool gift with your e - card
http : / / www . bluemountain . com / giftcenter /",ham,2001-06-28,"hoping for portland : hey there ogre ! ! : ) just teasing ! ! !
well unfortunately i ' m still up in the air over the portland thing . it
doesn ' t make it any easier when i know that not only does one of my best
friends reside there but now i have a new lil ' buddy ! i am so excited about
seeing portland and meeting you . you are just as brendan described ! i just
can ' t imagine that that big deep voice comes out of such a baby face !
bill you know just how to push all the right buttons to get me to really
want to go ! the second paragraph of your last e - mail made me so jealous !
that was probably the most romantic setting and scene and to think that it
was written by a man ! ! ! i am sooo impressed ! you might not even know what
i ' m talking about ! typical male ! hahaha . just in case . . . "" the roof
scene "" . what ' s even better is that you weren ' t trying to be suave !
i think that your little "" city portrayal "" has just entered into the
. . . "" things about oregon i know i ' m going to love "" . now we ' ll see if sarah
has an open roof top ! you did miss a couple of important features though .
if i may . . . uh hmmm . . . the scene lacks a certain social depth . it requires
a beautiful girl / guy , a light blanket , soft music and if i drank wine ( which
i don ' t ) a bottle of boones farm strawberry hill 1993 . ok the last part is
a joke i just don ' t know any other brands of wine . : ) a nice bottled water
with lemon for me i suppose . reverse osmosis and filtration only . : )
i ' m sending a couple of pic ' s of me from my tahoe snowboarding trip last
december . they are actually the only ones i have in jpg format . i think
the only differences are that i have a little curlier hair now and it ' s a
bit longer . but basically i ' m the same .
tell ya what . . . if i do get to go i will get a hotel room not because i
don ' t trust you etc . but because it ' s just the "" right "" thing to do . then
i ' ll give you a call or stalk your condo building looking for the resident
on the 8 th floor ? ? answering to bill williams iii and that hangs out on
rooftops . oh and the clencher ? ? ? it ' s located across the street from the
paramount hotel . scary how i listen and pay attention to detail isn ' t it ?
you know i ' m joking . . . . right ? if i were like that i ' d jump at the chance
to stay with you .
i really hope that i get to make it tomorrow . if not i know i ' ll get to see
you last of august . i ' m counting on it ! oh and you will stay with me at
the town house . i insist . it ' s a little different when a girl stays with a
guy then when a guy stays with a girl . it just "" looks "" better the other way
around ! but like i said you will stay with me in august . i ' m 10 minutes to
the beach and maybe by then i ' ll have my california tan ! mmmm ! can ' t beat
that !
ok well i ' m going to bed . i ' ll call you to let you know what the plans are .
my plane leaves at 9 : 19 am so i may not get the chance to e - mail you before
hand but we ' ll see .
good night !
nik
send a cool gift with your e - card
http : / / www . bluemountain . com / giftcenter /",0,hoping for portland hey there ogre ! ! just teasing ! ! ! well unfortunately i m still up in the air over the portland thing it doesn t make it any easier when i know that not only does one of my best friends reside there but now i have a new lil buddy ! i am so excited about seeing portland and meeting you you are just as brendan described ! i just can t imagine that that big deep voice comes out of such a baby face ! bill you know just how to push all the right buttons to get me to really want to go ! the second paragraph of your last e mail made me so jealous ! that was probably the most romantic setting and scene and to think that it was written by a man ! ! ! i am sooo impressed ! you might not even know what i m talking about ! typical male ! hahaha just in case the roof scene what s even better is that you weren t trying to be suave ! i think that your little city portrayal has just entered into the things about oregon i know i m going to love now we ll see if sarah has an open roof top ! you did miss a couple of important features though if i may uh hmmm the scene lacks a certain social depth it requires a beautiful girl guy a light blanket soft music and if i drank wine which i don t a bottle of boones farm strawberry hill ok the last part is a joke i just don t know any other brands of wine a nice bottled water with lemon for me i suppose reverse osmosis and filtration only i m sending a couple of pic s of me from my tahoe snowboarding trip last december they are actually the only ones i have in jpg format i think the only differences are that i have a little curlier hair now and it s a bit longer but basically i m the same tell ya what if i do get to go i will get a hotel room not because i don t trust you etc but because it s just the right thing to do then i ll give you a call or stalk your condo building looking for the resident on the th floor ? ? answering to bill williams iii and that hangs out on rooftops oh and the clencher ? ? ? it s located across the street from the paramount hotel scary how i listen and pay attention to detail isn t it ? you know i m joking right ? if i were like that i d jump at the chance to stay with you i really hope that i get to make it tomorrow if not i know i ll get to see you last of august i m counting on it ! oh and you will stay with me at the town house i insist it s a little different when a girl stays with a guy then when a guy stays with a girl it just looks better the other way around ! but like i said you will stay with me in august i m minutes to the beach and maybe by then i ll have my california tan ! mmmm ! can t beat that ! ok well i m going to bed i ll call you to let you know what the plans are my plane leaves at am so i may not get the chance to e mail you before hand but we ll see good night ! nik send a cool gift with your e card http www bluemountain com giftcenter,"['hop', 'portland', 'ogre', 'just', 'teas', 'unfortunately', 'still', 'air', 'portland', 'th', 'doesn', 'make', 'easier', 'know', 'not', 'one', 'best', 'friend', 'reside', 'now', 'new', 'lil', 'buddy', 'excit', 'see', 'portland', 'meet', 'just', 'brendan', 'describ', 'just', 'can', 'imagine', 'big', 'deep', 'voice', 'come', 'baby', 'face', 'bill', 'know', 'just', 'push', 'right', 'button', 'get', 'really', 'want', 'second', 'paragraph', 'last', 'made', 'jealou', 'probably', 'romantic', 'sett', 'scene', 'think', 'written', 'man', 'sooo', 'impress', 'might', 'not', 'even', 'know', 'talk', 'typical', 'male', 'hahaha', 'just', 'case', 'roof', 'scene', 'even', 'better', 'weren', 'try', 'suave', 'think', 'little', 'city', 'portrayal', 'just', 'enter', 'thing', 'oregon', 'know', 'go', 'love', 'now', 'see', 'sarah', 'open', 'roof', 'top', 'mis', 'couple', 'important', 'feature', 'though', 'may', 'hmmm', 'scene', 'lack', 'certain', 'social', 'depth', 'require', 'beautiful', 'girl', 'guy', 'light', 'blanket', 'soft', 'music', 'drank', 'wine', 'don', 'bottle', 'boone', 'farm', 'strawberry', 'hill', 'last', 'part', 'joke', 'just', 'don', 'know', 'brand', 'wine', 'nice', 'bottl', 'water', 'lemon', 'suppose', 'reverse', 'osmosi', 'filtra', 'send', 'couple', 'pic', 'tahoe', 'snowboard', 'trip', 'last', 'december', 'actually', 'one', 'jpg', 'format', 'think', 'difference', 'little', 'curlier', 'hair', 'now', 'bit', 'longer', 'basically', 'tell', 'get', 'will', 'get', 'hotel', 'room', 'not', 'don', 'trust', 'etc', 'just', 'right', 'th', 'give', 'call', 'stalk', 'condo', 'build', 'look', 'resident', 'floor', 'answer', 'bill', 'william', 'iii', 'hang', 'rooftop', 'clencher', 'locat', 'acros', 'street', 'paramount', 'hotel', 'scary', 'listen', 'pay', 'atten', 'detail', 'isn', 'know', 'jok', 'right', 'like', 'jump', 'chance', 'stay', 'really', 'hope', 'get', 'make', 'tomorrow', 'not', 'know', 'get', 'see', 'last', 'august', 'count', 'will', 'stay', 'town', 'house', 'insist', 'little', 'different', 'girl', 'stay', 'guy', 'guy', 'stay', 'girl', 'just', 'look', 'better', 'way', 'around', 'like', 'said', 'will', 'stay', 'august', 'minute', 'beach', 'maybe', 'california', 'tan', 'mmmm', 'can', 'beat', 'go', 'b', 'call', 'let', 'know', 'plan', 'plane', 'leave', 'may', 'not', 'get', 'chance', 'hand', 'see', 'good', 'night', 'nik', 'send', 'cool', 'gift', 'card', 'http', 'www', 'bluemountain', 'com', 'giftcenter']",hop portland ogre just teas unfortunately still air portland th doesn make easier know not one best friend reside now new lil buddy excit see portland meet just brendan describ just can imagine big deep voice come baby face bill know just push right button get really want second paragraph last made jealou probably romantic sett scene think written man sooo impress might not even know talk typical male hahaha just case roof scene even better weren try suave think little city portrayal just enter thing oregon know go love now see sarah open roof top mis couple important feature though may hmmm scene lack certain social depth require beautiful girl guy light blanket soft music drank wine don bottle boone farm strawberry hill last part joke just don know brand wine nice bottl water lemon suppose reverse osmosi filtra send couple pic tahoe snowboard trip last december actually one jpg format think difference little curlier hair now bit longer basically tell get will get hotel room not don trust etc just right th give call stalk condo build look resident floor answer bill william iii hang rooftop clencher locat acros street paramount hotel scary listen pay atten detail isn know jok right like jump chance stay really hope get make tomorrow not know get see last august count will stay town house insist little different girl stay guy guy stay girl just look better way around like said will stay august minute beach maybe california tan mmmm can beat go b call let know plan plane leave may not get chance hand see good night nik send cool gift card http www bluemountain com giftcenter,2884,276,202,0.0,0.0,24,7,0,0,0.0,0,4.797101449275362,0,0,0,1,0.5092769386749226,0,False
225,y 2 k pbas,the y 2 k pbas will be available for distribution on february 15 th .,ham,2000-02-02,y 2 k pbas the y 2 k pbas will be available for distribution on february 15 th .,0,y k pbas the y k pbas will be available for distribution on february th,"['pba', 'pba', 'will', 'available', 'distribu', 'february']",pba pba will available distribu february,71,6,5,0.0,0.0,0,0,0,0,0.0,0,5.833333333333333,0,0,0,1,0.6754406483196482,0,False
3224,calpine for 5 / 12 thru 5 / 14 ( 1465 ),"ricky sent me the nom early - 87 , 000 for the weekend .
my new number 713 - 571 - 3258
thanks - julie",ham,2001-05-10,"calpine for 5 / 12 thru 5 / 14 ( 1465 ) ricky sent me the nom early - 87 , 000 for the weekend .
my new number 713 - 571 - 3258
thanks - julie",0,calpine for thru ricky sent me the nom early for the weekend my new number thanks julie,"['calpine', 'thru', 'ricky', 'nom', 'early', 'weekend', 'new', 'number', 'julie']",calpine thru ricky nom early weekend new number julie,87,9,9,0.0,0.0,0,0,0,0,0.0,0,5.0,0,0,0,1,0.6281405362710081,0,False
27919,fw : e - mail charges,"who knows if this is true . . . .
mike triem
na ipaq & displays business planning
281 . 927 . 8586
> > > >
> > > >
> > > > subject : 602 p bill - charge for e - mail - vote no on bill 602 p ! ! ! !
> > > >
> > > > i guess the warnings were true . federal bill 602 p 5 - cents per e - mail
> > > > sent . it figures ! no more free e - mail ! we knew this was coming ! ! bill
> > 602 p
> > > > willpermit the federal government to charge a 5 - cent charge on every
> > > > deliverede - mail .
> > > >
> > > > please read the following carefully if you intend to stay online , and
> > > > continue using e - mail . the last few months have revealed an alarming
> > > > trendin the government of the united states attempting to quietly push
> > > > throughlegislation that will affect our use of the internet .
> > > >
> > > > under proposed legislation , the us postal service will be attempting
to
> > > > bille - mail users out of "" alternative postage fees "" . bill 602 p will
> > permit
> > > > thefederal government to charge a 5 - cent surcharge on every e - mail
> > > > delivered , by billing internet service providers at source . the
consumer
> > > > would then
> > > > bebilled in turn by the isp .
> > > >
> > > > washington dc lawyer richard stepp is working without pay to prevent
> > > > thislegislation from becoming law . the us postal service is claiming
> lost
> > > > revenue , due to the proliferation of e - mail , is costing nearly
> > > $ 230 , 000 , 000
> > > > in revenue per year . you may have noticed their recent ad campaign :
> > > "" there
> > > > is nothing like a letter . ""
> > > >
> > > > since the average person received about 10 pieces of e - mail per day in
> > > > 1998 , the cost of the typical individual would be an additional 50
> cents
> > a
> > > > day
> > > > or over $ 180 per year - above and beyond their regular internet costs .
> > > >
> > > > note that this would be money paid directly to the us postal service
> for
> > > > a service they do not even provide . the whole point of the internet is
> > > > democracy and noninterference . you are already paying an exorbitant
> > > > price for snail mail because of bureaucratic efficiency . it currently
> > > takes
> > > > up
> > > > to 6 days for a letter to be delivered from coast to coast . if the us
> > > > postal service is allowed to tinker with e - mail , it will mark the end
> of
> > > > the
> > > > free "" internet in the united states . our congressional representative ,
> > > tony
> > > > schnell ( r ) has even suggested a "" $ 20 - $ 40 per month surcharge on all
> > > > internet service "" above and beyond the governments proposed e - mail
> > > > charges
> > > >
> > > > note that most of the major newspapers have ignored the story and the
> > > > only exception being the washingtonian - which called the idea of
> e - mail
> > > > surcharge "" a useful concept who ' s time has come "" march 6 th , 1999
> > > > editorial .
> > > >
> > > > do not sit by and watch your freedom erode away ! send this to e - mail
to
> > > > everyone on your list , and tell all your friends and relatives write
> > > > their congressional representative and say "" no "" to bill 602 p . it will
> > > only
> > > > take a few moments of your time and could very well be instrumental in
> > > > killing a bill we do not want .
> > > >
> > > > please forward !
> > > >
> > > >
> > >
> > >
> >
> >
> >
> >
>
>
>",ham,2000-08-21,"fw : e - mail charges who knows if this is true . . . .
mike triem
na ipaq & displays business planning
281 . 927 . 8586
> > > >
> > > >
> > > > subject : 602 p bill - charge for e - mail - vote no on bill 602 p ! ! ! !
> > > >
> > > > i guess the warnings were true . federal bill 602 p 5 - cents per e - mail
> > > > sent . it figures ! no more free e - mail ! we knew this was coming ! ! bill
> > 602 p
> > > > willpermit the federal government to charge a 5 - cent charge on every
> > > > deliverede - mail .
> > > >
> > > > please read the following carefully if you intend to stay online , and
> > > > continue using e - mail . the last few months have revealed an alarming
> > > > trendin the government of the united states attempting to quietly push
> > > > throughlegislation that will affect our use of the internet .
> > > >
> > > > under proposed legislation , the us postal service will be attempting
to
> > > > bille - mail users out of "" alternative postage fees "" . bill 602 p will
> > permit
> > > > thefederal government to charge a 5 - cent surcharge on every e - mail
> > > > delivered , by billing internet service providers at source . the
consumer
> > > > would then
> > > > bebilled in turn by the isp .
> > > >
> > > > washington dc lawyer richard stepp is working without pay to prevent
> > > > thislegislation from becoming law . the us postal service is claiming
> lost
> > > > revenue , due to the proliferation of e - mail , is costing nearly
> > > $ 230 , 000 , 000
> > > > in revenue per year . you may have noticed their recent ad campaign :
> > > "" there
> > > > is nothing like a letter . ""
> > > >
> > > > since the average person received about 10 pieces of e - mail per day in
> > > > 1998 , the cost of the typical individual would be an additional 50
> cents
> > a
> > > > day
> > > > or over $ 180 per year - above and beyond their regular internet costs .
> > > >
> > > > note that this would be money paid directly to the us postal service
> for
> > > > a service they do not even provide . the whole point of the internet is
> > > > democracy and noninterference . you are already paying an exorbitant
> > > > price for snail mail because of bureaucratic efficiency . it currently
> > > takes
> > > > up
> > > > to 6 days for a letter to be delivered from coast to coast . if the us
> > > > postal service is allowed to tinker with e - mail , it will mark the end
> of
> > > > the
> > > > free "" internet in the united states . our congressional representative ,
> > > tony
> > > > schnell ( r ) has even suggested a "" $ 20 - $ 40 per month surcharge on all
> > > > internet service "" above and beyond the governments proposed e - mail
> > > > charges
> > > >
> > > > note that most of the major newspapers have ignored the story and the
> > > > only exception being the washingtonian - which called the idea of
> e - mail
> > > > surcharge "" a useful concept who ' s time has come "" march 6 th , 1999
> > > > editorial .
> > > >
> > > > do not sit by and watch your freedom erode away ! send this to e - mail
to
> > > > everyone on your list , and tell all your friends and relatives write
> > > > their congressional representative and say "" no "" to bill 602 p . it will
> > > only
> > > > take a few moments of your time and could very well be instrumental in
> > > > killing a bill we do not want .
> > > >
> > > > please forward !
> > > >
> > > >
> > >
> > >
> >
> >
> >
> >
>
>
>",0,fw e mail charges who knows if this is true mike triem na ipaq displays business planning subject p bill charge for e mail vote no on bill p ! ! ! ! i guess the warnings were true federal bill p cents per e mail sent it figures ! no more free e mail ! we knew this was coming ! ! bill p willpermit the federal government to charge a cent charge on every deliverede mail please read the following carefully if you intend to stay online and continue using e mail the last few months have revealed an alarming trendin the government of the united states attempting to quietly push throughlegislation that will affect our use of the internet under proposed legislation the us postal service will be attempting to bille mail users out of alternative postage fees bill p will permit thefederal government to charge a cent surcharge on every e mail delivered by billing internet service providers at source the consumer would then bebilled in turn by the isp washington dc lawyer richard stepp is working without pay to prevent thislegislation from becoming law the us postal service is claiming lost revenue due to the proliferation of e mail is costing nearly in revenue per year you may have noticed their recent ad campaign there is nothing like a letter since the average person received about pieces of e mail per day in the cost of the typical individual would be an additional cents a day or over per year above and beyond their regular internet costs note that this would be money paid directly to the us postal service for a service they do not even provide the whole point of the internet is democracy and noninterference you are already paying an exorbitant price for snail mail because of bureaucratic efficiency it currently takes up to days for a letter to be delivered from coast to coast if the us postal service is allowed to tinker with e mail it will mark the end of the free internet in the united states our congressional representative tony schnell r has even suggested a per month surcharge on all internet service above and beyond the governments proposed e mail charges note that most of the major newspapers have ignored the story and the only exception being the washingtonian which called the idea of e mail surcharge a useful concept who s time has come march th editorial do not sit by and watch your freedom erode away ! send this to e mail to everyone on your list and tell all your friends and relatives write their congressional representative and say no to bill p it will only take a few moments of your time and could very well be instrumental in killing a bill we do not want please forward !,"['charge', 'know', 'true', 'mike', 'triem', 'ipaq', 'display', 'busines', 'plann', 'bill', 'charge', 'vote', 'bill', 'gues', 'warning', 'true', 'federal', 'bill', 'cent', 'per', 'figure', 'free', 'knew', 'com', 'bill', 'willpermit', 'federal', 'government', 'charge', 'cent', 'charge', 'every', 'deliverede', 'read', 'follow', 'carefully', 'intend', 'stay', 'online', 'continue', 'us', 'last', 'month', 'reveal', 'alarm', 'trendin', 'government', 'unit', 'state', 'attempt', 'quietly', 'push', 'throughlegisla', 'will', 'affect', 'use', 'internet', 'propos', 'legisla', 'postal', 'service', 'will', 'attempt', 'bille', 'user', 'alternative', 'postage', 'fee', 'bill', 'will', 'permit', 'thefederal', 'government', 'charge', 'cent', 'surcharge', 'every', 'deliver', 'bill', 'internet', 'service', 'provider', 'source', 'consumer', 'bebill', 'turn', 'isp', 'washington', 'lawyer', 'richard', 'stepp', 'work', 'without', 'pay', 'prevent', 'thislegisla', 'becom', 'law', 'postal', 'service', 'claim', 'lost', 'revenue', 'due', 'prolifera', 'cost', 'nearly', 'revenue', 'per', 'year', 'may', 'notic', 'recent', 'campaign', 'noth', 'like', 'letter', 'since', 'average', 'person', 'piece', 'per', 'day', 'cost', 'typical', 'individual', 'additional', 'cent', 'day', 'per', 'year', 'beyond', 'regular', 'internet', 'cost', 'note', 'money', 'paid', 'directly', 'postal', 'service', 'service', 'not', 'even', 'provide', 'whole', 'point', 'internet', 'democracy', 'noninterference', 'already', 'pay', 'exorbitant', 'price', 'snail', 'bureaucratic', 'efficiency', 'currently', 'take', 'day', 'letter', 'deliver', 'coast', 'coast', 'postal', 'service', 'allow', 'tinker', 'will', 'mark', 'end', 'free', 'internet', 'unit', 'state', 'congressional', 'representative', 'tony', 'schnell', 'even', 'suggest', 'per', 'month', 'surcharge', 'internet', 'service', 'beyond', 'government', 'propos', 'charge', 'note', 'major', 'newspaper', 'ignor', 'story', 'excep', 'washingtonian', 'call', 'idea', 'surcharge', 'useful', 'concept', 'time', 'come', 'march', 'editorial', 'not', 'sit', 'watch', 'freedom', 'erode', 'away', 'send', 'everyone', 'list', 'tell', 'friend', 'relative', 'write', 'congressional', 'representative', 'say', 'bill', 'will', 'take', 'moment', 'time', 'instrumental', 'kill', 'bill', 'not', 'want', 'forward']",charge know true mike triem ipaq display busines plann bill charge vote bill gues warning true federal bill cent per figure free knew com bill willpermit federal government charge cent charge every deliverede read follow carefully intend stay online continue us last month reveal alarm trendin government unit state attempt quietly push throughlegisla will affect use internet propos legisla postal service will attempt bille user alternative postage fee bill will permit thefederal government charge cent surcharge every deliver bill internet service provider source consumer bebill turn isp washington lawyer richard stepp work without pay prevent thislegisla becom law postal service claim lost revenue due prolifera cost nearly revenue per year may notic recent campaign noth like letter since average person piece per day cost typical individual additional cent day per year beyond regular internet cost note money paid directly postal service service not even provide whole point internet democracy noninterference already pay exorbitant price snail bureaucratic efficiency currently take day letter deliver coast coast postal service allow tinker will mark end free internet unit state congressional representative tony schnell even suggest per month surcharge internet service beyond government propos charge note major newspaper ignor story excep washingtonian call idea surcharge useful concept time come march editorial not sit watch freedom erode away send everyone list tell friend relative write congressional representative say bill will take moment time instrumental kill bill not want forward,2623,233,163,0.0,0.0,10,0,4,0,0.0171673819742489,4,5.909871244635193,0,0,0,1,0.647405661470522,0,False
27811,anadarko and union pacific resources merged company will be named,"anadarko petroleum
shareholders of anadarko petroleum and union pacific resources voted to
approve a
$ 5 . 4 billion merger of the two companies yesterday . the merger calls for upr
shareholders
to receive 0 . 455 shares of anadarko common stock for each of their upr
shares . anadarko
shareholders also voted to increase the size of the company ' s board to 15
members from
nine . the combined company will be named anadarko petroleum .",ham,2000-07-14,"anadarko and union pacific resources merged company will be named anadarko petroleum
shareholders of anadarko petroleum and union pacific resources voted to
approve a
$ 5 . 4 billion merger of the two companies yesterday . the merger calls for upr
shareholders
to receive 0 . 455 shares of anadarko common stock for each of their upr
shares . anadarko
shareholders also voted to increase the size of the company ' s board to 15
members from
nine . the combined company will be named anadarko petroleum .",0,anadarko and union pacific resources merged company will be named anadarko petroleum shareholders of anadarko petroleum and union pacific resources voted to approve a billion merger of the two companies yesterday the merger calls for upr shareholders to receive shares of anadarko common stock for each of their upr shares anadarko shareholders also voted to increase the size of the company s board to members from nine the combined company will be named anadarko petroleum,"['anadarko', 'union', 'pacific', 'resource', 'merg', 'company', 'will', 'nam', 'anadarko', 'petroleum', 'shareholder', 'anadarko', 'petroleum', 'union', 'pacific', 'resource', 'vot', 'approve', 'billion', 'merger', 'two', 'companie', 'yesterday', 'merger', 'call', 'upr', 'shareholder', 'receive', 'share', 'anadarko', 'common', 'stock', 'upr', 'share', 'anadarko', 'shareholder', 'also', 'vot', 'increase', 'size', 'company', 'board', 'member', 'nine', 'combin', 'company', 'will', 'nam', 'anadarko', 'petroleum']",anadarko union pacific resource merg company will nam anadarko petroleum shareholder anadarko petroleum union pacific resource vot approve billion merger two companie yesterday merger call upr shareholder receive share anadarko common stock upr share anadarko shareholder also vot increase size company board member nine combin company will nam anadarko petroleum,474,50,30,0.0,0.0,0,0,0,0,0.0,0,6.28,0,0,0,1,0.6642113335323708,0,False
28986,i / b link capacity for 12 / 11,"michelle ,
per our earlier conversation , please increase our 27748 mdq from 10 , 000 to 16 , 000 effective 12 / 11 for one day only .
thank you .
julie reames",ham,2001-12-10,"i / b link capacity for 12 / 11 michelle ,
per our earlier conversation , please increase our 27748 mdq from 10 , 000 to 16 , 000 effective 12 / 11 for one day only .
thank you .
julie reames",0,i b link capacity for michelle per our earlier conversation please increase our mdq from to effective for one day only thank you julie reames,"['link', 'capacity', 'michelle', 'per', 'earlier', 'conversa', 'increase', 'mdq', 'effective', 'one', 'day', 'julie', 'reame']",link capacity michelle per earlier conversa increase mdq effective one day julie reame,141,13,13,0.0,0.0,0,0,1,0,0.0769230769230769,1,5.6923076923076925,0,0,0,1,0.6383406494427437,0,False
770,please re - map hpl zone 4 from a / s east beaumont to a / s east beaumont offer .,"call with any questions .
dave
x 35384",ham,2000-05-15,"please re - map hpl zone 4 from a / s east beaumont to a / s east beaumont offer . call with any questions .
dave
x 35384",0,please re map hpl zone from a s east beaumont to a s east beaumont offer call with any questions dave x,"['map', 'hpl', 'zone', 'east', 'beaumont', 'east', 'beaumont', 'offer', 'call', 'question', 'dave']",map hpl zone east beaumont east beaumont offer call question dave,103,11,9,0.0,0.0,0,0,1,0,0.0909090909090909,1,5.0,0,0,0,1,0.517349021884683,0,False
5932,bonds,"the difference is $ 4 , 391 . you can send more if you would like to add to
the tax - free money fund .
thank you
keith hazlewood
edward jones
p . o . box 9479
the woodlands , tx 77387",ham,2000-04-14,"bonds the difference is $ 4 , 391 . you can send more if you would like to add to
the tax - free money fund .
thank you
keith hazlewood
edward jones
p . o . box 9479
the woodlands , tx 77387",0,bonds the difference is you can send more if you would like to add to the tax free money fund thank you keith hazlewood edward jones p o box the woodlands tx,"['bond', 'difference', 'can', 'send', 'like', 'add', 'tax', 'free', 'money', 'fund', 'keith', 'hazlewood', 'edward', 'jone', 'box', 'woodland']",bond difference can send like add tax free money fund keith hazlewood edward jone box woodland,157,16,16,0.0,0.0,0,0,2,0,0.125,2,4.9375,0,0,0,1,0.7626890649901514,0,False
17084,enrononline desk to desk id and password,"bill ,
the epmi - st - whourly book has been set up as an internal counterparty for desk - to - desk trading on enrononline .
the following user id and password will give you access to live prices on the web - site http : / / www . enrononline . com .
user id : adm 40601
password : welcome !
( note these are case sensitive )
please keep your user id and password secure as this allows you to transact on enrononline .
contact the helpdesk at x 34357 if you have any questions or problems gaining access with this id .
thank you ,
stephanie sever
enrononline
713 - 853 - 3465",ham,2001-08-15,"enrononline desk to desk id and password bill ,
the epmi - st - whourly book has been set up as an internal counterparty for desk - to - desk trading on enrononline .
the following user id and password will give you access to live prices on the web - site http : / / www . enrononline . com .
user id : adm 40601
password : welcome !
( note these are case sensitive )
please keep your user id and password secure as this allows you to transact on enrononline .
contact the helpdesk at x 34357 if you have any questions or problems gaining access with this id .
thank you ,
stephanie sever
enrononline
713 - 853 - 3465",0,enrononline desk to desk id and password bill the epmi st whourly book has been set up as an internal counterparty for desk to desk trading on enrononline the following user id and password will give you access to live prices on the web site http www enrononline com user id adm password welcome ! note these are case sensitive please keep your user id and password secure as this allows you to transact on enrononline contact the helpdesk at x if you have any questions or problems gaining access with this id thank you stephanie sever enrononline,"['enrononline', 'desk', 'desk', 'password', 'bill', 'epmi', 'whourly', 'book', 'set', 'internal', 'counterparty', 'desk', 'desk', 'trad', 'enrononline', 'follow', 'user', 'password', 'will', 'give', 'acces', 'live', 'price', 'web', 'site', 'http', 'www', 'enrononline', 'com', 'user', 'adm', 'password', 'welcome', 'note', 'case', 'sensitive', 'keep', 'user', 'password', 'secure', 'allow', 'transact', 'enrononline', 'contact', 'helpdesk', 'question', 'problem', 'gain', 'acces', 'stephanie', 'sever', 'enrononline']",enrononline desk desk password bill epmi whourly book set internal counterparty desk desk trad enrononline follow user password will give acces live price web site http www enrononline com user adm password welcome note case sensitive keep user password secure allow transact enrononline contact helpdesk question problem gain acces stephanie sever enrononline,548,52,39,0.0,0.0,1,0,4,0,0.0769230769230769,4,5.9423076923076925,0,0,0,1,0.569393905668268,0,False
11962,lm 6000,"guys ,
portland general is long a sep 30 lm 6000 sprint pc . their mini - peaker project has died . they are giving us a first look before they give it to ge to re - market . price = $ 16 . 8 mm + 115 kv step - up transformer . i could see buying 3 - 4 for qi but i don ' t have a need for such an early delivery . east ? brazil ?
chris calger
503 - 464 - 3735",ham,2001-06-21,"lm 6000 guys ,
portland general is long a sep 30 lm 6000 sprint pc . their mini - peaker project has died . they are giving us a first look before they give it to ge to re - market . price = $ 16 . 8 mm + 115 kv step - up transformer . i could see buying 3 - 4 for qi but i don ' t have a need for such an early delivery . east ? brazil ?
chris calger
503 - 464 - 3735",0,lm guys portland general is long a sep lm sprint pc their mini peaker project has died they are giving us a first look before they give it to ge to re market price mm kv step up transformer i could see buying for qi but i don t have a need for such an early delivery east ? brazil ? chris calger,"['guy', 'portland', 'general', 'long', 'sep', 'sprint', 'mini', 'peaker', 'project', 'di', 'giv', 'first', 'look', 'give', 'market', 'price', 'step', 'transformer', 'see', 'buy', 'don', 'ne', 'early', 'delivery', 'east', 'brazil', 'chri', 'calger']",guy portland general long sep sprint mini peaker project di giv first look give market price step transformer see buy don ne early delivery east brazil chri calger,295,28,28,0.0,0.0,0,2,0,2,0.0,-2,4.857142857142857,0,0,0,1,0.6509100783513674,0,False
8449,wichai narongwanich,"dear toni :
please arrange a payment of $ 10 , 000 to wichai as a sigining bonus as agreed
upon with him at the time of his offer .
thanks ,
krishna .",ham,2001-02-01,"wichai narongwanich dear toni :
please arrange a payment of $ 10 , 000 to wichai as a sigining bonus as agreed
upon with him at the time of his offer .
thanks ,
krishna .",0,wichai narongwanich dear toni please arrange a payment of to wichai as a sigining bonus as agreed upon with him at the time of his offer thanks krishna,"['wichai', 'narongwanich', 'toni', 'arrange', 'payment', 'wichai', 'sigin', 'bonu', 'agre', 'upon', 'time', 'offer', 'krishna']",wichai narongwanich toni arrange payment wichai sigin bonu agre upon time offer krishna,151,13,12,0.0,0.0,0,0,1,1,0.0769230769230769,0,5.769230769230769,0,0,0,1,0.7311796757934397,0,False
5172,re : rankings,thank you .,ham,1999-12-10,re : rankings thank you .,0,re rankings thank you,['ranking'],ranking,21,1,1,0.0,0.0,0,0,0,0,0.0,0,7.0,0,0,0,1,0.6824818716570588,0,False
23039,powerpoint presentation,"sally ,
fyi . some of the slides are helpful .
josh",ham,2000-06-30,"powerpoint presentation sally ,
fyi . some of the slides are helpful .
josh",0,powerpoint presentation sally fyi some of the slides are helpful josh,"['powerpoint', 'presenta', 'sally', 'fyi', 'slide', 'helpful', 'josh']",powerpoint presenta sally fyi slide helpful josh,69,7,7,0.0,0.0,0,0,0,0,0.0,0,6.0,0,0,0,1,0.5351197426767221,0,False
5226,"stinson out on jan . 4 , 2000","shirley :
i am planning to take a vacation day on jan . 4 .
thanks ,
- - stinson",ham,1999-12-30,"stinson out on jan . 4 , 2000 shirley :
i am planning to take a vacation day on jan . 4 .
thanks ,
- - stinson",0,stinson out on jan shirley i am planning to take a vacation day on jan thanks stinson,"['stinson', 'jan', 'shirley', 'plann', 'take', 'vaca', 'day', 'jan', 'stinson']",stinson jan shirley plann take vaca day jan stinson,85,9,7,0.0,0.0,0,0,0,0,0.0,0,4.777777777777778,0,0,0,1,0.6491344286243605,0,False
27836,more updates - ios participants,"sempra gku 398 bp
usgt kue 876 dg
texaco qrp 394 mv
coral wix 284 hc
duke tqp 482 nb
burlington ope 736 hy
oneok pcv 768 ek
williams mnoo 65 pu
reliant byh 323 mg
amoco ckh 468 om
tenaska ukh 835 hy
dynegy kyr 587 wm",ham,2000-07-21,"more updates - ios participants sempra gku 398 bp
usgt kue 876 dg
texaco qrp 394 mv
coral wix 284 hc
duke tqp 482 nb
burlington ope 736 hy
oneok pcv 768 ek
williams mnoo 65 pu
reliant byh 323 mg
amoco ckh 468 om
tenaska ukh 835 hy
dynegy kyr 587 wm",0,more updates ios participants sempra gku bp usgt kue dg texaco qrp mv coral wix hc duke tqp nb burlington ope hy oneok pcv ek williams mnoo pu reliant byh mg amoco ckh om tenaska ukh hy dynegy kyr wm,"['update', 'ios', 'participant', 'sempra', 'gku', 'usgt', 'kue', 'texaco', 'qrp', 'coral', 'wix', 'duke', 'tqp', 'burlington', 'ope', 'oneok', 'pcv', 'william', 'mnoo', 'reliant', 'byh', 'amoco', 'ckh', 'tenaska', 'ukh', 'dynegy', 'kyr']",update ios participant sempra gku usgt kue texaco qrp coral wix duke tqp burlington ope oneok pcv william mnoo reliant byh amoco ckh tenaska ukh dynegy kyr,199,27,27,0.0,0.0,0,0,0,0,0.0,0,4.777777777777778,0,0,0,1,0.6296700741145009,0,False
845,98 - 6892,"98 - 6892 has a spill - over of 15 decatherms for 5 / 24 / 2000 . can you please
extend deal ticket 274443 for cover this ?
thank
- jackie -
3 - 9497",ham,2000-05-31,"98 - 6892 98 - 6892 has a spill - over of 15 decatherms for 5 / 24 / 2000 . can you please
extend deal ticket 274443 for cover this ?
thank
- jackie -
3 - 9497",0,has a spill over of decatherms for can you please extend deal ticket for cover this ? thank jackie,"['spill', 'decatherm', 'can', 'extend', 'deal', 'ticket', 'cover', 'jackie']",spill decatherm can extend deal ticket cover jackie,98,8,8,0.0,0.0,0,1,0,0,0.0,0,5.5,0,0,0,1,0.5663593206542594,0,False
512,jake,"?
- tech . gif
- 3 - 21 - 00 8 ' 57 ' 27 pm . jpg
- 3 - 21 - 00 8 ' 53 ' 26 pm . jpg
- 3 - 21 - 00 8 ' 55 ' 03 pm . exe",ham,2000-03-23,"jake ?
- tech . gif
- 3 - 21 - 00 8 ' 57 ' 27 pm . jpg
- 3 - 21 - 00 8 ' 53 ' 26 pm . jpg
- 3 - 21 - 00 8 ' 55 ' 03 pm . exe",0,jake ? tech gif pm jpg pm jpg pm exe,"['jake', 'tech', 'gif', 'jpg', 'jpg', 'exe']",jake tech gif jpg jpg exe,36,6,5,0.0,0.0,0,1,0,0,0.0,0,3.333333333333333,0,0,0,1,0.6824818716570588,0,False
27999,ripley house photo album,0,ham,2000-09-19,ripley house photo album ,0,ripley house photo album,"['ripley', 'house', 'photo', 'album']",ripley house photo album,24,4,4,0.0,0.0,0,0,0,0,0.0,0,5.25,0,0,0,1,0.6824818716570588,0,False
767,"dave n out of pocket next week , beyond","i will be in class next week at the hyatt . if you have unify performance
issues that need immediate attention , please call :
jim ogg 5 - 7225
kishore b . 3 - 0347
russ whitton 3 - 3874
you already have my pager number .
also , for the next 2 months while our office space is being gutted and
re - built , i will be located in 3 allen center , 37 th floor . how convenient .
i will have the same phone number . feel free to send me a postcard ; - )
d . n .",ham,2000-05-12,"dave n out of pocket next week , beyond i will be in class next week at the hyatt . if you have unify performance
issues that need immediate attention , please call :
jim ogg 5 - 7225
kishore b . 3 - 0347
russ whitton 3 - 3874
you already have my pager number .
also , for the next 2 months while our office space is being gutted and
re - built , i will be located in 3 allen center , 37 th floor . how convenient .
i will have the same phone number . feel free to send me a postcard ; - )
d . n .",0,dave n out of pocket next week beyond i will be in class next week at the hyatt if you have unify performance issues that need immediate attention please call jim ogg kishore b russ whitton you already have my pager number also for the next months while our office space is being gutted and re built i will be located in allen center th floor how convenient i will have the same phone number feel free to send me a postcard d n,"['dave', 'pocket', 'next', 'week', 'beyond', 'will', 'clas', 'next', 'week', 'hyatt', 'unify', 'performance', 'issue', 'ne', 'immediate', 'atten', 'call', 'jim', 'ogg', 'kishore', 'rus', 'whitton', 'already', 'pager', 'number', 'also', 'next', 'month', 'office', 'space', 'gutt', 'built', 'will', 'locat', 'allen', 'center', 'floor', 'convenient', 'will', 'phone', 'number', 'feel', 'free', 'send', 'postcard']",dave pocket next week beyond will clas next week hyatt unify performance issue ne immediate atten call jim ogg kishore rus whitton already pager number also next month office space gutt built will locat allen center floor convenient will phone number feel free send postcard,427,45,39,0.0,0.0,0,0,2,0,0.0444444444444444,2,5.111111111111111,0,0,0,1,0.5746120152756845,0,False
8739,2 missing from the mailing list,"hingoran @ rice . edu
planck @ rice . edu",ham,2001-03-16,"2 missing from the mailing list hingoran @ rice . edu
planck @ rice . edu",0,missing from the mailing list hingoran rice edu planck rice edu,"['miss', 'mail', 'list', 'hingoran', 'rice', 'edu', 'planck', 'rice', 'edu']",miss mail list hingoran rice edu planck rice edu,63,9,7,0.0,0.0,0,0,0,0,0.0,0,4.444444444444445,0,0,0,1,0.6603746918106116,0,False
362,wrong again,"daren ,
i was right the first time . you gave me what i need . sorry again for the
inconvenience .",ham,2000-02-25,"wrong again daren ,
i was right the first time . you gave me what i need . sorry again for the
inconvenience .",0,wrong again daren i was right the first time you gave me what i need sorry again for the inconvenience,"['wrong', 'daren', 'right', 'first', 'time', 'gave', 'ne', 'inconvenience']",wrong daren right first time gave ne inconvenience,102,8,8,0.0,0.0,0,0,0,0,0.0,0,5.375,0,0,0,1,0.5695400858515918,0,False
8382,i ' m in hospital ! ! !,"i ' ve had a burst appendix and pneumonia .
call debbie for details on 936 - 321 - 8836 ( home ) or 936 - 499 - 4996 ( cell ) or me
directly on 713 - 598 - 0732 ( but i share a room with someone , so we may disturb
them . . . .
steve
- - - - - - - - - - - - - - - - -
tel : 713 - 345 - 8980
cell : 713 - 598 - 0732",ham,2001-01-27,"i ' m in hospital ! ! ! i ' ve had a burst appendix and pneumonia .
call debbie for details on 936 - 321 - 8836 ( home ) or 936 - 499 - 4996 ( cell ) or me
directly on 713 - 598 - 0732 ( but i share a room with someone , so we may disturb
them . . . .
steve
- - - - - - - - - - - - - - - - -
tel : 713 - 345 - 8980
cell : 713 - 598 - 0732",0,i m in hospital ! ! ! i ve had a burst appendix and pneumonia call debbie for details on home or cell or me directly on but i share a room with someone so we may disturb them steve tel cell,"['hospital', 'burst', 'appendix', 'pneumonia', 'call', 'debbie', 'detail', 'home', 'cell', 'directly', 'share', 'room', 'someone', 'may', 'disturb', 'steve', 'tel', 'cell']",hospital burst appendix pneumonia call debbie detail home cell directly share room someone may disturb steve tel cell,189,18,17,0.0,0.0,3,0,0,0,0.0,0,5.555555555555555,0,0,0,1,0.6441665080672087,0,False
14079,turbine position report 11 / 16 / 01,please contact chip schneider at x 3 - 1789 or kevin jolly at x 5 - 7147 if you have any questions .,ham,2001-11-21,turbine position report 11 / 16 / 01 please contact chip schneider at x 3 - 1789 or kevin jolly at x 5 - 7147 if you have any questions .,0,turbine position report please contact chip schneider at x or kevin jolly at x if you have any questions,"['turbine', 'posi', 'report', 'contact', 'chip', 'schneider', 'kevin', 'jolly', 'question']",turbine posi report contact chip schneider kevin jolly question,104,9,9,0.0,0.0,0,0,0,1,0.0,-1,6.111111111111111,0,0,0,1,0.5142696815310313,0,False
959,june specials ! !,"* * summer specials * *
valued golfers of kingwood cove .
at your convenience please visit the following
sites being developed for your benefit in the future .
http : / / subscribe - 90027 - members @ lists . clubcorp . com / or
http : / / www . ttimeonline . com / index . html
* * * * * * * * * * * * * * * * * * * * * * * * * * * * * * *
* * play & pay * *
3 play for the price of 2
4 play for the price of 3
after 11 am - saturday , sunday & holidays
( offer valid with purchase of cart & green fee per player )
must present e - mail invitation prior to registration .
not valid with sr / jr rates or other offers . expires 06 / 30 / 00 .
call now to book your tee - time . 281 - 358 - 1155 .
* * pick your partner / price * *
monday thru friday between 10 am - 2 pm ( non - holiday )
2 play for $ 18 ea .
3 play for $ 16 ea .
4 play for $ 14 ea .
( offer includes cart & green fee )
must present e - mail invitation prior to registration .
not valid with sr / jr rates , tournaments or other offers . expires 06 / 30 / 00
call now to book your tee - time . 281 - 358 - 1155 .
* * 2 for 1 special * *
two play for the price of one .
before 10 am & after 2 pm
monday thru friday non - holiday .
golf invitation good for up to 4 players .
offer includes 1 / 2 cart & green fee .
must present e - mail invitation prior to registration .
not valid with other offers or sr / jr rates . expires 06 / 30 / 00
call now to book your tee - time .
281 - 358 - 1155 .
* * golf lesson special * *
lessons save $ 10",ham,2000-06-13,"june specials ! ! * * summer specials * *
valued golfers of kingwood cove .
at your convenience please visit the following
sites being developed for your benefit in the future .
http : / / subscribe - 90027 - members @ lists . clubcorp . com / or
http : / / www . ttimeonline . com / index . html
* * * * * * * * * * * * * * * * * * * * * * * * * * * * * * *
* * play & pay * *
3 play for the price of 2
4 play for the price of 3
after 11 am - saturday , sunday & holidays
( offer valid with purchase of cart & green fee per player )
must present e - mail invitation prior to registration .
not valid with sr / jr rates or other offers . expires 06 / 30 / 00 .
call now to book your tee - time . 281 - 358 - 1155 .
* * pick your partner / price * *
monday thru friday between 10 am - 2 pm ( non - holiday )
2 play for $ 18 ea .
3 play for $ 16 ea .
4 play for $ 14 ea .
( offer includes cart & green fee )
must present e - mail invitation prior to registration .
not valid with sr / jr rates , tournaments or other offers . expires 06 / 30 / 00
call now to book your tee - time . 281 - 358 - 1155 .
* * 2 for 1 special * *
two play for the price of one .
before 10 am & after 2 pm
monday thru friday non - holiday .
golf invitation good for up to 4 players .
offer includes 1 / 2 cart & green fee .
must present e - mail invitation prior to registration .
not valid with other offers or sr / jr rates . expires 06 / 30 / 00
call now to book your tee - time .
281 - 358 - 1155 .
* * golf lesson special * *
lessons save $ 10",0,june specials ! ! summer specials valued golfers of kingwood cove at your convenience please visit the following sites being developed for your benefit in the future http subscribe members lists clubcorp com or http www ttimeonline com index html play pay play for the price of play for the price of after am saturday sunday holidays offer valid with purchase of cart green fee per player must present e mail invitation prior to registration not valid with sr jr rates or other offers expires call now to book your tee time pick your partner price monday thru friday between am pm non holiday play for ea play for ea play for ea offer includes cart green fee must present e mail invitation prior to registration not valid with sr jr rates tournaments or other offers expires call now to book your tee time for special two play for the price of one before am after pm monday thru friday non holiday golf invitation good for up to players offer includes cart green fee must present e mail invitation prior to registration not valid with other offers or sr jr rates expires call now to book your tee time golf lesson special lessons save,"['june', 'special', 'summer', 'special', 'valu', 'golfer', 'kingwood', 'cove', 'convenience', 'visit', 'follow', 'site', 'develop', 'benefit', 'future', 'http', 'subscribe', 'member', 'list', 'clubcorp', 'com', 'http', 'www', 'ttimeonline', 'com', 'index', 'html', 'play', 'pay', 'play', 'price', 'play', 'price', 'saturday', 'sunday', 'holiday', 'offer', 'valid', 'purchase', 'cart', 'green', 'fee', 'per', 'player', 'must', 'present', 'invita', 'prior', 'registra', 'not', 'valid', 'rate', 'offer', 'expire', 'call', 'now', 'book', 'tee', 'time', 'pick', 'partner', 'price', 'monday', 'thru', 'friday', 'non', 'holiday', 'play', 'play', 'play', 'offer', 'include', 'cart', 'green', 'fee', 'must', 'present', 'invita', 'prior', 'registra', 'not', 'valid', 'rate', 'tournament', 'offer', 'expire', 'call', 'now', 'book', 'tee', 'time', 'special', 'two', 'play', 'price', 'one', 'monday', 'thru', 'friday', 'non', 'holiday', 'golf', 'invita', 'good', 'player', 'offer', 'include', 'cart', 'green', 'fee', 'must', 'present', 'invita', 'prior', 'registra', 'not', 'valid', 'offer', 'rate', 'expire', 'call', 'now', 'book', 'tee', 'time', 'golf', 'lesson', 'special', 'lesson', 'save']",june special summer special valu golfer kingwood cove convenience visit follow site develop benefit future http subscribe member list clubcorp com http www ttimeonline com index html play pay play price play price saturday sunday holiday offer valid purchase cart green fee per player must present invita prior registra not valid rate offer expire call now book tee time pick partner price monday thru friday non holiday play play play offer include cart green fee must present invita prior registra not valid rate tournament offer expire call now book tee time special two play price one monday thru friday non holiday golf invita good player offer include cart green fee must present invita prior registra not valid offer rate expire call now book tee time golf lesson special lesson save,1134,130,65,0.0,0.0,2,0,6,0,0.0461538461538461,6,5.084615384615384,0,0,0,1,0.5285672487642339,0,False
5328,congratulations,"congratulations on your promotion to md !
alan",ham,2000-01-12,"congratulations congratulations on your promotion to md !
alan",0,congratulations congratulations on your promotion to md ! alan,"['congratulation', 'congratulation', 'promo', 'alan']",congratulation congratulation promo alan,62,4,3,0.0,0.0,1,0,2,0,0.5,2,9.25,0,0,0,1,0.6824818716570588,0,False
23114,salary adjustments for promoted employees,"please contact me to determine the salary adjustment that you want to give to
your newly promoted employee . if the employee has been promoted out of
your department but is still within ena please pass this e - mail to their
current department head .
i am still missing salary adjustments for 9 employees and i am not able to
present the aggregate amounts to the head of the business unit for final
review .
you can reach me at ext . 36703 at your convenience .
thanks for your help in this matter , hgm",ham,2000-07-26,"salary adjustments for promoted employees please contact me to determine the salary adjustment that you want to give to
your newly promoted employee . if the employee has been promoted out of
your department but is still within ena please pass this e - mail to their
current department head .
i am still missing salary adjustments for 9 employees and i am not able to
present the aggregate amounts to the head of the business unit for final
review .
you can reach me at ext . 36703 at your convenience .
thanks for your help in this matter , hgm",0,salary adjustments for promoted employees please contact me to determine the salary adjustment that you want to give to your newly promoted employee if the employee has been promoted out of your department but is still within ena please pass this e mail to their current department head i am still missing salary adjustments for employees and i am not able to present the aggregate amounts to the head of the business unit for final review you can reach me at ext at your convenience thanks for your help in this matter hgm,"['salary', 'adjustment', 'promot', 'employee', 'contact', 'determine', 'salary', 'adjustment', 'want', 'give', 'newly', 'promot', 'employee', 'employee', 'promot', 'department', 'still', 'within', 'ena', 'pas', 'current', 'department', 'head', 'still', 'miss', 'salary', 'adjustment', 'employee', 'not', 'able', 'present', 'aggregate', 'amount', 'head', 'busines', 'unit', 'final', 'review', 'can', 'reach', 'ext', 'convenience', 'help', 'matter', 'hgm']",salary adjustment promot employee contact determine salary adjustment want give newly promot employee employee promot department still within ena pas current department head still miss salary adjustment employee not able present aggregate amount head busines unit final review can reach ext convenience help matter hgm,523,45,33,0.0,0.0,0,0,0,1,0.0,-1,6.088888888888889,0,0,0,1,0.5710499421694553,0,False
16664,real time budget,"lindsay ,
bill williams iii , manager of portland ' s real time desk , brought to my attention some changes that will need to be incorporated into the june budget figures . please remove jesse bryson , mohamed elafandi , and monika causholli from the budget as they are no longer in his cost center , 107302 . also , please add kate symes .
thank you .
best regards ,
anna
503 . 464 . 3834",ham,2001-06-12,"real time budget lindsay ,
bill williams iii , manager of portland ' s real time desk , brought to my attention some changes that will need to be incorporated into the june budget figures . please remove jesse bryson , mohamed elafandi , and monika causholli from the budget as they are no longer in his cost center , 107302 . also , please add kate symes .
thank you .
best regards ,
anna
503 . 464 . 3834",0,real time budget lindsay bill williams iii manager of portland s real time desk brought to my attention some changes that will need to be incorporated into the june budget figures please remove jesse bryson mohamed elafandi and monika causholli from the budget as they are no longer in his cost center also please add kate symes thank you best regards anna,"['real', 'time', 'budget', 'lindsay', 'bill', 'william', 'iii', 'manager', 'portland', 'real', 'time', 'desk', 'brought', 'atten', 'change', 'will', 'ne', 'incorporat', 'june', 'budget', 'figure', 'remove', 'jesse', 'bryson', 'moham', 'elafandi', 'monika', 'causholli', 'budget', 'longer', 'cost', 'center', 'also', 'add', 'kate', 'syme', 'best', 'anna']",real time budget lindsay bill william iii manager portland real time desk brought atten change will ne incorporat june budget figure remove jesse bryson moham elafandi monika causholli budget longer cost center also add kate syme best anna,356,38,34,0.0,0.0,0,0,1,3,0.0263157894736842,-2,5.315789473684211,0,0,0,1,0.6310076109174511,0,False
3040,neon # 7,- experiencing god week 7 . doc,ham,2001-04-10,neon # 7 - experiencing god week 7 . doc,0,neon experiencing god week doc,"['neon', 'experienc', 'god', 'week', 'doc']",neon experienc god week doc,30,5,5,0.0,0.0,0,0,0,0,0.0,0,4.6,0,0,0,1,0.5629830494645828,0,False
18673,best deal,"brast succss
is an all ntural hrbal brast nhancing
supplment dsigned
to nturally and safly increas the siz , shap and firmnss
of womn ' s brasts .
yu are invitd to larn mor at ur site
rmove her
sarah imprudent conceptual bundestag predispose conversation gerontology cosmetic hornblower florentine confucianism cinch meager especial buttery irresistible myeline issuant baronial bless cosmology germinal dryden pragmatist rid oven feeble carton aircraft cit helmut maze bedbug chaplin gogh exciton antagonistic foot
brandenburg concertina dynamism allemand hue bud academia incinerate attendant denunciation poor nobody ' d psaltery
gibraltar inkling chantilly cantle ibis dreamboat bubble forest cayuga cave naked confession faze chromate cookie celia did futile marks manic nyquist blackburn aphasic heathkit furnish aspire cottrell landis assert faint
equanimity autocollimate eyeful cloddish rectify corrigenda andy defer database filth forbore belshazzar posterity epoxy helical gossamer itinerary eighteen generous derange quadrupole adaptive hesitant eyeglass liberia cockleshell ameliorate
ray hackmatack coca exotic capsule armillaria graphic bait scrotum carr denunciate semi phenol immune planetaria castor bewail gem forrest brink abstruse lard endpoint aim desperate melanoma agave
aspirant inexplainable furry caper ballot foamy remus coleman furthermore chart detroit atheist foot aficionado dan indent adhere horsewomen celluloid equipped inconsequential emasculate carrageen influenza laotian butyrate ovum embedding fortitude coadjutor kendall boast confirm
cushman enlargeable plateau fayetteville coltsfoot catkin lizzie saddlebag nagasaki homeopath salesmen princeton poison glitch cessna argonne protest componentry flat camber coplanar increase lipscomb ruff arrogant r hamburger sault neutron scriptural beau
caine secrete inferior airflow figural arlington pimp furry dodecahedron afterthought batchelder brunette expend delineament imposture earthmover abner proficient reserve bergstrom chatham drawl brigadier ida novelty
brenda bunsen aesthete habitual hyperboloid pamela alacrity bought henceforth disc decry insane crime engine marksmen liquidate foursome callus damon gershwin lunchtime barbaric chalice cortege chord captaincy neglect resurgent adultery puritanic hubris
pernicious cloister dairymen aerogene clockwise bondsmen eratosthenes bay deciduous brickbat bigelow mouth scowl scratchy bremsstrahlung confer lineage alumnus profligacy bathtub circumstantial invariant
doge albacore communicate dextrose equipoise ether energy pancho feeney impute mystery loeb modal chemist communique heavy phenomena convalescent codomain contagion incorporable benthic salty rejuvenate conglomerate cerise arithmetic cowslip foxglove bronchiole hysteresis berwick burg dow auburn ague fiddle antoine cross monday
getty hutchins bedside muddle murre insurgent nude capstone indelible cattlemen felicitous compel garter remitted
booby fanout camino morass muskox palette garibaldi hager dahlia fermium boris
flexible icy bauble finnish dairy saxon plastic classify lengthen creed
sheik chantry breezy joe may aliphatic camden gauge jamboree fletcher lola chaos benthic affluent ambiguity eruption elmsford bracken butte fenton fluorine irreparable healey assiduous coeditor combinator pontiff choreography freed
known bonnet chorale cadre inflame larynges lear foliate harpsichord sachem airlock font downtown hundredth cohn dime consequential
butyric cranberry incapacitate quod incompetent peruvian riparian epithet connoisseur farmhouse rectory general ecuador obstruent glum grotesque finger linen anonymity dapple cheese
dharma domain infight prize quad circumpolar antigone garter detent singe nymph plural belshazzar peppergrass duckling plenty handicraft bespeak cornstarch betrayal
hate kidney intricacy darwinian caller ball methodism machine chargeable homeward rhapsody harmful bestowal frostbitten franciscan decorous faint conakry gospel arbitrate paraffin frustum frye impression determinant greenbriar oligoclase garcia guerdon bowstring business pleistocene don premonition confidant
combustible dodson rayleigh liquor exudation gigantic indent buss dealt repression bemoan copybook mundane buttress brown galactose corsage florence discoid roughen athwart godwin prodigal kafkaesque
buick climb goofy denton rangy delightful heroine auditorium charybdis nw onrush brassy raindrop hadron narrow followeth fractious explanation carborundum corpsman marry noetherian pillory chemic bobcat prolix lineal heroin
garner leninist knobby oscillate ayers elect s ' s silicon mortem astigmat cookie furlough gasify commingle corn legatee excrete pushbutton lewd gravitate hobby accusative psychoses innkeeper cutlass coproduct docket egress imperate exeter auschwitz fare capsize falsehood inferior ardency accelerate argillaceous abase
flycatcher christianson kraft ciceronian falsify frontier polygon indiscoverable fullerton l
conklin scorpion compromise horrible alkene divisible epicure plaid doll dominican curve cyanate depressor courtesan grim
inclusive dreamy inviolable resort retrofitted exacerbate primordial jujube septate dorothy heed coriolanus
pheasant abject rich fleawort famine brasilia dun grove onus aeolian chuckwalla reel gyrate dashboard guaranteeing enrollee intransitive brimful godsend baldy lightproof
batik hobby half hilarity convulsion esteem coachman casualty heretic gibbons done hungary milkweed flatworm compromise eurasia foote kant dustbin decision beige director idaho sisyphean mixup facilitate
acceptant coniferous attendant belove bernstein causate mournful machinelike millie ct sanford jagging christoffel iowa adverb halfway amy dailey parasite liquid remembrance efficacious carnival inertia affiliate propane battery
barbecue inoperable asteroid homework impolitic cloakroom bose incompetent berman carey nugatory phosphoric horde good inanimate actor cake primate request keystone clyde seething shied asparagus deviate drove leone owe scaup cleveland pigskin
",spam,2004-04-12,"best deal brast succss
is an all ntural hrbal brast nhancing
supplment dsigned
to nturally and safly increas the siz , shap and firmnss
of womn ' s brasts .
yu are invitd to larn mor at ur site
rmove her
sarah imprudent conceptual bundestag predispose conversation gerontology cosmetic hornblower florentine confucianism cinch meager especial buttery irresistible myeline issuant baronial bless cosmology germinal dryden pragmatist rid oven feeble carton aircraft cit helmut maze bedbug chaplin gogh exciton antagonistic foot
brandenburg concertina dynamism allemand hue bud academia incinerate attendant denunciation poor nobody ' d psaltery
gibraltar inkling chantilly cantle ibis dreamboat bubble forest cayuga cave naked confession faze chromate cookie celia did futile marks manic nyquist blackburn aphasic heathkit furnish aspire cottrell landis assert faint
equanimity autocollimate eyeful cloddish rectify corrigenda andy defer database filth forbore belshazzar posterity epoxy helical gossamer itinerary eighteen generous derange quadrupole adaptive hesitant eyeglass liberia cockleshell ameliorate
ray hackmatack coca exotic capsule armillaria graphic bait scrotum carr denunciate semi phenol immune planetaria castor bewail gem forrest brink abstruse lard endpoint aim desperate melanoma agave
aspirant inexplainable furry caper ballot foamy remus coleman furthermore chart detroit atheist foot aficionado dan indent adhere horsewomen celluloid equipped inconsequential emasculate carrageen influenza laotian butyrate ovum embedding fortitude coadjutor kendall boast confirm
cushman enlargeable plateau fayetteville coltsfoot catkin lizzie saddlebag nagasaki homeopath salesmen princeton poison glitch cessna argonne protest componentry flat camber coplanar increase lipscomb ruff arrogant r hamburger sault neutron scriptural beau
caine secrete inferior airflow figural arlington pimp furry dodecahedron afterthought batchelder brunette expend delineament imposture earthmover abner proficient reserve bergstrom chatham drawl brigadier ida novelty
brenda bunsen aesthete habitual hyperboloid pamela alacrity bought henceforth disc decry insane crime engine marksmen liquidate foursome callus damon gershwin lunchtime barbaric chalice cortege chord captaincy neglect resurgent adultery puritanic hubris
pernicious cloister dairymen aerogene clockwise bondsmen eratosthenes bay deciduous brickbat bigelow mouth scowl scratchy bremsstrahlung confer lineage alumnus profligacy bathtub circumstantial invariant
doge albacore communicate dextrose equipoise ether energy pancho feeney impute mystery loeb modal chemist communique heavy phenomena convalescent codomain contagion incorporable benthic salty rejuvenate conglomerate cerise arithmetic cowslip foxglove bronchiole hysteresis berwick burg dow auburn ague fiddle antoine cross monday
getty hutchins bedside muddle murre insurgent nude capstone indelible cattlemen felicitous compel garter remitted
booby fanout camino morass muskox palette garibaldi hager dahlia fermium boris
flexible icy bauble finnish dairy saxon plastic classify lengthen creed
sheik chantry breezy joe may aliphatic camden gauge jamboree fletcher lola chaos benthic affluent ambiguity eruption elmsford bracken butte fenton fluorine irreparable healey assiduous coeditor combinator pontiff choreography freed
known bonnet chorale cadre inflame larynges lear foliate harpsichord sachem airlock font downtown hundredth cohn dime consequential
butyric cranberry incapacitate quod incompetent peruvian riparian epithet connoisseur farmhouse rectory general ecuador obstruent glum grotesque finger linen anonymity dapple cheese
dharma domain infight prize quad circumpolar antigone garter detent singe nymph plural belshazzar peppergrass duckling plenty handicraft bespeak cornstarch betrayal
hate kidney intricacy darwinian caller ball methodism machine chargeable homeward rhapsody harmful bestowal frostbitten franciscan decorous faint conakry gospel arbitrate paraffin frustum frye impression determinant greenbriar oligoclase garcia guerdon bowstring business pleistocene don premonition confidant
combustible dodson rayleigh liquor exudation gigantic indent buss dealt repression bemoan copybook mundane buttress brown galactose corsage florence discoid roughen athwart godwin prodigal kafkaesque
buick climb goofy denton rangy delightful heroine auditorium charybdis nw onrush brassy raindrop hadron narrow followeth fractious explanation carborundum corpsman marry noetherian pillory chemic bobcat prolix lineal heroin
garner leninist knobby oscillate ayers elect s ' s silicon mortem astigmat cookie furlough gasify commingle corn legatee excrete pushbutton lewd gravitate hobby accusative psychoses innkeeper cutlass coproduct docket egress imperate exeter auschwitz fare capsize falsehood inferior ardency accelerate argillaceous abase
flycatcher christianson kraft ciceronian falsify frontier polygon indiscoverable fullerton l
conklin scorpion compromise horrible alkene divisible epicure plaid doll dominican curve cyanate depressor courtesan grim
inclusive dreamy inviolable resort retrofitted exacerbate primordial jujube septate dorothy heed coriolanus
pheasant abject rich fleawort famine brasilia dun grove onus aeolian chuckwalla reel gyrate dashboard guaranteeing enrollee intransitive brimful godsend baldy lightproof
batik hobby half hilarity convulsion esteem coachman casualty heretic gibbons done hungary milkweed flatworm compromise eurasia foote kant dustbin decision beige director idaho sisyphean mixup facilitate
acceptant coniferous attendant belove bernstein causate mournful machinelike millie ct sanford jagging christoffel iowa adverb halfway amy dailey parasite liquid remembrance efficacious carnival inertia affiliate propane battery
barbecue inoperable asteroid homework impolitic cloakroom bose incompetent berman carey nugatory phosphoric horde good inanimate actor cake primate request keystone clyde seething shied asparagus deviate drove leone owe scaup cleveland pigskin
",1,best deal brast succss is an all ntural hrbal brast nhancing supplment dsigned to nturally and safly increas the siz shap and firmnss of womn s brasts yu are invitd to larn mor at ur site rmove her sarah imprudent conceptual bundestag predispose conversation gerontology cosmetic hornblower florentine confucianism cinch meager especial buttery irresistible myeline issuant baronial bless cosmology germinal dryden pragmatist rid oven feeble carton aircraft cit helmut maze bedbug chaplin gogh exciton antagonistic foot brandenburg concertina dynamism allemand hue bud academia incinerate attendant denunciation poor nobody d psaltery gibraltar inkling chantilly cantle ibis dreamboat bubble forest cayuga cave naked confession faze chromate cookie celia did futile marks manic nyquist blackburn aphasic heathkit furnish aspire cottrell landis assert faint equanimity autocollimate eyeful cloddish rectify corrigenda andy defer database filth forbore belshazzar posterity epoxy helical gossamer itinerary eighteen generous derange quadrupole adaptive hesitant eyeglass liberia cockleshell ameliorate ray hackmatack coca exotic capsule armillaria graphic bait scrotum carr denunciate semi phenol immune planetaria castor bewail gem forrest brink abstruse lard endpoint aim desperate melanoma agave aspirant inexplainable furry caper ballot foamy remus coleman furthermore chart detroit atheist foot aficionado dan indent adhere horsewomen celluloid equipped inconsequential emasculate carrageen influenza laotian butyrate ovum embedding fortitude coadjutor kendall boast confirm cushman enlargeable plateau fayetteville coltsfoot catkin lizzie saddlebag nagasaki homeopath salesmen princeton poison glitch cessna argonne protest componentry flat camber coplanar increase lipscomb ruff arrogant r hamburger sault neutron scriptural beau caine secrete inferior airflow figural arlington pimp furry dodecahedron afterthought batchelder brunette expend delineament imposture earthmover abner proficient reserve bergstrom chatham drawl brigadier ida novelty brenda bunsen aesthete habitual hyperboloid pamela alacrity bought henceforth disc decry insane crime engine marksmen liquidate foursome callus damon gershwin lunchtime barbaric chalice cortege chord captaincy neglect resurgent adultery puritanic hubris pernicious cloister dairymen aerogene clockwise bondsmen eratosthenes bay deciduous brickbat bigelow mouth scowl scratchy bremsstrahlung confer lineage alumnus profligacy bathtub circumstantial invariant doge albacore communicate dextrose equipoise ether energy pancho feeney impute mystery loeb modal chemist communique heavy phenomena convalescent codomain contagion incorporable benthic salty rejuvenate conglomerate cerise arithmetic cowslip foxglove bronchiole hysteresis berwick burg dow auburn ague fiddle antoine cross monday getty hutchins bedside muddle murre insurgent nude capstone indelible cattlemen felicitous compel garter remitted booby fanout camino morass muskox palette garibaldi hager dahlia fermium boris flexible icy bauble finnish dairy saxon plastic classify lengthen creed sheik chantry breezy joe may aliphatic camden gauge jamboree fletcher lola chaos benthic affluent ambiguity eruption elmsford bracken butte fenton fluorine irreparable healey assiduous coeditor combinator pontiff choreography freed known bonnet chorale cadre inflame larynges lear foliate harpsichord sachem airlock font downtown hundredth cohn dime consequential butyric cranberry incapacitate quod incompetent peruvian riparian epithet connoisseur farmhouse rectory general ecuador obstruent glum grotesque finger linen anonymity dapple cheese dharma domain infight prize quad circumpolar antigone garter detent singe nymph plural belshazzar peppergrass duckling plenty handicraft bespeak cornstarch betrayal hate kidney intricacy darwinian caller ball methodism machine chargeable homeward rhapsody harmful bestowal frostbitten franciscan decorous faint conakry gospel arbitrate paraffin frustum frye impression determinant greenbriar oligoclase garcia guerdon bowstring business pleistocene don premonition confidant combustible dodson rayleigh liquor exudation gigantic indent buss dealt repression bemoan copybook mundane buttress brown galactose corsage florence discoid roughen athwart godwin prodigal kafkaesque buick climb goofy denton rangy delightful heroine auditorium charybdis nw onrush brassy raindrop hadron narrow followeth fractious explanation carborundum corpsman marry noetherian pillory chemic bobcat prolix lineal heroin garner leninist knobby oscillate ayers elect s s silicon mortem astigmat cookie furlough gasify commingle corn legatee excrete pushbutton lewd gravitate hobby accusative psychoses innkeeper cutlass coproduct docket egress imperate exeter auschwitz fare capsize falsehood inferior ardency accelerate argillaceous abase flycatcher christianson kraft ciceronian falsify frontier polygon indiscoverable fullerton l conklin scorpion compromise horrible alkene divisible epicure plaid doll dominican curve cyanate depressor courtesan grim inclusive dreamy inviolable resort retrofitted exacerbate primordial jujube septate dorothy heed coriolanus pheasant abject rich fleawort famine brasilia dun grove onus aeolian chuckwalla reel gyrate dashboard guaranteeing enrollee intransitive brimful godsend baldy lightproof batik hobby half hilarity convulsion esteem coachman casualty heretic gibbons done hungary milkweed flatworm compromise eurasia foote kant dustbin decision beige director idaho sisyphean mixup facilitate acceptant coniferous attendant belove bernstein causate mournful machinelike millie ct sanford jagging christoffel iowa adverb halfway amy dailey parasite liquid remembrance efficacious carnival inertia affiliate propane battery barbecue inoperable asteroid homework impolitic cloakroom bose incompetent berman carey nugatory phosphoric horde good inanimate actor cake primate request keystone clyde seething shied asparagus deviate drove leone owe scaup cleveland pigskin,"['best', 'deal', 'brast', 'succs', 'ntural', 'hrbal', 'brast', 'nhanc', 'supplment', 'dsign', 'nturally', 'safly', 'increa', 'siz', 'shap', 'firmns', 'womn', 'brast', 'invitd', 'larn', 'mor', 'site', 'rmove', 'sarah', 'imprudent', 'conceptual', 'bundestag', 'predispose', 'conversa', 'gerontology', 'cosmetic', 'hornblower', 'florentine', 'confucianism', 'cinch', 'meager', 'especial', 'buttery', 'irresistible', 'myeline', 'issuant', 'baronial', 'bles', 'cosmology', 'germinal', 'dryden', 'pragmatist', 'rid', 'oven', 'feeble', 'carton', 'aircraft', 'cit', 'helmut', 'maze', 'bedbug', 'chaplin', 'gogh', 'exciton', 'antagonistic', 'foot', 'brandenburg', 'concertina', 'dynamism', 'allemand', 'hue', 'bud', 'academia', 'incinerate', 'attendant', 'denuncia', 'poor', 'nobody', 'psaltery', 'gibraltar', 'inkl', 'chantilly', 'cantle', 'ibi', 'dreamboat', 'bubble', 'forest', 'cayuga', 'cave', 'nak', 'confession', 'faze', 'chromate', 'cookie', 'celia', 'futile', 'mark', 'manic', 'nyquist', 'blackburn', 'aphasic', 'heathkit', 'furnish', 'aspire', 'cottrell', 'landi', 'assert', 'faint', 'equanimity', 'autocollimate', 'eyeful', 'cloddish', 'rectify', 'corrigenda', 'andy', 'defer', 'database', 'filth', 'forbore', 'belshazzar', 'posterity', 'epoxy', 'helical', 'gossamer', 'itinerary', 'eighteen', 'generou', 'derange', 'quadrupole', 'adaptive', 'hesitant', 'eyeglas', 'liberia', 'cockleshell', 'ameliorate', 'ray', 'hackmatack', 'coca', 'exotic', 'capsule', 'armillaria', 'graphic', 'bait', 'scrotum', 'carr', 'denunciate', 'semi', 'phenol', 'immune', 'planetaria', 'castor', 'bewail', 'gem', 'forrest', 'brink', 'abstruse', 'lard', 'endpoint', 'aim', 'desperate', 'melanoma', 'agave', 'aspirant', 'inexplainable', 'furry', 'caper', 'ballot', 'foamy', 'remu', 'coleman', 'furthermore', 'chart', 'detroit', 'atheist', 'foot', 'aficionado', 'dan', 'indent', 'adhere', 'horsewomen', 'celluloid', 'equipp', 'inconsequential', 'emasculate', 'carrageen', 'influenza', 'laotian', 'butyrate', 'ovum', 'embedd', 'fortitude', 'coadjutor', 'kendall', 'boast', 'confirm', 'cushman', 'enlargeable', 'plateau', 'fayetteville', 'coltsfoot', 'catkin', 'lizzie', 'saddlebag', 'nagasaki', 'homeopath', 'salesmen', 'princeton', 'poison', 'glitch', 'cessna', 'argonne', 'protest', 'componentry', 'flat', 'camber', 'coplanar', 'increase', 'lipscomb', 'ruff', 'arrogant', 'hamburger', 'sault', 'neutron', 'scriptural', 'beau', 'caine', 'secrete', 'inferior', 'airflow', 'figural', 'arlington', 'pimp', 'furry', 'dodecahedron', 'afterthought', 'batchelder', 'brunette', 'expend', 'delineament', 'imposture', 'earthmover', 'abner', 'proficient', 'reserve', 'bergstrom', 'chatham', 'drawl', 'brigadier', 'ida', 'novelty', 'brenda', 'bunsen', 'aesthete', 'habitual', 'hyperboloid', 'pamela', 'alacrity', 'bought', 'henceforth', 'disc', 'decry', 'insane', 'crime', 'engine', 'marksmen', 'liquidate', 'foursome', 'callu', 'damon', 'gershwin', 'lunchtime', 'barbaric', 'chalice', 'cortege', 'chord', 'captaincy', 'neglect', 'resurgent', 'adultery', 'puritanic', 'hubri', 'perniciou', 'cloister', 'dairymen', 'aerogene', 'clockwise', 'bondsmen', 'eratosthene', 'bay', 'deciduou', 'brickbat', 'bigelow', 'mouth', 'scowl', 'scratchy', 'bremsstrahlung', 'confer', 'lineage', 'alumnu', 'profligacy', 'bathtub', 'circumstantial', 'invariant', 'doge', 'albacore', 'communicate', 'dextrose', 'equipoise', 'ether', 'energy', 'pancho', 'feeney', 'impute', 'mystery', 'loeb', 'modal', 'chemist', 'communique', 'heavy', 'phenomena', 'convalescent', 'codomain', 'contagion', 'incorporable', 'benthic', 'salty', 'rejuvenate', 'conglomerate', 'cerise', 'arithmetic', 'cowslip', 'foxglove', 'bronchiole', 'hysteresi', 'berwick', 'burg', 'dow', 'auburn', 'ague', 'fiddle', 'antoine', 'cros', 'monday', 'getty', 'hutchin', 'bedside', 'muddle', 'murre', 'insurgent', 'nude', 'capstone', 'indelible', 'cattlemen', 'felicitou', 'compel', 'garter', 'remitt', 'booby', 'fanout', 'camino', 'moras', 'muskox', 'palette', 'garibaldi', 'hager', 'dahlia', 'fermium', 'bori', 'flexible', 'icy', 'bauble', 'finnish', 'dairy', 'saxon', 'plastic', 'classify', 'lengthen', 'cre', 'sheik', 'chantry', 'breezy', 'joe', 'may', 'aliphatic', 'camden', 'gauge', 'jamboree', 'fletcher', 'lola', 'chao', 'benthic', 'affluent', 'ambiguity', 'erup', 'elmsford', 'bracken', 'butte', 'fenton', 'fluorine', 'irreparable', 'healey', 'assiduou', 'coeditor', 'combinator', 'pontiff', 'choreography', 'fre', 'known', 'bonnet', 'chorale', 'cadre', 'inflame', 'larynge', 'lear', 'foliate', 'harpsichord', 'sachem', 'airlock', 'font', 'downtown', 'hundredth', 'cohn', 'dime', 'consequential', 'butyric', 'cranberry', 'incapacitate', 'quod', 'incompetent', 'peruvian', 'riparian', 'epithet', 'connoisseur', 'farmhouse', 'rectory', 'general', 'ecuador', 'obstruent', 'glum', 'grotesque', 'finger', 'linen', 'anonymity', 'dapple', 'cheese', 'dharma', 'domain', 'infight', 'prize', 'quad', 'circumpolar', 'antigone', 'garter', 'detent', 'singe', 'nymph', 'plural', 'belshazzar', 'peppergras', 'duckl', 'plenty', 'handicraft', 'bespeak', 'cornstarch', 'betrayal', 'hate', 'kidney', 'intricacy', 'darwinian', 'caller', 'ball', 'methodism', 'machine', 'chargeable', 'homeward', 'rhapsody', 'harmful', 'bestowal', 'frostbitten', 'franciscan', 'decorou', 'faint', 'conakry', 'gospel', 'arbitrate', 'paraffin', 'frustum', 'frye', 'impression', 'determinant', 'greenbriar', 'oligoclase', 'garcia', 'guerdon', 'bowstr', 'busines', 'pleistocene', 'don', 'premoni', 'confidant', 'combustible', 'dodson', 'rayleigh', 'liquor', 'exuda', 'gigantic', 'indent', 'bus', 'dealt', 'repression', 'bemoan', 'copybook', 'mundane', 'buttres', 'brown', 'galactose', 'corsage', 'florence', 'discoid', 'roughen', 'athwart', 'godwin', 'prodigal', 'kafkaesque', 'buick', 'climb', 'goofy', 'denton', 'rangy', 'delightful', 'heroine', 'auditorium', 'charybdi', 'onrush', 'brassy', 'raindrop', 'hadron', 'narrow', 'followeth', 'fractiou', 'explana', 'carborundum', 'corpsman', 'marry', 'noetherian', 'pillory', 'chemic', 'bobcat', 'prolix', 'lineal', 'heroin', 'garner', 'leninist', 'knobby', 'oscillate', 'ayer', 'elect', 'silicon', 'mortem', 'astigmat', 'cookie', 'furlough', 'gasify', 'commingle', 'corn', 'legatee', 'excrete', 'pushbutton', 'lewd', 'gravitate', 'hobby', 'accusative', 'psychose', 'innkeeper', 'cutlas', 'coproduct', 'docket', 'egres', 'imperate', 'exeter', 'auschwitz', 'fare', 'capsize', 'falsehood', 'inferior', 'ardency', 'accelerate', 'argillaceou', 'abase', 'flycatcher', 'christianson', 'kraft', 'ciceronian', 'falsify', 'frontier', 'polygon', 'indiscoverable', 'fullerton', 'conklin', 'scorpion', 'compromise', 'horrible', 'alkene', 'divisible', 'epicure', 'plaid', 'doll', 'dominican', 'curve', 'cyanate', 'depressor', 'courtesan', 'grim', 'inclusive', 'dreamy', 'inviolable', 'resort', 'retrofitt', 'exacerbate', 'primordial', 'jujube', 'septate', 'dorothy', 'he', 'coriolanu', 'pheasant', 'abject', 'rich', 'fleawort', 'famine', 'brasilia', 'dun', 'grove', 'onu', 'aeolian', 'chuckwalla', 'reel', 'gyrate', 'dashboard', 'guarantee', 'enrollee', 'intransitive', 'brimful', 'godsend', 'baldy', 'lightproof', 'batik', 'hobby', 'half', 'hilarity', 'convulsion', 'esteem', 'coachman', 'casualty', 'heretic', 'gibbon', 'done', 'hungary', 'milkwe', 'flatworm', 'compromise', 'eurasia', 'foote', 'kant', 'dustbin', 'decision', 'beige', 'director', 'idaho', 'sisyphean', 'mixup', 'facilitate', 'acceptant', 'coniferou', 'attendant', 'belove', 'bernstein', 'causate', 'mournful', 'machinelike', 'millie', 'sanford', 'jagg', 'christoffel', 'iowa', 'adverb', 'halfway', 'amy', 'dailey', 'parasite', 'liquid', 'remembrance', 'efficaciou', 'carnival', 'inertia', 'affiliate', 'propane', 'battery', 'barbecue', 'inoperable', 'asteroid', 'homework', 'impolitic', 'cloakroom', 'bose', 'incompetent', 'berman', 'carey', 'nugatory', 'phosphoric', 'horde', 'good', 'inanimate', 'actor', 'cake', 'primate', 'request', 'keystone', 'clyde', 'seeth', 'shi', 'asparagu', 'deviate', 'drove', 'leone', 'owe', 'scaup', 'cleveland', 'pigskin']",best deal brast succs ntural hrbal brast nhanc supplment dsign nturally safly increa siz shap firmns womn brast invitd larn mor site rmove sarah imprudent conceptual bundestag predispose conversa gerontology cosmetic hornblower florentine confucianism cinch meager especial buttery irresistible myeline issuant baronial bles cosmology germinal dryden pragmatist rid oven feeble carton aircraft cit helmut maze bedbug chaplin gogh exciton antagonistic foot brandenburg concertina dynamism allemand hue bud academia incinerate attendant denuncia poor nobody psaltery gibraltar inkl chantilly cantle ibi dreamboat bubble forest cayuga cave nak confession faze chromate cookie celia futile mark manic nyquist blackburn aphasic heathkit furnish aspire cottrell landi assert faint equanimity autocollimate eyeful cloddish rectify corrigenda andy defer database filth forbore belshazzar posterity epoxy helical gossamer itinerary eighteen generou derange quadrupole adaptive hesitant eyeglas liberia cockleshell ameliorate ray hackmatack coca exotic capsule armillaria graphic bait scrotum carr denunciate semi phenol immune planetaria castor bewail gem forrest brink abstruse lard endpoint aim desperate melanoma agave aspirant inexplainable furry caper ballot foamy remu coleman furthermore chart detroit atheist foot aficionado dan indent adhere horsewomen celluloid equipp inconsequential emasculate carrageen influenza laotian butyrate ovum embedd fortitude coadjutor kendall boast confirm cushman enlargeable plateau fayetteville coltsfoot catkin lizzie saddlebag nagasaki homeopath salesmen princeton poison glitch cessna argonne protest componentry flat camber coplanar increase lipscomb ruff arrogant hamburger sault neutron scriptural beau caine secrete inferior airflow figural arlington pimp furry dodecahedron afterthought batchelder brunette expend delineament imposture earthmover abner proficient reserve bergstrom chatham drawl brigadier ida novelty brenda bunsen aesthete habitual hyperboloid pamela alacrity bought henceforth disc decry insane crime engine marksmen liquidate foursome callu damon gershwin lunchtime barbaric chalice cortege chord captaincy neglect resurgent adultery puritanic hubri perniciou cloister dairymen aerogene clockwise bondsmen eratosthene bay deciduou brickbat bigelow mouth scowl scratchy bremsstrahlung confer lineage alumnu profligacy bathtub circumstantial invariant doge albacore communicate dextrose equipoise ether energy pancho feeney impute mystery loeb modal chemist communique heavy phenomena convalescent codomain contagion incorporable benthic salty rejuvenate conglomerate cerise arithmetic cowslip foxglove bronchiole hysteresi berwick burg dow auburn ague fiddle antoine cros monday getty hutchin bedside muddle murre insurgent nude capstone indelible cattlemen felicitou compel garter remitt booby fanout camino moras muskox palette garibaldi hager dahlia fermium bori flexible icy bauble finnish dairy saxon plastic classify lengthen cre sheik chantry breezy joe may aliphatic camden gauge jamboree fletcher lola chao benthic affluent ambiguity erup elmsford bracken butte fenton fluorine irreparable healey assiduou coeditor combinator pontiff choreography fre known bonnet chorale cadre inflame larynge lear foliate harpsichord sachem airlock font downtown hundredth cohn dime consequential butyric cranberry incapacitate quod incompetent peruvian riparian epithet connoisseur farmhouse rectory general ecuador obstruent glum grotesque finger linen anonymity dapple cheese dharma domain infight prize quad circumpolar antigone garter detent singe nymph plural belshazzar peppergras duckl plenty handicraft bespeak cornstarch betrayal hate kidney intricacy darwinian caller ball methodism machine chargeable homeward rhapsody harmful bestowal frostbitten franciscan decorou faint conakry gospel arbitrate paraffin frustum frye impression determinant greenbriar oligoclase garcia guerdon bowstr busines pleistocene don premoni confidant combustible dodson rayleigh liquor exuda gigantic indent bus dealt repression bemoan copybook mundane buttres brown galactose corsage florence discoid roughen athwart godwin prodigal kafkaesque buick climb goofy denton rangy delightful heroine auditorium charybdi onrush brassy raindrop hadron narrow followeth fractiou explana carborundum corpsman marry noetherian pillory chemic bobcat prolix lineal heroin garner leninist knobby oscillate ayer elect silicon mortem astigmat cookie furlough gasify commingle corn legatee excrete pushbutton lewd gravitate hobby accusative psychose innkeeper cutlas coproduct docket egres imperate exeter auschwitz fare capsize falsehood inferior ardency accelerate argillaceou abase flycatcher christianson kraft ciceronian falsify frontier polygon indiscoverable fullerton conklin scorpion compromise horrible alkene divisible epicure plaid doll dominican curve cyanate depressor courtesan grim inclusive dreamy inviolable resort retrofitt exacerbate primordial jujube septate dorothy he coriolanu pheasant abject rich fleawort famine brasilia dun grove onu aeolian chuckwalla reel gyrate dashboard guarantee enrollee intransitive brimful godsend baldy lightproof batik hobby half hilarity convulsion esteem coachman casualty heretic gibbon done hungary milkwe flatworm compromise eurasia foote kant dustbin decision beige director idaho sisyphean mixup facilitate acceptant coniferou attendant belove bernstein causate mournful machinelike millie sanford jagg christoffel iowa adverb halfway amy dailey parasite liquid remembrance efficaciou carnival inertia affiliate propane battery barbecue inoperable asteroid homework impolitic cloakroom bose incompetent berman carey nugatory phosphoric horde good inanimate actor cake primate request keystone clyde seeth shi asparagu deviate drove leone owe scaup cleveland pigskin,6037,724,709,0.0,0.0,0,0,2,0,0.0027624309392265,2,7.088397790055248,0,0,0,0,0.4920027346335912,1,False
25161,looking for a specific medication ? let us know what you need !,"you can finally get real viagra medication that works !
the consumer ' s side of the coffin lid is never ostentatious .
the future belongs to those who dare .
he that is not open to conviction , is not qualified for discussion .",spam,2005-06-21,"looking for a specific medication ? let us know what you need ! you can finally get real viagra medication that works !
the consumer ' s side of the coffin lid is never ostentatious .
the future belongs to those who dare .
he that is not open to conviction , is not qualified for discussion .",1,looking for a specific medication ? let us know what you need ! you can finally get real viagra medication that works ! the consumer s side of the coffin lid is never ostentatious the future belongs to those who dare he that is not open to conviction is not qualified for discussion,"['look', 'specific', 'medica', 'let', 'know', 'ne', 'can', 'finally', 'get', 'real', 'viagra', 'medica', 'work', 'consumer', 'side', 'coffin', 'lid', 'never', 'ostentatiou', 'future', 'belong', 'dare', 'not', 'open', 'convic', 'not', 'qualifi', 'discussion']",look specific medica let know ne can finally get real viagra medica work consumer side coffin lid never ostentatiou future belong dare not open convic not qualifi discussion,282,28,26,0.0,0.0,2,1,1,0,0.0357142857142857,1,5.214285714285714,0,0,0,0,0.45245013309846627,1,False
1387,garrett ' s birthday pictures,"geoff ,
thanks for the pictures . looks like the kids had a great time !
i hope you don ' t mind , but i ' ve taken liberty to turn them into a web photo
album at http : / / 24 . 27 . 98 . 30 / pictures / 08 - 05 _ garrett _ gayle _ bday . if you want
to pass this web site address along to other folks , feel free .
if you want a cd copy of this web site , give me a yell .
thanks ,
ram tackett , ( mailto : rtackett @ abacustech . net )
owner , abacus technologies
17611 loring lane , spring , tx 77388 - 5746
( 281 ) 651 - 7106 ; fax ( 281 ) 528 - 8636 web : http : / / www . abacustech . net
- ram tackett ( e - mail ) . vcf",ham,2000-08-12,"garrett ' s birthday pictures geoff ,
thanks for the pictures . looks like the kids had a great time !
i hope you don ' t mind , but i ' ve taken liberty to turn them into a web photo
album at http : / / 24 . 27 . 98 . 30 / pictures / 08 - 05 _ garrett _ gayle _ bday . if you want
to pass this web site address along to other folks , feel free .
if you want a cd copy of this web site , give me a yell .
thanks ,
ram tackett , ( mailto : rtackett @ abacustech . net )
owner , abacus technologies
17611 loring lane , spring , tx 77388 - 5746
( 281 ) 651 - 7106 ; fax ( 281 ) 528 - 8636 web : http : / / www . abacustech . net
- ram tackett ( e - mail ) . vcf",0,garrett s birthday pictures geoff thanks for the pictures looks like the kids had a great time ! i hope you don t mind but i ve taken liberty to turn them into a web photo album at http pictures garrett gayle bday if you want to pass this web site address along to other folks feel free if you want a cd copy of this web site give me a yell thanks ram tackett mailto rtackett abacustech net owner abacus technologies loring lane spring tx fax web http www abacustech net ram tackett e mail vcf,"['garrett', 'birthday', 'picture', 'geoff', 'picture', 'look', 'like', 'kid', 'great', 'time', 'hope', 'don', 'mind', 'taken', 'liberty', 'turn', 'web', 'photo', 'album', 'http', 'picture', 'garrett', 'gayle', 'bday', 'want', 'pas', 'web', 'site', 'addres', 'along', 'folk', 'feel', 'free', 'want', 'copy', 'web', 'site', 'give', 'yell', 'ram', 'tackett', 'mailto', 'rtackett', 'abacustech', 'net', 'owner', 'abacu', 'technologie', 'lor', 'lane', 'spr', 'fax', 'web', 'http', 'www', 'abacustech', 'net', 'ram', 'tackett', 'vcf']",garrett birthday picture geoff picture look like kid great time hope don mind taken liberty turn web photo album http picture garrett gayle bday want pas web site addres along folk feel free want copy web site give yell ram tackett mailto rtackett abacustech net owner abacu technologie lor lane spr fax web http www abacustech net ram tackett vcf,493,60,47,0.0,0.0,1,0,1,0,0.0166666666666666,1,4.8,0,0,0,1,0.7363915027578736,0,False
2667,tenaska iv feb 2001,"we do not have a demand fee for the feb 2001 tenaska iv sale , deal 384258 .
can you please put this in so i can bill ? from your spreadsheet , it looks
like it needs to be $ 2 , 291 , 888 . 83 , but you can verify . i subtracted the
agency fee from the tenaska iv receipt number , since we already have that
booked .
megan",ham,2001-03-06,"tenaska iv feb 2001 we do not have a demand fee for the feb 2001 tenaska iv sale , deal 384258 .
can you please put this in so i can bill ? from your spreadsheet , it looks
like it needs to be $ 2 , 291 , 888 . 83 , but you can verify . i subtracted the
agency fee from the tenaska iv receipt number , since we already have that
booked .
megan",0,tenaska iv feb we do not have a demand fee for the feb tenaska iv sale deal can you please put this in so i can bill ? from your spreadsheet it looks like it needs to be but you can verify i subtracted the agency fee from the tenaska iv receipt number since we already have that booked megan,"['tenaska', 'feb', 'not', 'demand', 'fee', 'feb', 'tenaska', 'sale', 'deal', 'can', 'put', 'can', 'bill', 'spreadsheet', 'look', 'like', 'need', 'can', 'verify', 'subtract', 'agency', 'fee', 'tenaska', 'receipt', 'number', 'since', 'already', 'book', 'megan']",tenaska feb not demand fee feb tenaska sale deal can put can bill spreadsheet look like need can verify subtract agency fee tenaska receipt number since already book megan,291,29,23,0.0,0.0,0,1,1,1,0.0344827586206896,0,4.931034482758621,0,0,0,1,0.5632602733281558,0,False
6552,re : var for metals,"ted , anjam ' s and myself ' s meeting at mg in ny office on 7 / 20 / 00 was
productive .
i am working on a summary of this discussions ( 1 a version layout )
and will send it to you after consulting with anjam .
regards ,
tanya .",ham,2000-07-21,"re : var for metals ted , anjam ' s and myself ' s meeting at mg in ny office on 7 / 20 / 00 was
productive .
i am working on a summary of this discussions ( 1 a version layout )
and will send it to you after consulting with anjam .
regards ,
tanya .",0,re var for metals ted anjam s and myself s meeting at mg in ny office on was productive i am working on a summary of this discussions a version layout and will send it to you after consulting with anjam regards tanya,"['var', 'metal', 't', 'anjam', 'meet', 'office', 'productive', 'work', 'summary', 'discussion', 'version', 'layout', 'will', 'send', 'consult', 'anjam', 'tanya']",var metal t anjam meet office productive work summary discussion version layout will send consult anjam tanya,216,17,16,0.0,0.0,0,0,0,0,0.0,0,5.470588235294118,0,0,0,1,0.5583184677684931,0,False
18689,economy is finally getting better,"hi , i am just doing a follow - up email concerning the
conversation you had last week with jesus regarding your mortgage . as
they mentioned over the
phone , we have several firms interested in working with you to get you
the bst rte for your mortgage . the process is simple . simply
submit your information , which we then send to several competing firms .
thereafter , they will respond back to you with the best possible rate available
in the market . they can have you approved in several hours no matter what your
credit score . this means that you can get approved even with bad cr?dit !
to initiate the
process , you can
apply here
if i can be of any
further assistance , please let me know ,
thank you once
again for your
time .
best
regards , marina bradshawsenior loan officer
_ word . lenient , freeport
hickman , clairvoyant . calcify . conjugacy , guzzle free , back
. astute . avuncular , factory irrelevancy , deploy . cannon . gibe 9
, hay 9 josephson , jeremiah . masculine . anguish , imprimatur
bled , complainant . ancestral . betrayer , careful drama , procyon
. appleby . fractionate , antietam monadic , road . calvin . dowager
, astm copra , begun . climatology . revise , obstinate rotunda
, calcutta . bromide . sheik , dredge despondent , lobo . haiku
. buzzing , pareto 7 cyclops , governor . maldistribute . bulwark
, keddah frazier , irremovable . aboard . erroneous , peck arab
, parakeet . recline . coralline , fusible graywacke , admiration . mendelevium
. pad , ashmen couple , ideologue . crappie . float , diffuse
christen , ellis . barfly . adoptive , hannah reversal , pitchstone
. counselor . compartment , corpsman genevieve , mutant . browne . angola
, gu hoarfrost , silkworm . prune . inoffensive , incompatible eratosthenes
, iowa . ban . hysteresis , polyphemus henceforth , duly . ezra
. floridian , igneous gully , determine . excisable . embellish , augur
denigrate , decompose . languish . sian , bread breach , motorola
. selectric . marlin , conestoga gerber , reserpine . horseflesh . cocaine
, alma
",spam,2004-04-13,"economy is finally getting better hi , i am just doing a follow - up email concerning the
conversation you had last week with jesus regarding your mortgage . as
they mentioned over the
phone , we have several firms interested in working with you to get you
the bst rte for your mortgage . the process is simple . simply
submit your information , which we then send to several competing firms .
thereafter , they will respond back to you with the best possible rate available
in the market . they can have you approved in several hours no matter what your
credit score . this means that you can get approved even with bad cr?dit !
to initiate the
process , you can
apply here
if i can be of any
further assistance , please let me know ,
thank you once
again for your
time .
best
regards , marina bradshawsenior loan officer
_ word . lenient , freeport
hickman , clairvoyant . calcify . conjugacy , guzzle free , back
. astute . avuncular , factory irrelevancy , deploy . cannon . gibe 9
, hay 9 josephson , jeremiah . masculine . anguish , imprimatur
bled , complainant . ancestral . betrayer , careful drama , procyon
. appleby . fractionate , antietam monadic , road . calvin . dowager
, astm copra , begun . climatology . revise , obstinate rotunda
, calcutta . bromide . sheik , dredge despondent , lobo . haiku
. buzzing , pareto 7 cyclops , governor . maldistribute . bulwark
, keddah frazier , irremovable . aboard . erroneous , peck arab
, parakeet . recline . coralline , fusible graywacke , admiration . mendelevium
. pad , ashmen couple , ideologue . crappie . float , diffuse
christen , ellis . barfly . adoptive , hannah reversal , pitchstone
. counselor . compartment , corpsman genevieve , mutant . browne . angola
, gu hoarfrost , silkworm . prune . inoffensive , incompatible eratosthenes
, iowa . ban . hysteresis , polyphemus henceforth , duly . ezra
. floridian , igneous gully , determine . excisable . embellish , augur
denigrate , decompose . languish . sian , bread breach , motorola
. selectric . marlin , conestoga gerber , reserpine . horseflesh . cocaine
, alma
",1,economy is finally getting better hi i am just doing a follow up email concerning the conversation you had last week with jesus regarding your mortgage as they mentioned over the phone we have several firms interested in working with you to get you the bst rte for your mortgage the process is simple simply submit your information which we then send to several competing firms thereafter they will respond back to you with the best possible rate available in the market they can have you approved in several hours no matter what your credit score this means that you can get approved even with bad cr?dit ! to initiate the process you can apply here if i can be of any further assistance please let me know thank you once again for your time best regards marina bradshawsenior loan officer word lenient freeport hickman clairvoyant calcify conjugacy guzzle free back astute avuncular factory irrelevancy deploy cannon gibe hay josephson jeremiah masculine anguish imprimatur bled complainant ancestral betrayer careful drama procyon appleby fractionate antietam monadic road calvin dowager astm copra begun climatology revise obstinate rotunda calcutta bromide sheik dredge despondent lobo haiku buzzing pareto cyclops governor maldistribute bulwark keddah frazier irremovable aboard erroneous peck arab parakeet recline coralline fusible graywacke admiration mendelevium pad ashmen couple ideologue crappie float diffuse christen ellis barfly adoptive hannah reversal pitchstone counselor compartment corpsman genevieve mutant browne angola gu hoarfrost silkworm prune inoffensive incompatible eratosthenes iowa ban hysteresis polyphemus henceforth duly ezra floridian igneous gully determine excisable embellish augur denigrate decompose languish sian bread breach motorola selectric marlin conestoga gerber reserpine horseflesh cocaine alma,"['economy', 'finally', 'gett', 'better', 'just', 'follow', 'concern', 'conversa', 'last', 'week', 'jesu', 'regard', 'mortgage', 'mention', 'phone', 'several', 'firm', 'interest', 'work', 'get', 'bst', 'rte', 'mortgage', 'proces', 'simple', 'simply', 'submit', 'informa', 'send', 'several', 'compet', 'firm', 'thereafter', 'will', 'respond', 'back', 'best', 'possible', 'rate', 'available', 'market', 'can', 'approv', 'several', 'hour', 'matter', 'credit', 'score', 'mean', 'can', 'get', 'approv', 'even', 'bad', 'cr?dit', 'initiate', 'proces', 'can', 'apply', 'can', 'assistance', 'let', 'know', 'time', 'best', 'marina', 'bradshawsenior', 'loan', 'officer', 'word', 'lenient', 'freeport', 'hickman', 'clairvoyant', 'calcify', 'conjugacy', 'guzzle', 'free', 'back', 'astute', 'avuncular', 'factory', 'irrelevancy', 'deploy', 'cannon', 'gibe', 'hay', 'josephson', 'jeremiah', 'masculine', 'anguish', 'imprimatur', 'bl', 'complainant', 'ancestral', 'betrayer', 'careful', 'drama', 'procyon', 'appleby', 'fractionate', 'antietam', 'monadic', 'road', 'calvin', 'dowager', 'astm', 'copra', 'begun', 'climatology', 'revise', 'obstinate', 'rotunda', 'calcutta', 'bromide', 'sheik', 'dredge', 'despondent', 'lobo', 'haiku', 'buzz', 'pareto', 'cyclop', 'governor', 'maldistribute', 'bulwark', 'keddah', 'frazier', 'irremovable', 'aboard', 'erroneou', 'peck', 'arab', 'parakeet', 'recline', 'coralline', 'fusible', 'graywacke', 'admira', 'mendelevium', 'pad', 'ashmen', 'couple', 'ideologue', 'crappie', 'float', 'diffuse', 'christen', 'elli', 'barfly', 'adoptive', 'hannah', 'reversal', 'pitchstone', 'counselor', 'compartment', 'corpsman', 'genevieve', 'mutant', 'browne', 'angola', 'hoarfrost', 'silkworm', 'prune', 'inoffensive', 'incompatible', 'eratosthene', 'iowa', 'ban', 'hysteresi', 'polyphemu', 'henceforth', 'duly', 'ezra', 'floridian', 'igneou', 'gully', 'determine', 'excisable', 'embellish', 'augur', 'denigrate', 'decompose', 'languish', 'sian', 'bread', 'breach', 'motorola', 'selectric', 'marlin', 'conestoga', 'gerber', 'reserpine', 'horseflesh', 'cocaine', 'alma']",economy finally gett better just follow concern conversa last week jesu regard mortgage mention phone several firm interest work get bst rte mortgage proces simple simply submit informa send several compet firm thereafter will respond back best possible rate available market can approv several hour matter credit score mean can get approv even bad cr?dit initiate proces can apply can assistance let know time best marina bradshawsenior loan officer word lenient freeport hickman clairvoyant calcify conjugacy guzzle free back astute avuncular factory irrelevancy deploy cannon gibe hay josephson jeremiah masculine anguish imprimatur bl complainant ancestral betrayer careful drama procyon appleby fractionate antietam monadic road calvin dowager astm copra begun climatology revise obstinate rotunda calcutta bromide sheik dredge despondent lobo haiku buzz pareto cyclop governor maldistribute bulwark keddah frazier irremovable aboard erroneou peck arab parakeet recline coralline fusible graywacke admira mendelevium pad ashmen couple ideologue crappie float diffuse christen elli barfly adoptive hannah reversal pitchstone counselor compartment corpsman genevieve mutant browne angola hoarfrost silkworm prune inoffensive incompatible eratosthene iowa ban hysteresi polyphemu henceforth duly ezra floridian igneou gully determine excisable embellish augur denigrate decompose languish sian bread breach motorola selectric marlin conestoga gerber reserpine horseflesh cocaine alma,1844,196,184,0.0,0.0,1,1,5,0,0.0255102040816326,5,6.581632653061225,0,0,0,0,0.42747505546015696,1,False
5201,new website for an exciting conference,"applications of physics in financial analysis 2
liege , belgium
13 to 15 july 2000
the website for this conference is now available at
www . eps . org / apfa
for further details on all eps conferences contact : christine bastian ,
conferences , european physical society , 34 rue marc seguin , bp 2136 , f - 68060
mulhouse cedex , france
tel + 33 389 32 94 42 fax + 33 389 32 94 49
email eps . conf @ univ - mulhouse . fr
this conference is a europhysics conference . it is organised by the european
physical society and its division of statistical and non - linear physics .
- attl . htm",ham,1999-12-17,"new website for an exciting conference applications of physics in financial analysis 2
liege , belgium
13 to 15 july 2000
the website for this conference is now available at
www . eps . org / apfa
for further details on all eps conferences contact : christine bastian ,
conferences , european physical society , 34 rue marc seguin , bp 2136 , f - 68060
mulhouse cedex , france
tel + 33 389 32 94 42 fax + 33 389 32 94 49
email eps . conf @ univ - mulhouse . fr
this conference is a europhysics conference . it is organised by the european
physical society and its division of statistical and non - linear physics .
- attl . htm",0,new website for an exciting conference applications of physics in financial analysis liege belgium to july the website for this conference is now available at www eps org apfa for further details on all eps conferences contact christine bastian conferences european physical society rue marc seguin bp f mulhouse cedex france tel fax email eps conf univ mulhouse fr this conference is a europhysics conference it is organised by the european physical society and its division of statistical and non linear physics attl htm,"['new', 'website', 'excit', 'conference', 'application', 'physic', 'financial', 'analysi', 'liege', 'belgium', 'july', 'website', 'conference', 'now', 'available', 'www', 'eps', 'org', 'apfa', 'detail', 'eps', 'conference', 'contact', 'christine', 'bastian', 'conference', 'european', 'physical', 'society', 'rue', 'marc', 'seguin', 'mulhouse', 'cedex', 'france', 'tel', 'fax', 'eps', 'conf', 'univ', 'mulhouse', 'conference', 'europhysic', 'conference', 'organis', 'european', 'physical', 'society', 'division', 'statistical', 'non', 'linear', 'physic', 'attl', 'htm']",new website excit conference application physic financial analysi liege belgium july website conference now available www eps org apfa detail eps conference contact christine bastian conference european physical society rue marc seguin mulhouse cedex france tel fax eps conf univ mulhouse conference europhysic conference organis european physical society division statistical non linear physic attl htm,522,55,42,0.0,0.0,0,0,0,6,0.0,-6,6.345454545454546,0,0,0,1,0.5652492105799853,0,False
3391,print again,"thanks love you
- kim 2 . txt",ham,2001-07-18,"print again thanks love you
- kim 2 . txt",0,print again thanks love you kim txt,"['print', 'love', 'kim', 'txt']",print love kim txt,35,4,4,0.0,0.0,0,0,0,0,0.0,0,3.75,0,0,0,1,0.6778529106251955,0,False
2136,sitara / cpr availability,"to all sitara users :
the sitara system will be brought down on a nightly basis between 12 : 01 am -
4 : 00 am central time for nightly processing .
the system will be available in the morning after that time , with positions
primed by 5 : 30 am .
cpr will be available during these times .
please call the sitara hotline ( ( 713 ) 853 - 7049 ) if you have any questions or
concerns .",ham,2000-11-30,"sitara / cpr availability to all sitara users :
the sitara system will be brought down on a nightly basis between 12 : 01 am -
4 : 00 am central time for nightly processing .
the system will be available in the morning after that time , with positions
primed by 5 : 30 am .
cpr will be available during these times .
please call the sitara hotline ( ( 713 ) 853 - 7049 ) if you have any questions or
concerns .",0,sitara cpr availability to all sitara users the sitara system will be brought down on a nightly basis between am am central time for nightly processing the system will be available in the morning after that time with positions primed by am cpr will be available during these times please call the sitara hotline if you have any questions or concerns,"['sitara', 'cpr', 'availability', 'sitara', 'user', 'sitara', 'system', 'will', 'brought', 'nightly', 'basi', 'central', 'time', 'nightly', 'process', 'system', 'will', 'available', 'morn', 'time', 'position', 'prim', 'cpr', 'will', 'available', 'time', 'call', 'sitara', 'hotline', 'question', 'concern']",sitara cpr availability sitara user sitara system will brought nightly basi central time nightly process system will available morn time position prim cpr will available time call sitara hotline question concern,349,31,20,0.0,0.0,0,0,0,0,0.0,0,5.838709677419355,0,0,0,1,0.5347667816656674,0,False
13996,"energy & power risk management , shockwaves in the oil market","please click on the link below to view the above article .
16 - nov - 2001 shockwaves in the oil market energy & power risk management 108393",ham,2001-11-16,"energy & power risk management , shockwaves in the oil market please click on the link below to view the above article .
16 - nov - 2001 shockwaves in the oil market energy & power risk management 108393",0,energy power risk management shockwaves in the oil market please click on the link below to view the above article nov shockwaves in the oil market energy power risk management,"['energy', 'power', 'risk', 'management', 'shockwave', 'oil', 'market', 'click', 'link', 'view', 'article', 'nov', 'shockwave', 'oil', 'market', 'energy', 'power', 'risk', 'management']",energy power risk management shockwave oil market click link view article nov shockwave oil market energy power risk management,176,19,12,0.0,0.0,0,0,2,0,0.1052631578947368,2,5.7368421052631575,0,0,0,1,0.5091424898244088,0,False
2143,fw : fw : fw : dance off to select the next president,"? - - - - - original message - - - - -
from : ? cindy rogers [ mailto : cindyrl 119 @ hotmail . com ]
sent : ? ? wednesday , november 29 , 2000 3 : 26 pm
to : ? ? ? ? vbergl @ jcpenney . com ; sdmotsy @ aol . com ; kimscott 88 @ hotmail . com
cc : ? ? ? ? patti 2 hot @ yahoo . com ; vlotspeich @ texoma . net ;
witchproctor 2000 @ yahoo . com
subject : ? ? ? ? ? ? ? fwd : fw : fw : dance off to select the next president
>
- danceoff . exe",ham,2000-12-01,"fw : fw : fw : dance off to select the next president ? - - - - - original message - - - - -
from : ? cindy rogers [ mailto : cindyrl 119 @ hotmail . com ]
sent : ? ? wednesday , november 29 , 2000 3 : 26 pm
to : ? ? ? ? vbergl @ jcpenney . com ; sdmotsy @ aol . com ; kimscott 88 @ hotmail . com
cc : ? ? ? ? patti 2 hot @ yahoo . com ; vlotspeich @ texoma . net ;
witchproctor 2000 @ yahoo . com
subject : ? ? ? ? ? ? ? fwd : fw : fw : dance off to select the next president
>
- danceoff . exe",0,fw fw fw dance off to select the next president ? original message from ? cindy rogers mailto cindyrl hotmail com sent ? ? wednesday november pm to ? ? ? ? vbergl jcpenney com sdmotsy aol com kimscott hotmail com cc ? ? ? ? patti hot yahoo com vlotspeich texoma net witchproctor yahoo com subject ? ? ? ? ? ? ? fwd fw fw dance off to select the next president danceoff exe,"['dance', 'off', 'select', 'next', 'president', 'original', 'cindy', 'roger', 'mailto', 'cindyrl', 'hotmail', 'com', 'wednesday', 'november', 'vbergl', 'jcpenney', 'com', 'sdmotsy', 'aol', 'com', 'kimscott', 'hotmail', 'com', 'patti', 'hot', 'yahoo', 'com', 'vlotspeich', 'texoma', 'net', 'witchproctor', 'yahoo', 'com', 'dance', 'off', 'select', 'next', 'president', 'danceoff', 'exe']",dance off select next president original cindy roger mailto cindyrl hotmail com wednesday november vbergl jcpenney com sdmotsy aol com kimscott hotmail com patti hot yahoo com vlotspeich texoma net witchproctor yahoo com dance off select next president danceoff exe,372,40,28,0.0,0.0,0,19,0,0,0.0,0,5.65,0,0,0,1,0.5218846616735311,0,False
23677,anniversary,"sally - a new idea popped into my head - i don ' t know if it makes things
easier - or if everyone would like the idea , but here goes :
what if we gathered , as a whole family , for a couple of days , somewhere easy
- in texas - like the hill country hyatt , or somehwere in galveston , or the
yo ranch or somewhere . we might spend one night or two - plan something
fun for the kids , get a big suite where the adults could toast mom and dad
with champagne and appetizers - spend time playing games , whatever - just go
somewhere easy - and just spend a day or two .
then , at that event , we could give mom and dad a gift certificate for a more
special ( and far - away ) trip for them - like a four - day weekend in san
francisco - or somewhere they ' d really like to go .
this would eliminate travel hassles for all of the families involved - but
provide us all an opporunity ( albeit condensed ) to get together - and mom
and dad would still get to go someplace fun . maybe we could "" chip in ""
varying amounts to mom and dad ' s trip so that cindy and richard could afford
it .
thoughts ? - cara
cara white
community development coordinator
usta texas section
1 - 888 - 883 - 6388
cwhite @ texas . usta . com",ham,2001-01-10,"anniversary sally - a new idea popped into my head - i don ' t know if it makes things
easier - or if everyone would like the idea , but here goes :
what if we gathered , as a whole family , for a couple of days , somewhere easy
- in texas - like the hill country hyatt , or somehwere in galveston , or the
yo ranch or somewhere . we might spend one night or two - plan something
fun for the kids , get a big suite where the adults could toast mom and dad
with champagne and appetizers - spend time playing games , whatever - just go
somewhere easy - and just spend a day or two .
then , at that event , we could give mom and dad a gift certificate for a more
special ( and far - away ) trip for them - like a four - day weekend in san
francisco - or somewhere they ' d really like to go .
this would eliminate travel hassles for all of the families involved - but
provide us all an opporunity ( albeit condensed ) to get together - and mom
and dad would still get to go someplace fun . maybe we could "" chip in ""
varying amounts to mom and dad ' s trip so that cindy and richard could afford
it .
thoughts ? - cara
cara white
community development coordinator
usta texas section
1 - 888 - 883 - 6388
cwhite @ texas . usta . com",0,anniversary sally a new idea popped into my head i don t know if it makes things easier or if everyone would like the idea but here goes what if we gathered as a whole family for a couple of days somewhere easy in texas like the hill country hyatt or somehwere in galveston or the yo ranch or somewhere we might spend one night or two plan something fun for the kids get a big suite where the adults could toast mom and dad with champagne and appetizers spend time playing games whatever just go somewhere easy and just spend a day or two then at that event we could give mom and dad a gift certificate for a more special and far away trip for them like a four day weekend in san francisco or somewhere they d really like to go this would eliminate travel hassles for all of the families involved but provide us all an opporunity albeit condensed to get together and mom and dad would still get to go someplace fun maybe we could chip in varying amounts to mom and dad s trip so that cindy and richard could afford it thoughts ? cara cara white community development coordinator usta texas section cwhite texas usta com,"['anniversary', 'sally', 'new', 'idea', 'popp', 'head', 'don', 'know', 'make', 'thing', 'easier', 'everyone', 'like', 'idea', 'goe', 'gather', 'whole', 'family', 'couple', 'day', 'somewhere', 'easy', 'texa', 'like', 'hill', 'country', 'hyatt', 'somehwere', 'galveston', 'ranch', 'somewhere', 'might', 'spend', 'one', 'night', 'two', 'plan', 'someth', 'fun', 'kid', 'get', 'big', 'suite', 'adult', 'toast', 'mom', 'dad', 'champagne', 'appetizer', 'spend', 'time', 'play', 'game', 'whatever', 'just', 'somewhere', 'easy', 'just', 'spend', 'day', 'two', 'event', 'give', 'mom', 'dad', 'gift', 'certificate', 'special', 'far', 'away', 'trip', 'like', 'four', 'day', 'weekend', 'san', 'francisco', 'somewhere', 'really', 'like', 'eliminate', 'travel', 'hassle', 'familie', 'involv', 'provide', 'opporunity', 'albeit', 'condens', 'get', 'together', 'mom', 'dad', 'still', 'get', 'someplace', 'fun', 'maybe', 'chip', 'vary', 'amount', 'mom', 'dad', 'trip', 'cindy', 'richard', 'afford', 'thought', 'cara', 'cara', 'white', 'community', 'development', 'coordinator', 'usta', 'texa', 'sec', 'cwhite', 'texa', 'usta', 'com']",anniversary sally new idea popp head don know make thing easier everyone like idea goe gather whole family couple day somewhere easy texa like hill country hyatt somehwere galveston ranch somewhere might spend one night two plan someth fun kid get big suite adult toast mom dad champagne appetizer spend time play game whatever just somewhere easy just spend day two event give mom dad gift certificate special far away trip like four day weekend san francisco somewhere really like eliminate travel hassle familie involv provide opporunity albeit condens get together mom dad still get someplace fun maybe chip vary amount mom dad trip cindy richard afford thought cara cara white community development coordinator usta texa sec cwhite texa usta com,1119,121,93,0.0,0.0,0,1,0,0,0.0,0,5.206611570247934,0,0,0,1,0.5221978374267,0,False
6848,sas online tutorial,"hi -
we have access to the sas online tutorial for the next 30 days . point your
browser to
and use the username "" enron "" and password "" enron "" to enter .
the way this product works is designed for a single user ( it sets a "" cookie ""
allowing you to "" resume "" your place in the tutorial when you re - enter . )
since several of us may use it , we ' ll need to work around this , each of us
remembering where we were before and recreating any sample data sets , etc
necessary for the lesson in progress .
clayton
ps the module eis / olap will be a part of our installation next month , but is
not currently available
pps please remember to use your local browser to browse the sas online
documentation . invoking a browser on the unix server is inefficient .",ham,2000-08-21,"sas online tutorial hi -
we have access to the sas online tutorial for the next 30 days . point your
browser to
and use the username "" enron "" and password "" enron "" to enter .
the way this product works is designed for a single user ( it sets a "" cookie ""
allowing you to "" resume "" your place in the tutorial when you re - enter . )
since several of us may use it , we ' ll need to work around this , each of us
remembering where we were before and recreating any sample data sets , etc
necessary for the lesson in progress .
clayton
ps the module eis / olap will be a part of our installation next month , but is
not currently available
pps please remember to use your local browser to browse the sas online
documentation . invoking a browser on the unix server is inefficient .",0,sas online tutorial hi we have access to the sas online tutorial for the next days point your browser to and use the username enron and password enron to enter the way this product works is designed for a single user it sets a cookie allowing you to resume your place in the tutorial when you re enter since several of us may use it we ll need to work around this each of us remembering where we were before and recreating any sample data sets etc necessary for the lesson in progress clayton ps the module eis olap will be a part of our installation next month but is not currently available pps please remember to use your local browser to browse the sas online documentation invoking a browser on the unix server is inefficient,"['sas', 'online', 'tutorial', 'acces', 'sas', 'online', 'tutorial', 'next', 'day', 'point', 'browser', 'use', 'username', 'enron', 'password', 'enron', 'enter', 'way', 'product', 'work', 'design', 'single', 'user', 'set', 'cookie', 'allow', 'resume', 'place', 'tutorial', 'enter', 'since', 'several', 'may', 'use', 'ne', 'work', 'around', 'remember', 'recreat', 'sample', 'data', 'set', 'etc', 'necessary', 'lesson', 'progres', 'clayton', 'module', 'eis', 'olap', 'will', 'part', 'installa', 'next', 'month', 'not', 'currently', 'available', 'pps', 'remember', 'use', 'local', 'browser', 'browse', 'sas', 'online', 'documenta', 'invok', 'browser', 'unix', 'server', 'inefficient']",sas online tutorial acces sas online tutorial next day point browser use username enron password enron enter way product work design single user set cookie allow resume place tutorial enter since several may use ne work around remember recreat sample data set etc necessary lesson progres clayton module eis olap will part installa next month not currently available pps remember use local browser browse sas online documenta invok browser unix server inefficient,730,72,56,0.0,0.0,0,0,1,0,0.0138888888888888,1,5.444444444444445,0,0,0,1,0.5194427854925436,0,False
8428,re : programming for rdi model,"michelle ,
the project is progressing . helen has done a great job , finding various flaws
in the initial design ( ken ' s design ) of the access table , and has been going
back
and forth with ken to modify the table . since helen can ' t devote full time to
this project ,
chris has hired a contractor , cecil stradford , to do the coding . i have
spoken with
cecil just now and he says no coding has been done yet . i am trying to
arrange
a meeting today with cecil , helen , christin ( the one who ' s overseeing coding
process in cecil ' s company ) and myself . will report back to you on what
is discussed in the meeting .
best ,
alex",ham,2001-01-31,"re : programming for rdi model michelle ,
the project is progressing . helen has done a great job , finding various flaws
in the initial design ( ken ' s design ) of the access table , and has been going
back
and forth with ken to modify the table . since helen can ' t devote full time to
this project ,
chris has hired a contractor , cecil stradford , to do the coding . i have
spoken with
cecil just now and he says no coding has been done yet . i am trying to
arrange
a meeting today with cecil , helen , christin ( the one who ' s overseeing coding
process in cecil ' s company ) and myself . will report back to you on what
is discussed in the meeting .
best ,
alex",0,re programming for rdi model michelle the project is progressing helen has done a great job finding various flaws in the initial design ken s design of the access table and has been going back and forth with ken to modify the table since helen can t devote full time to this project chris has hired a contractor cecil stradford to do the coding i have spoken with cecil just now and he says no coding has been done yet i am trying to arrange a meeting today with cecil helen christin the one who s overseeing coding process in cecil s company and myself will report back to you on what is discussed in the meeting best alex,"['programm', 'rdi', 'model', 'michelle', 'project', 'progress', 'helen', 'done', 'great', 'job', 'find', 'variou', 'flaw', 'initial', 'design', 'ken', 'design', 'acces', 'table', 'go', 'back', 'forth', 'ken', 'modify', 'table', 'since', 'helen', 'can', 'devote', 'full', 'time', 'project', 'chri', 'hir', 'contractor', 'cecil', 'stradford', 'cod', 'spoken', 'cecil', 'just', 'now', 'say', 'cod', 'done', 'yet', 'try', 'arrange', 'meet', 'today', 'cecil', 'helen', 'christin', 'one', 'oversee', 'cod', 'proces', 'cecil', 'company', 'will', 'report', 'back', 'discuss', 'meet', 'best', 'alex']",programm rdi model michelle project progress helen done great job find variou flaw initial design ken design acces table go back forth ken modify table since helen can devote full time project chri hir contractor cecil stradford cod spoken cecil just now say cod done yet try arrange meet today cecil helen christin one oversee cod proces cecil company will report back discuss meet best alex,623,66,52,0.0,0.0,0,0,0,3,0.0,-3,4.954545454545454,0,0,0,1,0.5659616780840435,0,False
22580,helsinki,"here is the abridged draft of the document for the presentation to joe sutton .
the ' expected loss ' calculation in the previous version was intended to show
the outcome if we assume some recovery of amounts owing from vneshtopprom ,
but until we re - engage in the negotiation we can only speculate as to what
this may be . hence , we have restricted the analysis to the maximum exposure .
please e - mail kevin sweeney and me with any comments / amendments .
fernley",ham,2000-01-31,"helsinki here is the abridged draft of the document for the presentation to joe sutton .
the ' expected loss ' calculation in the previous version was intended to show
the outcome if we assume some recovery of amounts owing from vneshtopprom ,
but until we re - engage in the negotiation we can only speculate as to what
this may be . hence , we have restricted the analysis to the maximum exposure .
please e - mail kevin sweeney and me with any comments / amendments .
fernley",0,helsinki here is the abridged draft of the document for the presentation to joe sutton the expected loss calculation in the previous version was intended to show the outcome if we assume some recovery of amounts owing from vneshtopprom but until we re engage in the negotiation we can only speculate as to what this may be hence we have restricted the analysis to the maximum exposure please e mail kevin sweeney and me with any comments amendments fernley,"['helsinki', 'abridg', 'draft', 'document', 'presenta', 'joe', 'sutton', 'expect', 'los', 'calcula', 'previou', 'version', 'intend', 'show', 'outcome', 'assume', 'recovery', 'amount', 'ow', 'vneshtopprom', 'engage', 'negotia', 'can', 'speculate', 'may', 'hence', 'restrict', 'analysi', 'maximum', 'exposure', 'kevin', 'sweeney', 'comment', 'amendment', 'fernley']",helsinki abridg draft document presenta joe sutton expect los calcula previou version intend show outcome assume recovery amount ow vneshtopprom engage negotia can speculate may hence restrict analysi maximum exposure kevin sweeney comment amendment fernley,456,35,35,0.0,0.0,0,0,0,1,0.0,-1,6.371428571428571,0,0,0,1,0.5755213737996159,0,False
1929,re : coastal ctr # 96008903 meter 0984179 sit # 135714,"mjg assigned the meter to coastal eff . march 2000 . after finally executing
the assignment in mid august , coastal then sent a termination letter eff
9 / 01 / 2000 .",ham,2000-10-27,"re : coastal ctr # 96008903 meter 0984179 sit # 135714 mjg assigned the meter to coastal eff . march 2000 . after finally executing
the assignment in mid august , coastal then sent a termination letter eff
9 / 01 / 2000 .",0,re coastal ctr meter sit mjg assigned the meter to coastal eff march after finally executing the assignment in mid august coastal then sent a termination letter eff,"['coastal', 'ctr', 'meter', 'sit', 'mjg', 'assign', 'meter', 'coastal', 'eff', 'march', 'finally', 'execut', 'assignment', 'mid', 'august', 'coastal', 'termina', 'letter', 'eff']",coastal ctr meter sit mjg assign meter coastal eff march finally execut assignment mid august coastal termina letter eff,164,19,15,0.0,0.0,0,0,0,0,0.0,0,5.368421052631579,0,0,0,1,0.576277793054997,0,False
2479,weekly fan fares,"delta fan fares for february 3 - february 6 , 2001
hello mr farmer !
welcome to this week ' s version of delta fan fares . for the uninitiated , it ' s
an incredible e - mail program for delta customers who want to get away from it
all and enjoy events and activities in cities across the country .
before you start packing , remember that you ' ll need your skymiles number ,
2341930101 , to take advantage of this exclusive online offer . these fares
are for round - trip travel with a saturday departure and a return on either
monday or tuesday .
from this week ' s list , find a trip that you can ' t afford to miss . then follow
this link to purchase your delta ticket online :
professional basketball
purchase a fan fare and support your favorite basketball team on the road
this coming weekend .
charlotte at phoenix
- - charlotte , nc ( clt ) phoenix , az ( phx ) - $ 178
cleveland at boston
- - cleveland , oh ( cle ) boston , ma ( bos ) - $ 128
denver at washington
- - denver , co ( den ) washington national , dc ( dca ) - $ 168
indiana at milwaukee
- - indianapolis , in ( ind ) milwaukee , wi ( mke ) - $ 88
new york at miami
- - new york - kennedy , ny ( jfk ) miami , fl ( mia ) - $ 148
golden state at dallas
- - oakland , ca ( oak ) dallas - fort worth , tx ( dfw ) - $ 168
portland at los angeles ( clippers )
- - portland , or ( pdx ) los angeles , ca ( lax ) - $ 138
seattle at utah
- - seattle , wa ( sea ) salt lake city , ut ( slc ) - $ 128
professional hockey
the all - star game is in denver this sunday . come see the league ' s best
players heat up the ice .
- - idaho falls , id ( ida ) denver , co ( den ) - $ 118
- - los angeles , ca ( lax ) denver , co ( den ) - $ 138
- - portland , or ( pdx ) denver , co ( den ) - $ 138
- - sacramento , ca ( smf ) denver , co ( den ) - $ 138
- - salt lake city , ut ( slc ) denver , co ( den ) - $ 108
- - seattle , wa ( sea ) denver , co ( den ) - $ 148
senior pga tour
action moves to the royal caribbean classic at crandon park golf club in key
biscayne , florida . enjoy some golf while spending the weekend in the south
florida sun .
- - new york - kennedy , ny ( jfk ) miami , fl ( mia ) - $ 148
- - tallahassee , fl ( tlh ) miami , fl ( mia ) - $ 118
arts and entertainment
fan fares gives you the chance to spend some time in a city you might not
otherwise visit . this weekend , enjoy yourself in milwaukee .
travel to milwaukee
a friendly city with a decidedly sophisticated air , this midwestern gem
offers plenty of art and cultural events , nightlife , and beautiful lakeside
parks . and there ' s plenty to do indoors in milwaukee , so don ' t let the
february weather keep you away .
in addition to the professional basketball action on saturday night ( indiana
comes to town to play milwaukee ) , here ' s a few other ideas to get your
planning started .
the haggerty museum of art
located on the western end of downtown on the marquette university campus ,
the museum ' s collection includes works by dali , chagall and man ray . you ' ll
also find an impressive collection of sculpture and contemporary glass .
the milwaukee public museum
this museum of human and natural history is one of the nation ' s best and
often sets the standard for similar institutions . everyone in the family will
enjoy the engaging exhibits . you ' ll find 150 , 000 square feet of exhibit
space , through which you ' ll be able to visit all of the world ' s continents .
find the museum and the humphrey imax dome theater at 800 west wells street .
- - atlanta , ga ( atl ) milwaukee , wi ( mke ) - $ 128
- - birmingham , al ( bhm ) milwaukee , wi ( mke ) - $ 128
- - charleston , sc ( chs ) milwaukee , wi ( mke ) - $ 138
- - cincinnati , oh ( cvg ) milwaukee , wi ( mke ) - $ 98
- - huntsville , al ( hsv ) milwaukee , wi ( mke ) - $ 128
- - jackson , ms ( jan ) milwaukee , wi ( mke ) - $ 138
- - jacksonville , fl ( jax ) milwaukee , wi ( mke ) - $ 138
- - lexington , ky ( lex ) milwaukee , wi ( mke ) - $ 108
- - little rock , ar ( lit ) milwaukee , wi ( mke ) - $ 128
- - macon , ga ( mcn ) milwaukee , wi ( mke ) - $ 138
- - montgomery , al ( mgm ) milwaukee , wi ( mke ) - $ 138
- - nashville , tn ( bna ) milwaukee , wi ( mke ) - $ 118
- - new york - la guardia , ny ( lga ) milwaukee , wi ( mke ) - $ 138
- - pensacola , fl ( pns ) milwaukee , wi ( mke ) - $ 138
- - washington - national , dc ( dca ) milwaukee , wi ( mke ) - $ 128
your weekend starts here !
want to take advantage of any of these great delta fan fares ? click below !
delta reservations
to make delta reservations from delta ' s home page , visit :
fares do not include a $ 2 . 75 federal excise tax which will be imposed on each
flight segment of your itinerary . a flight segment is defined as a takeoff
and a landing .
service : some services may be provided by the delta connection carriers :
atlantic coast jet , atlantic southeast airlines , comair and skywest .
terms and conditions
restrictions : seats are limited and fares may not be available on all days or
all flights .
purchase requirements : fares must be purchased via delta ' s web site
( delta . com ) only .
ticketing period : tickets must be purchased by 02 / 03 / 01 .
travel period : outbound travel is permitted on saturday 02 / 03 / 01 only .
inbound travel is permitted on monday 02 / 05 / 01 or tuesday 02 / 06 / 01 only .
blackout dates : none .
minimum / maximum stay : minimum stay : saturday night . maximum stay : 3 days .
fare validity : fares are valid in the economy ( coach ) cabin on delta / delta
connection / delta express . all fares are round trip .
changes / upgrades / standby : all fares are nonrefundable . changes - prior to
departure : value of fare may be applied to any applicable published delta
fare less a $ 75 service charge . after departure : no changes are permitted .
special offers issued on delta ' s web site may not be applied to other web
fares on delta . com . credit vouchers cannot be used for payment for tickets
purchased on delta . com . same day standby is allowed .
taxes / fees : fares do not include government imposed transportation taxes and
other applicable fees , including segment fees ( $ 2 . 75 per segment ) , and
passenger facility charge ( s ) of up to $ 18 . these fees are the responsibility
of the passenger and must be paid at the time of ticketing .
miscellaneous : fares are subject to change without notice . other restrictions
may apply .
subscribe / unsubscribe
you have received this e - mail because your e - mail preferences indicate you
would like to receive delta fan fares information . to modify your e - mail
options , or unsubscribe from this service , please visit the following link
and enter your skymiles account number and pin . you will then be able to
update your preferences in our e - mail programs section .
copyright information
this e - mail message and its contents are copyrighted and are
proprietary products of delta air lines , inc . any unauthorized
use , reproduction , or transfer of this message or its contents ,
in any medium , is strictly prohibited .
this is a post only e - mail . please do not respond to this message .
",ham,2001-01-28,"weekly fan fares delta fan fares for february 3 - february 6 , 2001
hello mr farmer !
welcome to this week ' s version of delta fan fares . for the uninitiated , it ' s
an incredible e - mail program for delta customers who want to get away from it
all and enjoy events and activities in cities across the country .
before you start packing , remember that you ' ll need your skymiles number ,
2341930101 , to take advantage of this exclusive online offer . these fares
are for round - trip travel with a saturday departure and a return on either
monday or tuesday .
from this week ' s list , find a trip that you can ' t afford to miss . then follow
this link to purchase your delta ticket online :
professional basketball
purchase a fan fare and support your favorite basketball team on the road
this coming weekend .
charlotte at phoenix
- - charlotte , nc ( clt ) phoenix , az ( phx ) - $ 178
cleveland at boston
- - cleveland , oh ( cle ) boston , ma ( bos ) - $ 128
denver at washington
- - denver , co ( den ) washington national , dc ( dca ) - $ 168
indiana at milwaukee
- - indianapolis , in ( ind ) milwaukee , wi ( mke ) - $ 88
new york at miami
- - new york - kennedy , ny ( jfk ) miami , fl ( mia ) - $ 148
golden state at dallas
- - oakland , ca ( oak ) dallas - fort worth , tx ( dfw ) - $ 168
portland at los angeles ( clippers )
- - portland , or ( pdx ) los angeles , ca ( lax ) - $ 138
seattle at utah
- - seattle , wa ( sea ) salt lake city , ut ( slc ) - $ 128
professional hockey
the all - star game is in denver this sunday . come see the league ' s best
players heat up the ice .
- - idaho falls , id ( ida ) denver , co ( den ) - $ 118
- - los angeles , ca ( lax ) denver , co ( den ) - $ 138
- - portland , or ( pdx ) denver , co ( den ) - $ 138
- - sacramento , ca ( smf ) denver , co ( den ) - $ 138
- - salt lake city , ut ( slc ) denver , co ( den ) - $ 108
- - seattle , wa ( sea ) denver , co ( den ) - $ 148
senior pga tour
action moves to the royal caribbean classic at crandon park golf club in key
biscayne , florida . enjoy some golf while spending the weekend in the south
florida sun .
- - new york - kennedy , ny ( jfk ) miami , fl ( mia ) - $ 148
- - tallahassee , fl ( tlh ) miami , fl ( mia ) - $ 118
arts and entertainment
fan fares gives you the chance to spend some time in a city you might not
otherwise visit . this weekend , enjoy yourself in milwaukee .
travel to milwaukee
a friendly city with a decidedly sophisticated air , this midwestern gem
offers plenty of art and cultural events , nightlife , and beautiful lakeside
parks . and there ' s plenty to do indoors in milwaukee , so don ' t let the
february weather keep you away .
in addition to the professional basketball action on saturday night ( indiana
comes to town to play milwaukee ) , here ' s a few other ideas to get your
planning started .
the haggerty museum of art
located on the western end of downtown on the marquette university campus ,
the museum ' s collection includes works by dali , chagall and man ray . you ' ll
also find an impressive collection of sculpture and contemporary glass .
the milwaukee public museum
this museum of human and natural history is one of the nation ' s best and
often sets the standard for similar institutions . everyone in the family will
enjoy the engaging exhibits . you ' ll find 150 , 000 square feet of exhibit
space , through which you ' ll be able to visit all of the world ' s continents .
find the museum and the humphrey imax dome theater at 800 west wells street .
- - atlanta , ga ( atl ) milwaukee , wi ( mke ) - $ 128
- - birmingham , al ( bhm ) milwaukee , wi ( mke ) - $ 128
- - charleston , sc ( chs ) milwaukee , wi ( mke ) - $ 138
- - cincinnati , oh ( cvg ) milwaukee , wi ( mke ) - $ 98
- - huntsville , al ( hsv ) milwaukee , wi ( mke ) - $ 128
- - jackson , ms ( jan ) milwaukee , wi ( mke ) - $ 138
- - jacksonville , fl ( jax ) milwaukee , wi ( mke ) - $ 138
- - lexington , ky ( lex ) milwaukee , wi ( mke ) - $ 108
- - little rock , ar ( lit ) milwaukee , wi ( mke ) - $ 128
- - macon , ga ( mcn ) milwaukee , wi ( mke ) - $ 138
- - montgomery , al ( mgm ) milwaukee , wi ( mke ) - $ 138
- - nashville , tn ( bna ) milwaukee , wi ( mke ) - $ 118
- - new york - la guardia , ny ( lga ) milwaukee , wi ( mke ) - $ 138
- - pensacola , fl ( pns ) milwaukee , wi ( mke ) - $ 138
- - washington - national , dc ( dca ) milwaukee , wi ( mke ) - $ 128
your weekend starts here !
want to take advantage of any of these great delta fan fares ? click below !
delta reservations
to make delta reservations from delta ' s home page , visit :
fares do not include a $ 2 . 75 federal excise tax which will be imposed on each
flight segment of your itinerary . a flight segment is defined as a takeoff
and a landing .
service : some services may be provided by the delta connection carriers :
atlantic coast jet , atlantic southeast airlines , comair and skywest .
terms and conditions
restrictions : seats are limited and fares may not be available on all days or
all flights .
purchase requirements : fares must be purchased via delta ' s web site
( delta . com ) only .
ticketing period : tickets must be purchased by 02 / 03 / 01 .
travel period : outbound travel is permitted on saturday 02 / 03 / 01 only .
inbound travel is permitted on monday 02 / 05 / 01 or tuesday 02 / 06 / 01 only .
blackout dates : none .
minimum / maximum stay : minimum stay : saturday night . maximum stay : 3 days .
fare validity : fares are valid in the economy ( coach ) cabin on delta / delta
connection / delta express . all fares are round trip .
changes / upgrades / standby : all fares are nonrefundable . changes - prior to
departure : value of fare may be applied to any applicable published delta
fare less a $ 75 service charge . after departure : no changes are permitted .
special offers issued on delta ' s web site may not be applied to other web
fares on delta . com . credit vouchers cannot be used for payment for tickets
purchased on delta . com . same day standby is allowed .
taxes / fees : fares do not include government imposed transportation taxes and
other applicable fees , including segment fees ( $ 2 . 75 per segment ) , and
passenger facility charge ( s ) of up to $ 18 . these fees are the responsibility
of the passenger and must be paid at the time of ticketing .
miscellaneous : fares are subject to change without notice . other restrictions
may apply .
subscribe / unsubscribe
you have received this e - mail because your e - mail preferences indicate you
would like to receive delta fan fares information . to modify your e - mail
options , or unsubscribe from this service , please visit the following link
and enter your skymiles account number and pin . you will then be able to
update your preferences in our e - mail programs section .
copyright information
this e - mail message and its contents are copyrighted and are
proprietary products of delta air lines , inc . any unauthorized
use , reproduction , or transfer of this message or its contents ,
in any medium , is strictly prohibited .
this is a post only e - mail . please do not respond to this message .
",0,weekly fan fares delta fan fares for february february hello mr farmer ! welcome to this week s version of delta fan fares for the uninitiated it s an incredible e mail program for delta customers who want to get away from it all and enjoy events and activities in cities across the country before you start packing remember that you ll need your skymiles number to take advantage of this exclusive online offer these fares are for round trip travel with a saturday departure and a return on either monday or tuesday from this week s list find a trip that you can t afford to miss then follow this link to purchase your delta ticket online professional basketball purchase a fan fare and support your favorite basketball team on the road this coming weekend charlotte at phoenix charlotte nc clt phoenix az phx cleveland at boston cleveland oh cle boston ma bos denver at washington denver co den washington national dc dca indiana at milwaukee indianapolis in ind milwaukee wi mke new york at miami new york kennedy ny jfk miami fl mia golden state at dallas oakland ca oak dallas fort worth tx dfw portland at los angeles clippers portland or pdx los angeles ca lax seattle at utah seattle wa sea salt lake city ut slc professional hockey the all star game is in denver this sunday come see the league s best players heat up the ice idaho falls id ida denver co den los angeles ca lax denver co den portland or pdx denver co den sacramento ca smf denver co den salt lake city ut slc denver co den seattle wa sea denver co den senior pga tour action moves to the royal caribbean classic at crandon park golf club in key biscayne florida enjoy some golf while spending the weekend in the south florida sun new york kennedy ny jfk miami fl mia tallahassee fl tlh miami fl mia arts and entertainment fan fares gives you the chance to spend some time in a city you might not otherwise visit this weekend enjoy yourself in milwaukee travel to milwaukee a friendly city with a decidedly sophisticated air this midwestern gem offers plenty of art and cultural events nightlife and beautiful lakeside parks and there s plenty to do indoors in milwaukee so don t let the february weather keep you away in addition to the professional basketball action on saturday night indiana comes to town to play milwaukee here s a few other ideas to get your planning started the haggerty museum of art located on the western end of downtown on the marquette university campus the museum s collection includes works by dali chagall and man ray you ll also find an impressive collection of sculpture and contemporary glass the milwaukee public museum this museum of human and natural history is one of the nation s best and often sets the standard for similar institutions everyone in the family will enjoy the engaging exhibits you ll find square feet of exhibit space through which you ll be able to visit all of the world s continents find the museum and the humphrey imax dome theater at west wells street atlanta ga atl milwaukee wi mke birmingham al bhm milwaukee wi mke charleston sc chs milwaukee wi mke cincinnati oh cvg milwaukee wi mke huntsville al hsv milwaukee wi mke jackson ms jan milwaukee wi mke jacksonville fl jax milwaukee wi mke lexington ky lex milwaukee wi mke little rock ar lit milwaukee wi mke macon ga mcn milwaukee wi mke montgomery al mgm milwaukee wi mke nashville tn bna milwaukee wi mke new york la guardia ny lga milwaukee wi mke pensacola fl pns milwaukee wi mke washington national dc dca milwaukee wi mke your weekend starts here ! want to take advantage of any of these great delta fan fares ? click below ! delta reservations to make delta reservations from delta s home page visit fares do not include a federal excise tax which will be imposed on each flight segment of your itinerary a flight segment is defined as a takeoff and a landing service some services may be provided by the delta connection carriers atlantic coast jet atlantic southeast airlines comair and skywest terms and conditions restrictions seats are limited and fares may not be available on all days or all flights purchase requirements fares must be purchased via delta s web site delta com only ticketing period tickets must be purchased by travel period outbound travel is permitted on saturday only inbound travel is permitted on monday or tuesday only blackout dates none minimum maximum stay minimum stay saturday night maximum stay days fare validity fares are valid in the economy coach cabin on delta delta connection delta express all fares are round trip changes upgrades standby all fares are nonrefundable changes prior to departure value of fare may be applied to any applicable published delta fare less a service charge after departure no changes are permitted special offers issued on delta s web site may not be applied to other web fares on delta com credit vouchers cannot be used for payment for tickets purchased on delta com same day standby is allowed taxes fees fares do not include government imposed transportation taxes and other applicable fees including segment fees per segment and passenger facility charge s of up to these fees are the responsibility of the passenger and must be paid at the time of ticketing miscellaneous fares are subject to change without notice other restrictions may apply subscribe unsubscribe you have received this e mail because your e mail preferences indicate you would like to receive delta fan fares information to modify your e mail options or unsubscribe from this service please visit the following link and enter your skymiles account number and pin you will then be able to update your preferences in our e mail programs section copyright information this e mail message and its contents are copyrighted and are proprietary products of delta air lines inc any unauthorized use reproduction or transfer of this message or its contents in any medium is strictly prohibited this is a post only e mail please do not respond to this message,"['weekly', 'fan', 'fare', 'delta', 'fan', 'fare', 'february', 'february', 'farmer', 'welcome', 'week', 'version', 'delta', 'fan', 'fare', 'uninitiat', 'incredible', 'program', 'delta', 'customer', 'want', 'get', 'away', 'enjoy', 'event', 'activitie', 'citie', 'acros', 'country', 'start', 'pack', 'remember', 'ne', 'skymile', 'number', 'take', 'advantage', 'exclusive', 'online', 'offer', 'fare', 'round', 'trip', 'travel', 'saturday', 'departure', 'return', 'either', 'monday', 'tuesday', 'week', 'list', 'find', 'trip', 'can', 'afford', 'mis', 'follow', 'link', 'purchase', 'delta', 'ticket', 'online', 'professional', 'basketball', 'purchase', 'fan', 'fare', 'support', 'favorite', 'basketball', 'team', 'road', 'com', 'weekend', 'charlotte', 'phoenix', 'charlotte', 'clt', 'phoenix', 'phx', 'cleveland', 'boston', 'cleveland', 'cle', 'boston', 'bos', 'denver', 'washington', 'denver', 'den', 'washington', 'national', 'dca', 'indiana', 'milwaukee', 'indianapoli', 'ind', 'milwaukee', 'mke', 'new', 'york', 'miami', 'new', 'york', 'kennedy', 'jfk', 'miami', 'mia', 'golden', 'state', 'dalla', 'oakland', 'oak', 'dalla', 'fort', 'worth', 'dfw', 'portland', 'los', 'angele', 'clipper', 'portland', 'pdx', 'los', 'angele', 'lax', 'seattle', 'utah', 'seattle', 'sea', 'salt', 'lake', 'city', 'slc', 'professional', 'hockey', 'star', 'game', 'denver', 'sunday', 'come', 'see', 'league', 'best', 'player', 'heat', 'ice', 'idaho', 'fall', 'ida', 'denver', 'den', 'los', 'angele', 'lax', 'denver', 'den', 'portland', 'pdx', 'denver', 'den', 'sacramento', 'smf', 'denver', 'den', 'salt', 'lake', 'city', 'slc', 'denver', 'den', 'seattle', 'sea', 'denver', 'den', 'senior', 'pga', 'tour', 'ac', 'move', 'royal', 'caribbean', 'classic', 'crandon', 'park', 'golf', 'club', 'key', 'biscayne', 'florida', 'enjoy', 'golf', 'spend', 'weekend', 'south', 'florida', 'sun', 'new', 'york', 'kennedy', 'jfk', 'miami', 'mia', 'tallahassee', 'tlh', 'miami', 'mia', 'art', 'entertainment', 'fan', 'fare', 'give', 'chance', 'spend', 'time', 'city', 'might', 'not', 'otherwise', 'visit', 'weekend', 'enjoy', 'milwaukee', 'travel', 'milwaukee', 'friendly', 'city', 'decidedly', 'sophisticat', 'air', 'midwestern', 'gem', 'offer', 'plenty', 'art', 'cultural', 'event', 'nightlife', 'beautiful', 'lakeside', 'park', 'plenty', 'indoor', 'milwaukee', 'don', 'let', 'february', 'weather', 'keep', 'away', 'addi', 'professional', 'basketball', 'ac', 'saturday', 'night', 'indiana', 'come', 'town', 'play', 'milwaukee', 'idea', 'get', 'plann', 'start', 'haggerty', 'museum', 'art', 'locat', 'western', 'end', 'downtown', 'marquette', 'university', 'campu', 'museum', 'collec', 'include', 'work', 'dali', 'chagall', 'man', 'ray', 'also', 'find', 'impressive', 'collec', 'sculpture', 'contemporary', 'glas', 'milwaukee', 'public', 'museum', 'museum', 'human', 'natural', 'history', 'one', 'na', 'best', 'often', 'set', 'standard', 'similar', 'institution', 'everyone', 'family', 'will', 'enjoy', 'engag', 'exhibit', 'find', 'square', 'feet', 'exhibit', 'space', 'able', 'visit', 'world', 'continent', 'find', 'museum', 'humphrey', 'imax', 'dome', 'theater', 'west', 'well', 'street', 'atlanta', 'atl', 'milwaukee', 'mke', 'birmingham', 'bhm', 'milwaukee', 'mke', 'charleston', 'chs', 'milwaukee', 'mke', 'cincinnati', 'cvg', 'milwaukee', 'mke', 'huntsville', 'hsv', 'milwaukee', 'mke', 'jackson', 'jan', 'milwaukee', 'mke', 'jacksonville', 'jax', 'milwaukee', 'mke', 'lexington', 'lex', 'milwaukee', 'mke', 'little', 'rock', 'lit', 'milwaukee', 'mke', 'macon', 'mcn', 'milwaukee', 'mke', 'montgomery', 'mgm', 'milwaukee', 'mke', 'nashville', 'bna', 'milwaukee', 'mke', 'new', 'york', 'guardia', 'lga', 'milwaukee', 'mke', 'pensacola', 'pns', 'milwaukee', 'mke', 'washington', 'national', 'dca', 'milwaukee', 'mke', 'weekend', 'start', 'want', 'take', 'advantage', 'great', 'delta', 'fan', 'fare', 'click', 'delta', 'reservation', 'make', 'delta', 'reservation', 'delta', 'home', 'page', 'visit', 'fare', 'not', 'include', 'federal', 'excise', 'tax', 'will', 'impos', 'flight', 'segment', 'itinerary', 'flight', 'segment', 'defin', 'takeoff', 'land', 'service', 'service', 'may', 'provid', 'delta', 'connec', 'carrier', 'atlantic', 'coast', 'jet', 'atlantic', 'southeast', 'airline', 'comair', 'skywest', 'term', 'condition', 'restriction', 'seat', 'limit', 'fare', 'may', 'not', 'available', 'day', 'flight', 'purchase', 'requirement', 'fare', 'must', 'purchas', 'via', 'delta', 'web', 'site', 'delta', 'com', 'ticket', 'period', 'ticket', 'must', 'purchas', 'travel', 'period', 'outbound', 'travel', 'permitt', 'saturday', 'inbound', 'travel', 'permitt', 'monday', 'tuesday', 'blackout', 'date', 'none', 'minimum', 'maximum', 'stay', 'minimum', 'stay', 'saturday', 'night', 'maximum', 'stay', 'day', 'fare', 'validity', 'fare', 'valid', 'economy', 'coach', 'cabin', 'delta', 'delta', 'connec', 'delta', 'expres', 'fare', 'round', 'trip', 'change', 'upgrade', 'standby', 'fare', 'nonrefundable', 'change', 'prior', 'departure', 'value', 'fare', 'may', 'appli', 'applicable', 'publish', 'delta', 'fare', 'les', 'service', 'charge', 'departure', 'change', 'permitt', 'special', 'offer', 'issu', 'delta', 'web', 'site', 'may', 'not', 'appli', 'web', 'fare', 'delta', 'com', 'credit', 'voucher', 'cannot', 'us', 'payment', 'ticket', 'purchas', 'delta', 'com', 'day', 'standby', 'allow', 'taxe', 'fee', 'fare', 'not', 'include', 'government', 'impos', 'transporta', 'taxe', 'applicable', 'fee', 'includ', 'segment', 'fee', 'per', 'segment', 'passenger', 'facility', 'charge', 'fee', 'responsibility', 'passenger', 'must', 'paid', 'time', 'ticket', 'miscellaneou', 'fare', 'change', 'without', 'notice', 'restriction', 'may', 'apply', 'subscribe', 'unsubscribe', 'preference', 'indicate', 'like', 'receive', 'delta', 'fan', 'fare', 'informa', 'modify', 'option', 'unsubscribe', 'service', 'visit', 'follow', 'link', 'enter', 'skymile', 'account', 'number', 'pin', 'will', 'able', 'update', 'preference', 'program', 'sec', 'copyright', 'informa', 'content', 'copyright', 'proprietary', 'product', 'delta', 'air', 'line', 'inc', 'unauthoriz', 'use', 'reproduc', 'transfer', 'content', 'medium', 'strictly', 'prohibit', 'post', 'not', 'respond']",weekly fan fare delta fan fare february february farmer welcome week version delta fan fare uninitiat incredible program delta customer want get away enjoy event activitie citie acros country start pack remember ne skymile number take advantage exclusive online offer fare round trip travel saturday departure return either monday tuesday week list find trip can afford mis follow link purchase delta ticket online professional basketball purchase fan fare support favorite basketball team road com weekend charlotte phoenix charlotte clt phoenix phx cleveland boston cleveland cle boston bos denver washington denver den washington national dca indiana milwaukee indianapoli ind milwaukee mke new york miami new york kennedy jfk miami mia golden state dalla oakland oak dalla fort worth dfw portland los angele clipper portland pdx los angele lax seattle utah seattle sea salt lake city slc professional hockey star game denver sunday come see league best player heat ice idaho fall ida denver den los angele lax denver den portland pdx denver den sacramento smf denver den salt lake city slc denver den seattle sea denver den senior pga tour ac move royal caribbean classic crandon park golf club key biscayne florida enjoy golf spend weekend south florida sun new york kennedy jfk miami mia tallahassee tlh miami mia art entertainment fan fare give chance spend time city might not otherwise visit weekend enjoy milwaukee travel milwaukee friendly city decidedly sophisticat air midwestern gem offer plenty art cultural event nightlife beautiful lakeside park plenty indoor milwaukee don let february weather keep away addi professional basketball ac saturday night indiana come town play milwaukee idea get plann start haggerty museum art locat western end downtown marquette university campu museum collec include work dali chagall man ray also find impressive collec sculpture contemporary glas milwaukee public museum museum human natural history one na best often set standard similar institution everyone family will enjoy engag exhibit find square feet exhibit space able visit world continent find museum humphrey imax dome theater west well street atlanta atl milwaukee mke birmingham bhm milwaukee mke charleston chs milwaukee mke cincinnati cvg milwaukee mke huntsville hsv milwaukee mke jackson jan milwaukee mke jacksonville jax milwaukee mke lexington lex milwaukee mke little rock lit milwaukee mke macon mcn milwaukee mke montgomery mgm milwaukee mke nashville bna milwaukee mke new york guardia lga milwaukee mke pensacola pns milwaukee mke washington national dca milwaukee mke weekend start want take advantage great delta fan fare click delta reservation make delta reservation delta home page visit fare not include federal excise tax will impos flight segment itinerary flight segment defin takeoff land service service may provid delta connec carrier atlantic coast jet atlantic southeast airline comair skywest term condition restriction seat limit fare may not available day flight purchase requirement fare must purchas via delta web site delta com ticket period ticket must purchas travel period outbound travel permitt saturday inbound travel permitt monday tuesday blackout date none minimum maximum stay minimum stay saturday night maximum stay day fare validity fare valid economy coach cabin delta delta connec delta expres fare round trip change upgrade standby fare nonrefundable change prior departure value fare may appli applicable publish delta fare les service charge departure change permitt special offer issu delta web site may not appli web fare delta com credit voucher cannot us payment ticket purchas delta com day standby allow taxe fee fare not include government impos transporta taxe applicable fee includ segment fee per segment passenger facility charge fee responsibility passenger must paid time ticket miscellaneou fare change without notice restriction may apply subscribe unsubscribe preference indicate like receive delta fan fare informa modify option unsubscribe service visit follow link enter skymile account number pin will able update preference program sec copyright informa content copyright proprietary product delta air line inc unauthoriz use reproduc transfer content medium strictly prohibit post not respond,5996,640,369,0.0,0.0,3,1,11,1,0.0171875,10,5.6921875,0,0,0,1,0.5347402396526416,0,False
1619,activation of price limit orders,"in preparation for going live with the new version of enrononline , please set
your products to allow price limit orders . you can do this by :
1 ) highlighting the product and selecting "" product properties ""
2 ) in the lower right hand corner , verify that the :
- price tick size is where you want it ( the price tick controls the minimum
price increments which a customer can specify )
- "" allowed "" box is ticked under the "" orders "" section
- the max volume in the "" orders "" section is set where you want it .
if you do not do this , customers will not be able to place price limit orders
on your products
if you have any questions , please call the enrononline help desk ( north
america : 713 853 4357 , europe : + 44 20 7783 7783 , australia / asia : + 61 2 9229
2300 )
dave",ham,2000-09-15,"activation of price limit orders in preparation for going live with the new version of enrononline , please set
your products to allow price limit orders . you can do this by :
1 ) highlighting the product and selecting "" product properties ""
2 ) in the lower right hand corner , verify that the :
- price tick size is where you want it ( the price tick controls the minimum
price increments which a customer can specify )
- "" allowed "" box is ticked under the "" orders "" section
- the max volume in the "" orders "" section is set where you want it .
if you do not do this , customers will not be able to place price limit orders
on your products
if you have any questions , please call the enrononline help desk ( north
america : 713 853 4357 , europe : + 44 20 7783 7783 , australia / asia : + 61 2 9229
2300 )
dave",0,activation of price limit orders in preparation for going live with the new version of enrononline please set your products to allow price limit orders you can do this by highlighting the product and selecting product properties in the lower right hand corner verify that the price tick size is where you want it the price tick controls the minimum price increments which a customer can specify allowed box is ticked under the orders section the max volume in the orders section is set where you want it if you do not do this customers will not be able to place price limit orders on your products if you have any questions please call the enrononline help desk north america europe australia asia dave,"['activa', 'price', 'limit', 'order', 'prepara', 'go', 'live', 'new', 'version', 'enrononline', 'set', 'product', 'allow', 'price', 'limit', 'order', 'can', 'highlight', 'product', 'select', 'product', 'propertie', 'lower', 'right', 'hand', 'corner', 'verify', 'price', 'tick', 'size', 'want', 'price', 'tick', 'control', 'minimum', 'price', 'increment', 'customer', 'can', 'specify', 'allow', 'box', 'tick', 'order', 'sec', 'max', 'volume', 'order', 'sec', 'set', 'want', 'not', 'customer', 'will', 'not', 'able', 'place', 'price', 'limit', 'order', 'product', 'question', 'call', 'enrononline', 'help', 'desk', 'north', 'america', 'europe', 'australia', 'asia', 'dave']",activa price limit order prepara go live new version enrononline set product allow price limit order can highlight product select product propertie lower right hand corner verify price tick size want price tick control minimum price increment customer can specify allow box tick order sec max volume order sec set want not customer will not able place price limit order product question call enrononline help desk north america europe australia asia dave,702,72,48,0.0,0.0,0,0,1,5,0.0138888888888888,-4,5.319444444444445,0,0,0,1,0.5374768320890013,0,False
5269,congratulations - well deserved .,0,ham,2000-01-10,congratulations - well deserved . ,0,congratulations well deserved,"['congratulation', 'deserv']",congratulation deserv,29,2,2,0.0,0.0,0,0,1,0,0.5,1,10.0,0,0,0,1,0.6824818716570588,0,False
28533,ena bid,i realize we never talked about how the bids were stated - ours was inclusive of fuel and all variable charges . this will make a big difference in the ultimate rate to your shipper . do you need me to break this out ?,ham,2001-03-19,ena bid i realize we never talked about how the bids were stated - ours was inclusive of fuel and all variable charges . this will make a big difference in the ultimate rate to your shipper . do you need me to break this out ?,0,ena bid i realize we never talked about how the bids were stated ours was inclusive of fuel and all variable charges this will make a big difference in the ultimate rate to your shipper do you need me to break this out ?,"['ena', 'bid', 'realize', 'never', 'talk', 'bid', 'stat', 'inclusive', 'fuel', 'variable', 'charge', 'will', 'make', 'big', 'difference', 'ultimate', 'rate', 'shipper', 'ne', 'break']",ena bid realize never talk bid stat inclusive fuel variable charge will make big difference ultimate rate shipper ne break,220,20,19,0.0,0.0,0,1,0,0,0.0,0,5.15,0,0,0,1,0.5955231933238168,0,False
5266,new basis report,"bhavna :
the basis report has been updated to cover 2000 prices . it is called
basisnw 7 . xls and is in the erg database .
it looks to be working correctly , but of course without data it is a little
hard to confirm . as always , it is ultimately your job to verify that the
numbers reported are correct . lemme know if there are problems .
it is easy to change the spreadsheet to start a new year . you should keep
this mail message as a reference .
1 ) add 12 to the expression in "" printmacro "" ! b 35 i . e . change
copy ( offset ( henrycash , 12 * againstyear + 63 , i , 12 , 1 ) ) to
2 ) define a new cell reference on the basis page for the first date to be
printed out on the report page . for example , last year , the basis report
went from jan 93 to dec 1999 . in basisnw 6 . xls there is a name "" jan 93 "" defined
as "" basis "" ! a 64 ( i . e . refers to the row where the jan 1993 basis numbers are
recorded ) . this year , in basisnw 7 . xls , i defined "" jan 94 "" to refer to
"" basis "" ! a 76 . that ' s because the basis report will now run from jan 1994 to
dec 2000 .
3 ) change the expression in "" printmacro "" ! b 45 to use this new cell reference
i . e . change copy ( offset ( jan 93 , 12 * indexyear , report , 12 , 1 ) ) to
4 ) having executed steps 1 ) - 3 ) the spreadsheet will now print numbers
shifted up by one year . all that remains to do is to change the dates on the
"" printformat "" page to be one year more . by that i mean change 1998 to 1999 ,
1999 to 2000 , change 98 / 99 to 99 / 00 , etc . don ' t move any numbers or formulas !
that ' s it . as we discussed bhavna , while i am happy to do this for you , it
is not in your or my best interest for this to continue . please do work to
find some one in your shop to maintain this spreadsheet .
regards , and happy new year !
grant .",ham,2000-01-10,"new basis report bhavna :
the basis report has been updated to cover 2000 prices . it is called
basisnw 7 . xls and is in the erg database .
it looks to be working correctly , but of course without data it is a little
hard to confirm . as always , it is ultimately your job to verify that the
numbers reported are correct . lemme know if there are problems .
it is easy to change the spreadsheet to start a new year . you should keep
this mail message as a reference .
1 ) add 12 to the expression in "" printmacro "" ! b 35 i . e . change
copy ( offset ( henrycash , 12 * againstyear + 63 , i , 12 , 1 ) ) to
2 ) define a new cell reference on the basis page for the first date to be
printed out on the report page . for example , last year , the basis report
went from jan 93 to dec 1999 . in basisnw 6 . xls there is a name "" jan 93 "" defined
as "" basis "" ! a 64 ( i . e . refers to the row where the jan 1993 basis numbers are
recorded ) . this year , in basisnw 7 . xls , i defined "" jan 94 "" to refer to
"" basis "" ! a 76 . that ' s because the basis report will now run from jan 1994 to
dec 2000 .
3 ) change the expression in "" printmacro "" ! b 45 to use this new cell reference
i . e . change copy ( offset ( jan 93 , 12 * indexyear , report , 12 , 1 ) ) to
4 ) having executed steps 1 ) - 3 ) the spreadsheet will now print numbers
shifted up by one year . all that remains to do is to change the dates on the
"" printformat "" page to be one year more . by that i mean change 1998 to 1999 ,
1999 to 2000 , change 98 / 99 to 99 / 00 , etc . don ' t move any numbers or formulas !
that ' s it . as we discussed bhavna , while i am happy to do this for you , it
is not in your or my best interest for this to continue . please do work to
find some one in your shop to maintain this spreadsheet .
regards , and happy new year !
grant .",0,new basis report bhavna the basis report has been updated to cover prices it is called basisnw xls and is in the erg database it looks to be working correctly but of course without data it is a little hard to confirm as always it is ultimately your job to verify that the numbers reported are correct lemme know if there are problems it is easy to change the spreadsheet to start a new year you should keep this mail message as a reference add to the expression in printmacro ! b i e change copy offset henrycash againstyear i to define a new cell reference on the basis page for the first date to be printed out on the report page for example last year the basis report went from jan to dec in basisnw xls there is a name jan defined as basis ! a i e refers to the row where the jan basis numbers are recorded this year in basisnw xls i defined jan to refer to basis ! a that s because the basis report will now run from jan to dec change the expression in printmacro ! b to use this new cell reference i e change copy offset jan indexyear report to having executed steps the spreadsheet will now print numbers shifted up by one year all that remains to do is to change the dates on the printformat page to be one year more by that i mean change to to change to etc don t move any numbers or formulas ! that s it as we discussed bhavna while i am happy to do this for you it is not in your or my best interest for this to continue please do work to find some one in your shop to maintain this spreadsheet regards and happy new year ! grant,"['new', 'basi', 'report', 'bhavna', 'basi', 'report', 'updat', 'cover', 'price', 'call', 'basisnw', 'xls', 'erg', 'database', 'look', 'work', 'correctly', 'course', 'without', 'data', 'little', 'hard', 'confirm', 'alway', 'ultimately', 'job', 'verify', 'number', 'report', 'correct', 'lemme', 'know', 'problem', 'easy', 'change', 'spreadsheet', 'start', 'new', 'year', 'keep', 'reference', 'add', 'expression', 'printmacro', 'change', 'copy', 'offset', 'henrycash', 'againstyear', 'define', 'new', 'cell', 'reference', 'basi', 'page', 'first', 'print', 'report', 'page', 'example', 'last', 'year', 'basi', 'report', 'went', 'jan', 'dec', 'basisnw', 'xls', 'name', 'jan', 'defin', 'basi', 'refer', 'row', 'jan', 'basi', 'number', 'record', 'year', 'basisnw', 'xls', 'defin', 'jan', 'refer', 'basi', 'basi', 'report', 'will', 'now', 'run', 'jan', 'dec', 'change', 'expression', 'printmacro', 'use', 'new', 'cell', 'reference', 'change', 'copy', 'offset', 'jan', 'indexyear', 'report', 'execut', 'step', 'spreadsheet', 'will', 'now', 'print', 'number', 'shift', 'one', 'year', 'remain', 'change', 'date', 'printformat', 'page', 'one', 'year', 'mean', 'change', 'change', 'etc', 'don', 'move', 'number', 'formula', 'discuss', 'bhavna', 'happy', 'not', 'best', 'interest', 'continue', 'work', 'find', 'one', 'shop', 'maintain', 'spreadsheet', 'happy', 'new', 'year', 'grant']",new basi report bhavna basi report updat cover price call basisnw xls erg database look work correctly course without data little hard confirm alway ultimately job verify number report correct lemme know problem easy change spreadsheet start new year keep reference add expression printmacro change copy offset henrycash againstyear define new cell reference basi page first print report page example last year basi report went jan dec basisnw xls name jan defin basi refer row jan basi number record year basisnw xls defin jan refer basi basi report will now run jan dec change expression printmacro use new cell reference change copy offset jan indexyear report execut step spreadsheet will now print number shift one year remain change date printformat page one year mean change change etc don move number formula discuss bhavna happy not best interest continue work find one shop maintain spreadsheet happy new year grant,1540,148,86,0.0,0.0,6,0,2,7,0.0135135135135135,-5,5.256756756756757,0,0,0,1,0.5450035153726719,0,False
232,winter cap volumes,"nov 300 , 000 / d
dec 475 , 000 / d
jan 550 , 000 / d
feb 400 , 000 / d
mar 350 , 000 / d
excess volumes priced at greater of if + . 769 or hsc + . 10 , not to exceed 3 times
fom price .",ham,2000-02-02,"winter cap volumes nov 300 , 000 / d
dec 475 , 000 / d
jan 550 , 000 / d
feb 400 , 000 / d
mar 350 , 000 / d
excess volumes priced at greater of if + . 769 or hsc + . 10 , not to exceed 3 times
fom price .",0,winter cap volumes nov d dec d jan d feb d mar d excess volumes priced at greater of if or hsc not to exceed times fom price,"['winter', 'cap', 'volume', 'nov', 'dec', 'jan', 'feb', 'mar', 'exces', 'volume', 'pric', 'greater', 'hsc', 'not', 'exce', 'time', 'fom', 'price']",winter cap volume nov dec jan feb mar exces volume pric greater hsc not exce time fom price,124,18,17,0.0,0.0,0,0,0,0,0.0,0,4.111111111111111,0,0,0,1,0.6597065495510139,0,False
28912,i / b link capacity for november and december 2001,"michelle ,
per our earlier conversation , burlington resources agrees to purchase 20 , 000 of ignacio / blanco space for the month of november at $ . 05 . we
also agree to purchase 10 , 000 of ignacio / blanco capacity for december at $ . 05 . we will purchase this capacity using eol . thank you .
julie reames",ham,2001-10-24,"i / b link capacity for november and december 2001 michelle ,
per our earlier conversation , burlington resources agrees to purchase 20 , 000 of ignacio / blanco space for the month of november at $ . 05 . we
also agree to purchase 10 , 000 of ignacio / blanco capacity for december at $ . 05 . we will purchase this capacity using eol . thank you .
julie reames",0,i b link capacity for november and december michelle per our earlier conversation burlington resources agrees to purchase of ignacio blanco space for the month of november at we also agree to purchase of ignacio blanco capacity for december at we will purchase this capacity using eol thank you julie reames,"['link', 'capacity', 'november', 'december', 'michelle', 'per', 'earlier', 'conversa', 'burlington', 'resource', 'agree', 'purchase', 'ignacio', 'blanco', 'space', 'month', 'november', 'also', 'agree', 'purchase', 'ignacio', 'blanco', 'capacity', 'december', 'will', 'purchase', 'capacity', 'us', 'eol', 'julie', 'reame']",link capacity november december michelle per earlier conversa burlington resource agree purchase ignacio blanco space month november also agree purchase ignacio blanco capacity december will purchase capacity us eol julie reame,307,31,22,0.0,0.0,0,0,1,0,0.032258064516129,1,6.354838709677419,0,0,0,1,0.5668657751121847,0,False
14449,re : integration meeting,"who is comming in on thur
- - - - - - - - - - - - - - - - - - - - - - - - - -
sent by mark muller",ham,2001-12-21,"re : integration meeting who is comming in on thur
- - - - - - - - - - - - - - - - - - - - - - - - - -
sent by mark muller",0,re integration meeting who is comming in on thur sent by mark muller,"['integra', 'meet', 'comm', 'thur', 'mark', 'muller']",integra meet comm thur mark muller,68,6,6,0.0,0.0,0,0,0,0,0.0,0,4.833333333333333,0,0,0,1,0.5461200489388375,0,False
28991,socal unbundling,at yesterdays cpuc meeting the commission approved on a 3 - 2 vote the comprehensive settlement we supported to unbundle the socal system . this includes open access to their backbone system and receipt point procedures we supported . i ' ll distribute the final order as soon as its available with the effective dates and details . gh,ham,2001-12-12,socal unbundling at yesterdays cpuc meeting the commission approved on a 3 - 2 vote the comprehensive settlement we supported to unbundle the socal system . this includes open access to their backbone system and receipt point procedures we supported . i ' ll distribute the final order as soon as its available with the effective dates and details . gh,0,socal unbundling at yesterdays cpuc meeting the commission approved on a vote the comprehensive settlement we supported to unbundle the socal system this includes open access to their backbone system and receipt point procedures we supported i ll distribute the final order as soon as its available with the effective dates and details gh,"['socal', 'unbundl', 'yesterday', 'cpuc', 'meet', 'commission', 'approv', 'vote', 'comprehensive', 'settlement', 'support', 'unbundle', 'socal', 'system', 'include', 'open', 'acces', 'backbone', 'system', 'receipt', 'point', 'procedure', 'support', 'distribute', 'final', 'order', 'soon', 'available', 'effective', 'date', 'detail']",socal unbundl yesterday cpuc meet commission approv vote comprehensive settlement support unbundle socal system include open acces backbone system receipt point procedure support distribute final order soon available effective date detail,338,31,28,0.0,0.0,0,0,0,2,0.0,-2,6.709677419354839,0,0,0,1,0.5744975704522317,0,False
1240,out of the office,"i will be out of the office this afternoon , beginning at 1 p . m . should
anyone receive a call or question regarding the pgev hub , please call mark
mccoy at extension 33396 . thank you .
mary",ham,2000-07-24,"out of the office i will be out of the office this afternoon , beginning at 1 p . m . should
anyone receive a call or question regarding the pgev hub , please call mark
mccoy at extension 33396 . thank you .
mary",0,out of the office i will be out of the office this afternoon beginning at p m should anyone receive a call or question regarding the pgev hub please call mark mccoy at extension thank you mary,"['office', 'will', 'office', 'afternoon', 'beginn', 'anyone', 'receive', 'call', 'ques', 'regard', 'pgev', 'hub', 'call', 'mark', 'mccoy', 'extension', 'mary']",office will office afternoon beginn anyone receive call ques regard pgev hub call mark mccoy extension mary,192,17,15,0.0,0.0,0,0,0,0,0.0,0,5.352941176470588,0,0,0,1,0.5990321015583225,0,False
7495,reactions november is now live on - line,"reactions
the latest edition of the financial magazine for the global insurance market
is now live at http : / / www . reactionsnet . com
?
?
you can contact us for help at mailto : web - help @ euromoneyplc . com or + 44 ( 0 ) 20
7779 8006 . ? the november issue of the world ' s leading insurance and
reinsurance magazine is packed full of news , views and figures ; simply hit
the links at the bottom of each item to see the full article .
the november features
race - based underwriting : haunted by a racist past
the discovery of continued race - based underwriting in the us will cost life
insurers involved millions of dollars and do untold damage to their
reputations - as well as severely embarrassing state regulators
integrated risk management : we can work it out
the new actuaries reckon they can measure abstruse business risks - and then
integrate them with known risks . ? but is there madness in their method ?
mga business : the need for continuity
capital adequacy : that capital question
a . m . best ' s top 100 buyers and sellers in the us : a time of change
buyers - the 20 biggest risers and fallers ?
sellers - the 20 biggest risers and fallers
the fall of reliance : errant insurer ' s battle for survival
in the spotlight : harry rhulen
for more information about the sponsors of www . reactionsnet . com , please visit
their official websites at :
renaissance re holdings ltd - http : / / www . renre . com /
ipc re ltd - http : / / www . ipcre . bm /
gerling global financial products - http : / / www . ggfp . com /
e - insuring your business
the park lane hotel , london january 26 , 2001
a one - day management symposium discussing insurance , the internet and your
business .
join mis training and reactions for a day of discussions , insight and
knowledge transfer
e - insurance and why you need it to protect your business
the legal realities and responsibilities you need to know about
managing the risks and devising successful risk policies
live demonstration
for further information please contact daniel carney or alex johnson at mis
training on 020 7779 7217 / 8097 .
* plus ! * ? industry publications - read the executive summaries and order
online !
rbi & reactions insurance management reports :
diversification of european insurance and financial services
trends in global commercial insurance - the impact of art
risk management - new challenges and new solutions
opportunities in latin american insurance
the outlook for european teleinsurance
outlook for insurance in germany
uk einvestments
reinsurance 4 th edition - industry - standard textbook
@ risk - internet and e - commerce insurance and reinsurance legal issues
e - nsurance - insurance and the internet revolution
http : / / www . reactionsnet . com
to advertise or link your company website to this industry circular please
contact nick lipinski
tel : + 44 ( 0 ) 20 7779 8199 or e - mail mailto : nlipinski @ euromoneyplc . com
if you have any problems logging onto or using ? www . reactionsnet . com please
call our dedicated help desk
+ 44 ( 0 ) 20 7779 8006 or email mailto : web - help @ euromoneyplc . com",ham,2000-11-02,"reactions november is now live on - line reactions
the latest edition of the financial magazine for the global insurance market
is now live at http : / / www . reactionsnet . com
?
?
you can contact us for help at mailto : web - help @ euromoneyplc . com or + 44 ( 0 ) 20
7779 8006 . ? the november issue of the world ' s leading insurance and
reinsurance magazine is packed full of news , views and figures ; simply hit
the links at the bottom of each item to see the full article .
the november features
race - based underwriting : haunted by a racist past
the discovery of continued race - based underwriting in the us will cost life
insurers involved millions of dollars and do untold damage to their
reputations - as well as severely embarrassing state regulators
integrated risk management : we can work it out
the new actuaries reckon they can measure abstruse business risks - and then
integrate them with known risks . ? but is there madness in their method ?
mga business : the need for continuity
capital adequacy : that capital question
a . m . best ' s top 100 buyers and sellers in the us : a time of change
buyers - the 20 biggest risers and fallers ?
sellers - the 20 biggest risers and fallers
the fall of reliance : errant insurer ' s battle for survival
in the spotlight : harry rhulen
for more information about the sponsors of www . reactionsnet . com , please visit
their official websites at :
renaissance re holdings ltd - http : / / www . renre . com /
ipc re ltd - http : / / www . ipcre . bm /
gerling global financial products - http : / / www . ggfp . com /
e - insuring your business
the park lane hotel , london january 26 , 2001
a one - day management symposium discussing insurance , the internet and your
business .
join mis training and reactions for a day of discussions , insight and
knowledge transfer
e - insurance and why you need it to protect your business
the legal realities and responsibilities you need to know about
managing the risks and devising successful risk policies
live demonstration
for further information please contact daniel carney or alex johnson at mis
training on 020 7779 7217 / 8097 .
* plus ! * ? industry publications - read the executive summaries and order
online !
rbi & reactions insurance management reports :
diversification of european insurance and financial services
trends in global commercial insurance - the impact of art
risk management - new challenges and new solutions
opportunities in latin american insurance
the outlook for european teleinsurance
outlook for insurance in germany
uk einvestments
reinsurance 4 th edition - industry - standard textbook
@ risk - internet and e - commerce insurance and reinsurance legal issues
e - nsurance - insurance and the internet revolution
http : / / www . reactionsnet . com
to advertise or link your company website to this industry circular please
contact nick lipinski
tel : + 44 ( 0 ) 20 7779 8199 or e - mail mailto : nlipinski @ euromoneyplc . com
if you have any problems logging onto or using ? www . reactionsnet . com please
call our dedicated help desk
+ 44 ( 0 ) 20 7779 8006 or email mailto : web - help @ euromoneyplc . com",0,reactions november is now live on line reactions the latest edition of the financial magazine for the global insurance market is now live at http www reactionsnet com ? ? you can contact us for help at mailto web help euromoneyplc com or ? the november issue of the world s leading insurance and reinsurance magazine is packed full of news views and figures simply hit the links at the bottom of each item to see the full article the november features race based underwriting haunted by a racist past the discovery of continued race based underwriting in the us will cost life insurers involved millions of dollars and do untold damage to their reputations as well as severely embarrassing state regulators integrated risk management we can work it out the new actuaries reckon they can measure abstruse business risks and then integrate them with known risks ? but is there madness in their method ? mga business the need for continuity capital adequacy that capital question a m best s top buyers and sellers in the us a time of change buyers the biggest risers and fallers ? sellers the biggest risers and fallers the fall of reliance errant insurer s battle for survival in the spotlight harry rhulen for more information about the sponsors of www reactionsnet com please visit their official websites at renaissance re holdings ltd http www renre com ipc re ltd http www ipcre bm gerling global financial products http www ggfp com e insuring your business the park lane hotel london january a one day management symposium discussing insurance the internet and your business join mis training and reactions for a day of discussions insight and knowledge transfer e insurance and why you need it to protect your business the legal realities and responsibilities you need to know about managing the risks and devising successful risk policies live demonstration for further information please contact daniel carney or alex johnson at mis training on plus ! ? industry publications read the executive summaries and order online ! rbi reactions insurance management reports diversification of european insurance and financial services trends in global commercial insurance the impact of art risk management new challenges and new solutions opportunities in latin american insurance the outlook for european teleinsurance outlook for insurance in germany uk einvestments reinsurance th edition industry standard textbook risk internet and e commerce insurance and reinsurance legal issues e nsurance insurance and the internet revolution http www reactionsnet com to advertise or link your company website to this industry circular please contact nick lipinski tel or e mail mailto nlipinski euromoneyplc com if you have any problems logging onto or using ? www reactionsnet com please call our dedicated help desk or email mailto web help euromoneyplc com,"['reaction', 'november', 'now', 'live', 'line', 'reaction', 'latest', 'edi', 'financial', 'magazine', 'global', 'insurance', 'market', 'now', 'live', 'http', 'www', 'reactionsnet', 'com', 'can', 'contact', 'help', 'mailto', 'web', 'help', 'euromoneyplc', 'com', 'november', 'issue', 'world', 'lead', 'insurance', 'reinsurance', 'magazine', 'pack', 'full', 'new', 'view', 'figure', 'simply', 'hit', 'link', 'bottom', 'item', 'see', 'full', 'article', 'november', 'feature', 'race', 'bas', 'underwrit', 'haunt', 'racist', 'past', 'discovery', 'continu', 'race', 'bas', 'underwrit', 'will', 'cost', 'life', 'insurer', 'involv', 'million', 'dollar', 'untold', 'damage', 'reputation', 'severely', 'embarrass', 'state', 'regulator', 'integrat', 'risk', 'management', 'can', 'work', 'new', 'actuarie', 'reckon', 'can', 'measure', 'abstruse', 'busines', 'risk', 'integrate', 'known', 'risk', 'madnes', 'method', 'mga', 'busines', 'ne', 'continuity', 'capital', 'adequacy', 'capital', 'ques', 'best', 'top', 'buyer', 'seller', 'time', 'change', 'buyer', 'biggest', 'riser', 'faller', 'seller', 'biggest', 'riser', 'faller', 'fall', 'reliance', 'errant', 'insurer', 'battle', 'survival', 'spotlight', 'harry', 'rhulen', 'informa', 'sponsor', 'www', 'reactionsnet', 'com', 'visit', 'official', 'website', 'renaissance', 'holding', 'ltd', 'http', 'www', 'renre', 'com', 'ipc', 'ltd', 'http', 'www', 'ipcre', 'gerl', 'global', 'financial', 'product', 'http', 'www', 'ggfp', 'com', 'insur', 'busines', 'park', 'lane', 'hotel', 'london', 'january', 'one', 'day', 'management', 'symposium', 'discuss', 'insurance', 'internet', 'busines', 'join', 'mis', 'train', 'reaction', 'day', 'discussion', 'insight', 'knowledge', 'transfer', 'insurance', 'ne', 'protect', 'busines', 'legal', 'realitie', 'responsibilitie', 'ne', 'know', 'manag', 'risk', 'devis', 'successful', 'risk', 'policie', 'live', 'demonstra', 'informa', 'contact', 'daniel', 'carney', 'alex', 'johnson', 'mis', 'train', 'plu', 'industry', 'publication', 'read', 'executive', 'summarie', 'order', 'online', 'rbi', 'reaction', 'insurance', 'management', 'report', 'diversifica', 'european', 'insurance', 'financial', 'service', 'trend', 'global', 'commercial', 'insurance', 'impact', 'art', 'risk', 'management', 'new', 'challenge', 'new', 'solution', 'opportunitie', 'latin', 'american', 'insurance', 'outlook', 'european', 'teleinsurance', 'outlook', 'insurance', 'germany', 'einvestment', 'reinsurance', 'edi', 'industry', 'standard', 'textbook', 'risk', 'internet', 'commerce', 'insurance', 'reinsurance', 'legal', 'issue', 'nsurance', 'insurance', 'internet', 'revolu', 'http', 'www', 'reactionsnet', 'com', 'advertise', 'link', 'company', 'website', 'industry', 'circular', 'contact', 'nick', 'lipinski', 'tel', 'mailto', 'nlipinski', 'euromoneyplc', 'com', 'problem', 'logg', 'onto', 'us', 'www', 'reactionsnet', 'com', 'call', 'dedicat', 'help', 'desk', 'mailto', 'web', 'help', 'euromoneyplc', 'com']",reaction november now live line reaction latest edi financial magazine global insurance market now live http www reactionsnet com can contact help mailto web help euromoneyplc com november issue world lead insurance reinsurance magazine pack full new view figure simply hit link bottom item see full article november feature race bas underwrit haunt racist past discovery continu race bas underwrit will cost life insurer involv million dollar untold damage reputation severely embarrass state regulator integrat risk management can work new actuarie reckon can measure abstruse busines risk integrate known risk madnes method mga busines ne continuity capital adequacy capital ques best top buyer seller time change buyer biggest riser faller seller biggest riser faller fall reliance errant insurer battle survival spotlight harry rhulen informa sponsor www reactionsnet com visit official website renaissance holding ltd http www renre com ipc ltd http www ipcre gerl global financial product http www ggfp com insur busines park lane hotel london january one day management symposium discuss insurance internet busines join mis train reaction day discussion insight knowledge transfer insurance ne protect busines legal realitie responsibilitie ne know manag risk devis successful risk policie live demonstra informa contact daniel carney alex johnson mis train plu industry publication read executive summarie order online rbi reaction insurance management report diversifica european insurance financial service trend global commercial insurance impact art risk management new challenge new solution opportunitie latin american insurance outlook european teleinsurance outlook insurance germany einvestment reinsurance edi industry standard textbook risk internet commerce insurance reinsurance legal issue nsurance insurance internet revolu http www reactionsnet com advertise link company website industry circular contact nick lipinski tel mailto nlipinski euromoneyplc com problem logg onto us www reactionsnet com call dedicat help desk mailto web help euromoneyplc com,2856,291,188,0.0,0.0,2,8,15,2,0.0515463917525773,13,6.151202749140894,0,0,0,1,0.6043903559321229,0,False
11712,the sale of the 2000 peakers to allegheny is complete,"i am pleased to announce that yesterday ( may 3 ) we closed the sale of the wheatland , gleason and lincoln peaker plants to allegheny . the completion of this long transaction was truly a team effort ! we are currently planning a closing celebration , and i will follow up with the details .
thanks again for everyone ' s contribution .
( sorry for the day delay in the announcement but as you know outlook was down yesterday )",ham,2001-05-04,"the sale of the 2000 peakers to allegheny is complete i am pleased to announce that yesterday ( may 3 ) we closed the sale of the wheatland , gleason and lincoln peaker plants to allegheny . the completion of this long transaction was truly a team effort ! we are currently planning a closing celebration , and i will follow up with the details .
thanks again for everyone ' s contribution .
( sorry for the day delay in the announcement but as you know outlook was down yesterday )",0,the sale of the peakers to allegheny is complete i am pleased to announce that yesterday may we closed the sale of the wheatland gleason and lincoln peaker plants to allegheny the completion of this long transaction was truly a team effort ! we are currently planning a closing celebration and i will follow up with the details thanks again for everyone s contribution sorry for the day delay in the announcement but as you know outlook was down yesterday,"['sale', 'peaker', 'allegheny', 'complete', 'pleas', 'announce', 'yesterday', 'may', 'clos', 'sale', 'wheatland', 'gleason', 'lincoln', 'peaker', 'plant', 'allegheny', 'comple', 'long', 'transac', 'truly', 'team', 'effort', 'currently', 'plann', 'clos', 'celebra', 'will', 'follow', 'detail', 'everyone', 'contribu', 'day', 'delay', 'announcement', 'know', 'outlook', 'yesterday']",sale peaker allegheny complete pleas announce yesterday may clos sale wheatland gleason lincoln peaker plant allegheny comple long transac truly team effort currently plann clos celebra will follow detail everyone contribu day delay announcement know outlook yesterday,455,37,32,0.0,0.0,1,0,0,0,0.0,0,6.27027027027027,0,0,0,1,0.5211643848341775,0,False
7547,reactions website,"http : / / www . reactionsnet . com
thank you for registering for a free trial to the reactions magazine website .
your user name and password are listed below - please keep this email or a
printout of these details as you will need them to access the site .
if you have any problems logging on or using this site please feel free to
contact our help desk on + 44 ( 0 ) 20 7779 8006 or
mailto : web - help @ euromoneyplc . com
your trial user name is : kaminski
and your password is : 105006
reactions is also available in hard copy format . if you wish to receive a
complimentary copy , please email us your full mailing address .
for further informationon all sbscriptions , please call our hotline on + 44
( 0 ) 20 7779 8999 ( uk ) or 1 - 800 437 9997 ( usa ) or
mailto : hotline @ euromoneyplc . com .",ham,2000-11-06,"reactions website http : / / www . reactionsnet . com
thank you for registering for a free trial to the reactions magazine website .
your user name and password are listed below - please keep this email or a
printout of these details as you will need them to access the site .
if you have any problems logging on or using this site please feel free to
contact our help desk on + 44 ( 0 ) 20 7779 8006 or
mailto : web - help @ euromoneyplc . com
your trial user name is : kaminski
and your password is : 105006
reactions is also available in hard copy format . if you wish to receive a
complimentary copy , please email us your full mailing address .
for further informationon all sbscriptions , please call our hotline on + 44
( 0 ) 20 7779 8999 ( uk ) or 1 - 800 437 9997 ( usa ) or
mailto : hotline @ euromoneyplc . com .",0,reactions website http www reactionsnet com thank you for registering for a free trial to the reactions magazine website your user name and password are listed below please keep this email or a printout of these details as you will need them to access the site if you have any problems logging on or using this site please feel free to contact our help desk on or mailto web help euromoneyplc com your trial user name is kaminski and your password is reactions is also available in hard copy format if you wish to receive a complimentary copy please email us your full mailing address for further informationon all sbscriptions please call our hotline on uk or usa or mailto hotline euromoneyplc com,"['reaction', 'website', 'http', 'www', 'reactionsnet', 'com', 'register', 'free', 'trial', 'reaction', 'magazine', 'website', 'user', 'name', 'password', 'list', 'keep', 'printout', 'detail', 'will', 'ne', 'acces', 'site', 'problem', 'logg', 'us', 'site', 'feel', 'free', 'contact', 'help', 'desk', 'mailto', 'web', 'help', 'euromoneyplc', 'com', 'trial', 'user', 'name', 'kaminski', 'password', 'reaction', 'also', 'available', 'hard', 'copy', 'format', 'wish', 'receive', 'complimentary', 'copy', 'full', 'mail', 'addres', 'informationon', 'sbscription', 'call', 'hotline', 'usa', 'mailto', 'hotline', 'euromoneyplc', 'com']",reaction website http www reactionsnet com register free trial reaction magazine website user name password list keep printout detail will ne acces site problem logg us site feel free contact help desk mailto web help euromoneyplc com trial user name kaminski password reaction also available hard copy format wish receive complimentary copy full mail addres informationon sbscription call hotline usa mailto hotline euromoneyplc com,699,64,48,0.0,0.0,0,0,4,0,0.0625,4,5.78125,0,0,0,1,0.5938091511083889,0,False
14691,delainey is everywhere .,he is working on doug gilbert smith - head of ercot power trading .,ham,2002-01-10,delainey is everywhere . he is working on doug gilbert smith - head of ercot power trading .,0,delainey is everywhere he is working on doug gilbert smith head of ercot power trading,"['delainey', 'everywhere', 'work', 'doug', 'gilbert', 'smith', 'head', 'ercot', 'power', 'trad']",delainey everywhere work doug gilbert smith head ercot power trad,86,10,10,0.0,0.0,0,0,0,0,0.0,0,5.6,0,0,0,1,0.5876938696603528,0,False
11628,re : fw : willis phillips,"i just spoke to lavo and he said the same thing . we are planning on offering willis an associate position in east power . i propose we offer 75 k salary with 25 k sign - on . we would require a 90 day evergreen non - compete and payback of 25 k retention in the event he left within the the lst year .
kim - can you please prepare the offer package based on the above .
thanks .",ham,2001-04-30,"re : fw : willis phillips i just spoke to lavo and he said the same thing . we are planning on offering willis an associate position in east power . i propose we offer 75 k salary with 25 k sign - on . we would require a 90 day evergreen non - compete and payback of 25 k retention in the event he left within the the lst year .
kim - can you please prepare the offer package based on the above .
thanks .",0,re fw willis phillips i just spoke to lavo and he said the same thing we are planning on offering willis an associate position in east power i propose we offer k salary with k sign on we would require a day evergreen non compete and payback of k retention in the event he left within the the lst year kim can you please prepare the offer package based on the above thanks,"['willi', 'phillip', 'just', 'spoke', 'lavo', 'said', 'th', 'plann', 'offer', 'willi', 'associate', 'posi', 'east', 'power', 'propose', 'offer', 'salary', 'sign', 'require', 'day', 'evergreen', 'non', 'compete', 'payback', 'reten', 'event', 'left', 'within', 'lst', 'year', 'kim', 'can', 'prepare', 'offer', 'package', 'bas']",willi phillip just spoke lavo said th plann offer willi associate posi east power propose offer salary sign require day evergreen non compete payback reten event left within lst year kim can prepare offer package bas,371,36,33,0.0,0.0,0,0,3,0,0.0833333333333333,3,5.027777777777778,0,0,0,1,0.64361422882955,0,False
11733,re : tom byargeon,thankyou,ham,2001-05-08,re : tom byargeon thankyou,0,re tom byargeon thankyou,"['tom', 'byargeon', 'thankyou']",tom byargeon thankyou,24,3,3,0.0,0.0,0,0,0,0,0.0,0,6.333333333333333,0,0,0,1,0.6824818716570588,0,False
27761,the dot is coming,"that ' s right ; the dot is coming . prepare to be enlightened , entertained and
engaged . prepare to receive information online that is so current , your
mouse will be hiding under its mousepad . prepare to enter a brave new world
of communication at enron . a world in which news is delivered so quickly you
just might not be able to keep up .
a world in which we can rest easy that the information we need will be
delivered with the speed and efficiency the most innovative company in
america deserves .
the dot is coming . and it ' s bringing news you can use . now .",ham,2000-06-27,"the dot is coming that ' s right ; the dot is coming . prepare to be enlightened , entertained and
engaged . prepare to receive information online that is so current , your
mouse will be hiding under its mousepad . prepare to enter a brave new world
of communication at enron . a world in which news is delivered so quickly you
just might not be able to keep up .
a world in which we can rest easy that the information we need will be
delivered with the speed and efficiency the most innovative company in
america deserves .
the dot is coming . and it ' s bringing news you can use . now .",0,the dot is coming that s right the dot is coming prepare to be enlightened entertained and engaged prepare to receive information online that is so current your mouse will be hiding under its mousepad prepare to enter a brave new world of communication at enron a world in which news is delivered so quickly you just might not be able to keep up a world in which we can rest easy that the information we need will be delivered with the speed and efficiency the most innovative company in america deserves the dot is coming and it s bringing news you can use now,"['dot', 'com', 'right', 'dot', 'com', 'prepare', 'enlighten', 'entertain', 'engag', 'prepare', 'receive', 'informa', 'online', 'current', 'mouse', 'will', 'hid', 'mousepad', 'prepare', 'enter', 'brave', 'new', 'world', 'communica', 'enron', 'world', 'new', 'deliver', 'quickly', 'just', 'might', 'not', 'able', 'keep', 'world', 'can', 'rest', 'easy', 'informa', 'ne', 'will', 'deliver', 'spe', 'efficiency', 'innovative', 'company', 'america', 'deserve', 'dot', 'com', 'bring', 'new', 'can', 'use', 'now']",dot com right dot com prepare enlighten entertain engag prepare receive informa online current mouse will hid mousepad prepare enter brave new world communica enron world new deliver quickly just might not able keep world can rest easy informa ne will deliver spe efficiency innovative company america deserve dot com bring new can use now,561,55,41,0.0,0.0,0,0,0,0,0.0,0,5.181818181818182,0,0,0,1,0.5285068514830522,0,False
6219,reviewer approval,"please note that your employees have suggested the following people to
complete a feedback form on their behalf . you will need to access the
performance management system ( pep ) to either approve or decline these
suggested reviewers . once you have approved the suggested reviewers they
will be notified and can begin completing the feedback form .
your list of employees that have suggested reviewers are listed below :
date suggested : may 24 , 2000
feedback due date : jun 16 , 2000
employee name : crenshaw , shirley j
date suggested : jun 01 , 2000
feedback due date : jun 16 , 2000
employee name : gibner , peyton s
date suggested : may 19 , 2000
feedback due date : jun 16 , 2000
employee name : kollaros , alexios
date suggested : may 22 , 2000
feedback due date : jun 16 , 2000
employee name : krishnarao , pinnamaneni v
date suggested : may 22 , 2000
feedback due date : jun 16 , 2000
employee name : shanbhogue , vasant",ham,2000-06-04,"reviewer approval please note that your employees have suggested the following people to
complete a feedback form on their behalf . you will need to access the
performance management system ( pep ) to either approve or decline these
suggested reviewers . once you have approved the suggested reviewers they
will be notified and can begin completing the feedback form .
your list of employees that have suggested reviewers are listed below :
date suggested : may 24 , 2000
feedback due date : jun 16 , 2000
employee name : crenshaw , shirley j
date suggested : jun 01 , 2000
feedback due date : jun 16 , 2000
employee name : gibner , peyton s
date suggested : may 19 , 2000
feedback due date : jun 16 , 2000
employee name : kollaros , alexios
date suggested : may 22 , 2000
feedback due date : jun 16 , 2000
employee name : krishnarao , pinnamaneni v
date suggested : may 22 , 2000
feedback due date : jun 16 , 2000
employee name : shanbhogue , vasant",0,reviewer approval please note that your employees have suggested the following people to complete a feedback form on their behalf you will need to access the performance management system pep to either approve or decline these suggested reviewers once you have approved the suggested reviewers they will be notified and can begin completing the feedback form your list of employees that have suggested reviewers are listed below date suggested may feedback due date jun employee name crenshaw shirley j date suggested jun feedback due date jun employee name gibner peyton s date suggested may feedback due date jun employee name kollaros alexios date suggested may feedback due date jun employee name krishnarao pinnamaneni v date suggested may feedback due date jun employee name shanbhogue vasant,"['reviewer', 'approval', 'note', 'employee', 'suggest', 'follow', 'people', 'complete', 'feedback', 'form', 'behalf', 'will', 'ne', 'acces', 'performance', 'management', 'system', 'pep', 'either', 'approve', 'decline', 'suggest', 'reviewer', 'approv', 'suggest', 'reviewer', 'will', 'notifi', 'can', 'begin', 'complet', 'feedback', 'form', 'list', 'employee', 'suggest', 'reviewer', 'list', 'suggest', 'may', 'feedback', 'due', 'jun', 'employee', 'name', 'crenshaw', 'shirley', 'suggest', 'jun', 'feedback', 'due', 'jun', 'employee', 'name', 'gibner', 'peyton', 'suggest', 'may', 'feedback', 'due', 'jun', 'employee', 'name', 'kollaro', 'alexio', 'suggest', 'may', 'feedback', 'due', 'jun', 'employee', 'name', 'krishnarao', 'pinnamaneni', 'suggest', 'may', 'feedback', 'due', 'jun', 'employee', 'name', 'shanbhogue', 'vasant']",reviewer approval note employee suggest follow people complete feedback form behalf will ne acces performance management system pep either approve decline suggest reviewer approv suggest reviewer will notifi can begin complet feedback form list employee suggest reviewer list suggest may feedback due jun employee name crenshaw shirley suggest jun feedback due jun employee name gibner peyton suggest may feedback due jun employee name kollaro alexio suggest may feedback due jun employee name krishnarao pinnamaneni suggest may feedback due jun employee name shanbhogue vasant,798,83,41,0.0,0.0,0,0,0,7,0.0,-7,5.963855421686747,0,0,0,1,0.584980933244594,0,False
28623,ets salutes,"recently , julie armstrong , senior administrative assistant to danny mccarty , was honored by the arthritis foundation with the "" all star salute to excellence "" award . this award is given annually to a person who suffers from arthritis and demonstrates excellence towards the community and the foundation .
as an individual who battles with arthritis , julie ' s been involved with the arthritis foundation for over four years . during this time , she has worked on various committees for the arthritis foundation ' s all star salute to secretaries .
in addition to the arthritis foundation , julie volunteers her time and support to other non - profit organizations , including the sunshine kids and houston aeros charities event benefiting the stehlin foundation .
congratulations julie .",ham,2001-05-30,"ets salutes recently , julie armstrong , senior administrative assistant to danny mccarty , was honored by the arthritis foundation with the "" all star salute to excellence "" award . this award is given annually to a person who suffers from arthritis and demonstrates excellence towards the community and the foundation .
as an individual who battles with arthritis , julie ' s been involved with the arthritis foundation for over four years . during this time , she has worked on various committees for the arthritis foundation ' s all star salute to secretaries .
in addition to the arthritis foundation , julie volunteers her time and support to other non - profit organizations , including the sunshine kids and houston aeros charities event benefiting the stehlin foundation .
congratulations julie .",0,ets salutes recently julie armstrong senior administrative assistant to danny mccarty was honored by the arthritis foundation with the all star salute to excellence award this award is given annually to a person who suffers from arthritis and demonstrates excellence towards the community and the foundation as an individual who battles with arthritis julie s been involved with the arthritis foundation for over four years during this time she has worked on various committees for the arthritis foundation s all star salute to secretaries in addition to the arthritis foundation julie volunteers her time and support to other non profit organizations including the sunshine kids and houston aeros charities event benefiting the stehlin foundation congratulations julie,"['ets', 'salute', 'recently', 'julie', 'armstrong', 'senior', 'administrative', 'assistant', 'danny', 'mccarty', 'honor', 'arthriti', 'founda', 'star', 'salute', 'excellence', 'award', 'award', 'given', 'annually', 'person', 'suffer', 'arthriti', 'demonstrate', 'excellence', 'toward', 'community', 'founda', 'individual', 'battle', 'arthriti', 'julie', 'involv', 'arthriti', 'founda', 'four', 'year', 'time', 'work', 'variou', 'committee', 'arthriti', 'founda', 'star', 'salute', 'secretarie', 'addi', 'arthriti', 'founda', 'julie', 'volunteer', 'time', 'support', 'non', 'profit', 'organization', 'includ', 'sunshine', 'kid', 'houston', 'aero', 'charitie', 'event', 'benefit', 'stehlin', 'founda', 'congratulation', 'julie']",ets salute recently julie armstrong senior administrative assistant danny mccarty honor arthriti founda star salute excellence award award given annually person suffer arthriti demonstrate excellence toward community founda individual battle arthriti julie involv arthriti founda four year time work variou committee arthriti founda star salute secretarie addi arthriti founda julie volunteer time support non profit organization includ sunshine kid houston aero charitie event benefit stehlin founda congratulation julie,769,68,49,0.0,0.0,0,0,1,0,0.0147058823529411,1,6.676470588235294,0,0,0,1,0.5347015004294207,0,False
19368,re : using ling - spam for discourse analysis,"many thanks for letting me know . sounds interesting !
ion
- - -
ion androutsopoulos - - http : / / www . aueb . gr / users / ion /
lecturer , dept . of informatics , athens univ . of economics and business
- - - - - original message - - - - -
from : d . lohmann [ mailto : dlohmann @ gmx . de ]
sent : wednesday , july 14 , 2004 12 : 16 am
to : ion @ aueb . gr
subject : using ling - spam for discourse analysis
dear mr . androutsopoulos ,
i just wanted to let you know i found the ling - spam corpus on your
website and wanted to notify you that i am using several spam e - mail
examples taken from your corpus for a final paper . i am a student of
computational linguistics at the university of potsdam in germany
( www . ling . uni - potsdam . de / cl ) and i ' m currently writing about the
discourse structure of spam e - mails for a seminar on discourse and
dialogue structure .
thanks for the corpus ( even though i don ' t do any spam filtering with
it ) - - best regards ,
dorothee lohmann
",spam,2004-07-15,"re : using ling - spam for discourse analysis many thanks for letting me know . sounds interesting !
ion
- - -
ion androutsopoulos - - http : / / www . aueb . gr / users / ion /
lecturer , dept . of informatics , athens univ . of economics and business
- - - - - original message - - - - -
from : d . lohmann [ mailto : dlohmann @ gmx . de ]
sent : wednesday , july 14 , 2004 12 : 16 am
to : ion @ aueb . gr
subject : using ling - spam for discourse analysis
dear mr . androutsopoulos ,
i just wanted to let you know i found the ling - spam corpus on your
website and wanted to notify you that i am using several spam e - mail
examples taken from your corpus for a final paper . i am a student of
computational linguistics at the university of potsdam in germany
( www . ling . uni - potsdam . de / cl ) and i ' m currently writing about the
discourse structure of spam e - mails for a seminar on discourse and
dialogue structure .
thanks for the corpus ( even though i don ' t do any spam filtering with
it ) - - best regards ,
dorothee lohmann
",1,re using ling spam for discourse analysis many thanks for letting me know sounds interesting ! ion ion androutsopoulos http www aueb gr users ion lecturer dept of informatics athens univ of economics and business original message from d lohmann mailto dlohmann gmx de sent wednesday july am to ion aueb gr subject using ling spam for discourse analysis dear mr androutsopoulos i just wanted to let you know i found the ling spam corpus on your website and wanted to notify you that i am using several spam e mail examples taken from your corpus for a final paper i am a student of computational linguistics at the university of potsdam in germany www ling uni potsdam de cl and i m currently writing about the discourse structure of spam e mails for a seminar on discourse and dialogue structure thanks for the corpus even though i don t do any spam filtering with it best regards dorothee lohmann,"['us', 'l', 'spam', 'discourse', 'analysi', 'many', 'lett', 'know', 'sound', 'interest', 'ion', 'ion', 'androutsopoulo', 'http', 'www', 'aueb', 'user', 'ion', 'lecturer', 'dept', 'informatic', 'athen', 'univ', 'economic', 'busines', 'original', 'lohmann', 'mailto', 'dlohmann', 'gmx', 'wednesday', 'july', 'ion', 'aueb', 'us', 'l', 'spam', 'discourse', 'analysi', 'androutsopoulo', 'just', 'want', 'let', 'know', 'found', 'l', 'spam', 'corpu', 'website', 'want', 'notify', 'us', 'several', 'spam', 'example', 'taken', 'corpu', 'final', 'paper', 'student', 'computational', 'linguistic', 'university', 'potsdam', 'germany', 'www', 'l', 'uni', 'potsdam', 'currently', 'writ', 'discourse', 'structure', 'spam', 'mail', 'seminar', 'discourse', 'dialogue', 'structure', 'corpu', 'even', 'though', 'don', 'spam', 'filter', 'best', 'dorothee', 'lohmann']",us l spam discourse analysi many lett know sound interest ion ion androutsopoulo http www aueb user ion lecturer dept informatic athen univ economic busines original lohmann mailto dlohmann gmx wednesday july ion aueb us l spam discourse analysi androutsopoulo just want let know found l spam corpu website want notify us several spam example taken corpu final paper student computational linguistic university potsdam germany www l uni potsdam currently writ discourse structure spam mail seminar discourse dialogue structure corpu even though don spam filter best dorothee lohmann,897,88,61,0.0,0.0,1,0,0,0,0.0,0,5.625,0,0,0,0,0.36991887567933085,1,False
22966,"files , directories , etc . on s : \","all -
please inform esther gerratt when you are setting up new files and
directories on the s : \ relating to mg integration . currently , we have three
folders ( mg , mg eol , mg pres ) .
thanks - eric",ham,2000-06-19,"files , directories , etc . on s : \ all -
please inform esther gerratt when you are setting up new files and
directories on the s : \ relating to mg integration . currently , we have three
folders ( mg , mg eol , mg pres ) .
thanks - eric",0,files directories etc on s all please inform esther gerratt when you are setting up new files and directories on the s relating to mg integration currently we have three folders mg mg eol mg pres thanks eric,"['file', 'directorie', 'etc', 'inform', 'esther', 'gerratt', 'sett', 'new', 'file', 'directorie', 'relat', 'integra', 'currently', 'three', 'folder', 'eol', 'pre', 'eric']",file directorie etc inform esther gerratt sett new file directorie relat integra currently three folder eol pre eric,207,18,16,0.0,0.0,0,0,0,0,0.0,0,5.5,0,0,0,1,0.5417720697908031,0,False
60,new pooling point # 7342,"the new pooling point will be handled by robert lloyd , with jackie young as
his backup .
please call either of them with any updates . thanks , pat",ham,1999-12-28,"new pooling point # 7342 the new pooling point will be handled by robert lloyd , with jackie young as
his backup .
please call either of them with any updates . thanks , pat",0,new pooling point the new pooling point will be handled by robert lloyd with jackie young as his backup please call either of them with any updates thanks pat,"['new', 'pool', 'point', 'new', 'pool', 'point', 'will', 'handl', 'robert', 'lloyd', 'jackie', 'young', 'backup', 'call', 'either', 'update', 'pat']",new pool point new pool point will handl robert lloyd jackie young backup call either update pat,158,17,14,0.0,0.0,0,0,0,0,0.0,0,4.705882352941177,0,0,0,1,0.6234629332513848,0,False
8073,re : fwd curves,thx i understand and will work with kevin and hunter . . margaret,ham,2001-01-03,re : fwd curves thx i understand and will work with kevin and hunter . . margaret,0,re fwd curves thx i understand and will work with kevin and hunter margaret,"['curve', 'thx', 'understand', 'will', 'work', 'kevin', 'hunter', 'margaret']",curve thx understand will work kevin hunter margaret,75,8,8,0.0,0.0,0,0,0,0,0.0,0,5.625,0,0,0,1,0.6580352087063946,0,False
6650,re : reminder,"thanks , so much for your support !",ham,2000-07-31,"re : reminder thanks , so much for your support !",0,re reminder thanks so much for your support !,"['reminder', 'much', 'support']",reminder much support,45,3,3,0.0,0.0,1,0,0,0,0.0,0,6.333333333333333,0,0,0,1,0.6824818716570588,0,False
28994,tw imbalance summary,"darrell
this report shows the williams balance that has accrued in december .",ham,2001-12-13,"tw imbalance summary darrell
this report shows the williams balance that has accrued in december .",0,tw imbalance summary darrell this report shows the williams balance that has accrued in december,"['imbalance', 'summary', 'darrell', 'report', 'show', 'william', 'balance', 'accru', 'december']",imbalance summary darrell report show william balance accru december,96,9,9,0.0,0.0,0,0,0,1,0.0,-1,6.666666666666667,0,0,0,1,0.6279263946302269,0,False
13244,ees - city of austin,"we discovered today that they are talking to them , too .
any word on whether or not i can approach ees on the subject ?
dave",ham,2001-10-10,"ees - city of austin we discovered today that they are talking to them , too .
any word on whether or not i can approach ees on the subject ?
dave",0,ees city of austin we discovered today that they are talking to them too any word on whether or not i can approach ees on the subject ? dave,"['ees', 'city', 'austin', 'discover', 'today', 'talk', 'word', 'whether', 'not', 'can', 'approach', 'ees', 'dave']",ees city austin discover today talk word whether not can approach ees dave,140,13,12,0.0,0.0,0,1,0,0,0.0,0,4.769230769230769,0,0,0,1,0.6504806002102002,0,False
29080,texas power markets : report now available,"texas power markets : restructuring / competition report
click here to download a complete brochure & ordering information .
skipping stone ' s texas power markets : restructuring / competition report guides you through the newly emerging texas energy marketplace terrain with the most current information available today .
* insight on the latest orders issued as of december 14 , 2001 by both the puct and ercot , how they will affect the texas energy market
* market statistics and characteristics that will impact your business
* graphs , tables and pictures give a snapshot for a quick grasp of the market
* over 130 color pages of clear , concise information
summaries of the key provisions of sb 7 , which provides the statutory framework for the electric competition program .
a detailed analysis of the texas market design and a picture of how business will be conducted in the new electricity market .
discussion of the experience gained in the pilot program , both in terms of general developments and specific market segments .
ercot ' s infrastructure responsibilities for the electric competition program .
review of the ptb : the most critical - and controversial - issue in the texas competition program .
identification and profiling of the range of market participants in the restructured electricity industry in texas
additional information is provided on texas market statistics , generation resources , and the role of ercot .
click here to download a complete brochure & ordering information .
visit our subscription center to edit your interests or unsubscribe .
view our privacy policy : http : / / ccprod . roving . com / roving / ccprivacypolicy . jsp",ham,2002-01-31,"texas power markets : report now available texas power markets : restructuring / competition report
click here to download a complete brochure & ordering information .
skipping stone ' s texas power markets : restructuring / competition report guides you through the newly emerging texas energy marketplace terrain with the most current information available today .
* insight on the latest orders issued as of december 14 , 2001 by both the puct and ercot , how they will affect the texas energy market
* market statistics and characteristics that will impact your business
* graphs , tables and pictures give a snapshot for a quick grasp of the market
* over 130 color pages of clear , concise information
summaries of the key provisions of sb 7 , which provides the statutory framework for the electric competition program .
a detailed analysis of the texas market design and a picture of how business will be conducted in the new electricity market .
discussion of the experience gained in the pilot program , both in terms of general developments and specific market segments .
ercot ' s infrastructure responsibilities for the electric competition program .
review of the ptb : the most critical - and controversial - issue in the texas competition program .
identification and profiling of the range of market participants in the restructured electricity industry in texas
additional information is provided on texas market statistics , generation resources , and the role of ercot .
click here to download a complete brochure & ordering information .
visit our subscription center to edit your interests or unsubscribe .
view our privacy policy : http : / / ccprod . roving . com / roving / ccprivacypolicy . jsp",0,texas power markets report now available texas power markets restructuring competition report click here to download a complete brochure ordering information skipping stone s texas power markets restructuring competition report guides you through the newly emerging texas energy marketplace terrain with the most current information available today insight on the latest orders issued as of december by both the puct and ercot how they will affect the texas energy market market statistics and characteristics that will impact your business graphs tables and pictures give a snapshot for a quick grasp of the market over color pages of clear concise information summaries of the key provisions of sb which provides the statutory framework for the electric competition program a detailed analysis of the texas market design and a picture of how business will be conducted in the new electricity market discussion of the experience gained in the pilot program both in terms of general developments and specific market segments ercot s infrastructure responsibilities for the electric competition program review of the ptb the most critical and controversial issue in the texas competition program identification and profiling of the range of market participants in the restructured electricity industry in texas additional information is provided on texas market statistics generation resources and the role of ercot click here to download a complete brochure ordering information visit our subscription center to edit your interests or unsubscribe view our privacy policy http ccprod roving com roving ccprivacypolicy jsp,"['texa', 'power', 'market', 'report', 'now', 'available', 'texa', 'power', 'market', 'restructur', 'competi', 'report', 'click', 'download', 'complete', 'brochure', 'order', 'informa', 'skipp', 'stone', 'texa', 'power', 'market', 'restructur', 'competi', 'report', 'guide', 'newly', 'emerg', 'texa', 'energy', 'marketplace', 'terrain', 'current', 'informa', 'available', 'today', 'insight', 'latest', 'order', 'issu', 'december', 'puct', 'ercot', 'will', 'affect', 'texa', 'energy', 'market', 'market', 'statistic', 'characteristic', 'will', 'impact', 'busines', 'graph', 'table', 'picture', 'give', 'snapshot', 'quick', 'grasp', 'market', 'color', 'page', 'clear', 'concise', 'informa', 'summarie', 'key', 'provision', 'provide', 'statutory', 'framework', 'electric', 'competi', 'program', 'detail', 'analysi', 'texa', 'market', 'design', 'picture', 'busines', 'will', 'conduct', 'new', 'electricity', 'market', 'discussion', 'experience', 'gain', 'pilot', 'program', 'term', 'general', 'development', 'specific', 'market', 'segment', 'ercot', 'infrastructure', 'responsibilitie', 'electric', 'competi', 'program', 'review', 'ptb', 'critical', 'controversial', 'issue', 'texa', 'competi', 'program', 'identifica', 'profil', 'range', 'market', 'participant', 'restructur', 'electricity', 'industry', 'texa', 'additional', 'informa', 'provid', 'texa', 'market', 'statistic', 'genera', 'resource', 'role', 'ercot', 'click', 'download', 'complete', 'brochure', 'order', 'informa', 'visit', 'subscrip', 'center', 'edit', 'interest', 'unsubscribe', 'view', 'privacy', 'policy', 'http', 'ccprod', 'rov', 'com', 'rov', 'ccprivacypolicy', 'jsp']",texa power market report now available texa power market restructur competi report click download complete brochure order informa skipp stone texa power market restructur competi report guide newly emerg texa energy marketplace terrain current informa available today insight latest order issu december puct ercot will affect texa energy market market statistic characteristic will impact busines graph table picture give snapshot quick grasp market color page clear concise informa summarie key provision provide statutory framework electric competi program detail analysi texa market design picture busines will conduct new electricity market discussion experience gain pilot program term general development specific market segment ercot infrastructure responsibilitie electric competi program review ptb critical controversial issue texa competi program identifica profil range market participant restructur electricity industry texa additional informa provid texa market statistic genera resource role ercot click download complete brochure order informa visit subscrip center edit interest unsubscribe view privacy policy http ccprod rov com rov ccprivacypolicy jsp,1620,155,102,0.0,0.0,0,0,3,7,0.0193548387096774,-4,6.561290322580645,0,0,0,1,0.5002757262688512,0,False
13540,re : peoples,"even better . . . honest and effective .
thanx and i hope you have a great weekend with the most pressing item being scott ' s bathtime .
laura
laura luce",ham,2001-10-26,"re : peoples even better . . . honest and effective .
thanx and i hope you have a great weekend with the most pressing item being scott ' s bathtime .
laura
laura luce",0,re peoples even better honest and effective thanx and i hope you have a great weekend with the most pressing item being scott s bathtime laura laura luce,"['people', 'even', 'better', 'honest', 'effective', 'thanx', 'hope', 'great', 'weekend', 'press', 'item', 'scott', 'bathtime', 'laura', 'laura', 'luce']",people even better honest effective thanx hope great weekend press item scott bathtime laura laura luce,153,16,15,0.0,0.0,0,0,0,0,0.0,0,5.5,0,0,0,1,0.6621717220551189,0,False
29022,energy derivatives book,"energy industry professional :
the book , "" energy derivatives : trading emerging markets "" , written by peter fusaro is now available from global change associates at www . global - change . com . this book offers coverage of the emerging markets of emissions , weat
her , coal , bandwidth , and electricity markets . expert contributors include amerex , natsource , spectron , nymex , ipe , dow jones and arthur andersen . further information is available on content and ordering on the global change associates website under the
book button .
if you would like to be deleted from this email list , please click info @ global - change . com and type remove . we are sorry for any inconvenience .",ham,2002-01-04,"energy derivatives book energy industry professional :
the book , "" energy derivatives : trading emerging markets "" , written by peter fusaro is now available from global change associates at www . global - change . com . this book offers coverage of the emerging markets of emissions , weat
her , coal , bandwidth , and electricity markets . expert contributors include amerex , natsource , spectron , nymex , ipe , dow jones and arthur andersen . further information is available on content and ordering on the global change associates website under the
book button .
if you would like to be deleted from this email list , please click info @ global - change . com and type remove . we are sorry for any inconvenience .",0,energy derivatives book energy industry professional the book energy derivatives trading emerging markets written by peter fusaro is now available from global change associates at www global change com this book offers coverage of the emerging markets of emissions weat her coal bandwidth and electricity markets expert contributors include amerex natsource spectron nymex ipe dow jones and arthur andersen further information is available on content and ordering on the global change associates website under the book button if you would like to be deleted from this email list please click info global change com and type remove we are sorry for any inconvenience,"['energy', 'derivative', 'book', 'energy', 'industry', 'professional', 'book', 'energy', 'derivative', 'trad', 'emerg', 'market', 'written', 'peter', 'fusaro', 'now', 'available', 'global', 'change', 'associate', 'www', 'global', 'change', 'com', 'book', 'offer', 'coverage', 'emerg', 'market', 'emission', 'weat', 'coal', 'bandwidth', 'electricity', 'market', 'expert', 'contributor', 'include', 'amerex', 'natsource', 'spectron', 'nymex', 'ipe', 'dow', 'jone', 'arthur', 'andersen', 'informa', 'available', 'content', 'order', 'global', 'change', 'associate', 'website', 'book', 'button', 'like', 'delet', 'list', 'click', 'info', 'global', 'change', 'com', 'type', 'remove', 'inconvenience']",energy derivative book energy industry professional book energy derivative trad emerg market written peter fusaro now available global change associate www global change com book offer coverage emerg market emission weat coal bandwidth electricity market expert contributor include amerex natsource spectron nymex ipe dow jone arthur andersen informa available content order global change associate website book button like delet list click info global change com type remove inconvenience,665,68,50,0.0,0.0,0,0,3,1,0.0441176470588235,2,6.205882352941177,0,0,0,1,0.6742935119255726,0,False
14280,amy fitzpatrick sent me a list and asked me to estimate bonus numbers for eol employees destined for netco . i ' d like to talk to you before i work on this .,0,ham,2001-12-06,amy fitzpatrick sent me a list and asked me to estimate bonus numbers for eol employees destined for netco . i ' d like to talk to you before i work on this . ,0,amy fitzpatrick sent me a list and asked me to estimate bonus numbers for eol employees destined for netco i d like to talk to you before i work on this,"['amy', 'fitzpatrick', 'list', 'ask', 'estimate', 'bonu', 'number', 'eol', 'employee', 'destin', 'netco', 'like', 'talk', 'work']",amy fitzpatrick list ask estimate bonu number eol employee destin netco like talk work,152,14,14,0.0,0.0,0,0,0,0,0.0,0,5.214285714285714,0,0,0,1,0.601524495401119,0,False
2672,updated for march,"i have added a swing on mobil oil and moved the sale number over to the swing
column for equistar .",ham,2001-03-06,"updated for march i have added a swing on mobil oil and moved the sale number over to the swing
column for equistar .",0,updated for march i have added a swing on mobil oil and moved the sale number over to the swing column for equistar,"['updat', 'march', 'add', 'sw', 'mobil', 'oil', 'mov', 'sale', 'number', 'sw', 'column', 'equistar']",updat march add sw mobil oil mov sale number sw column equistar,115,12,11,0.0,0.0,0,0,0,0,0.0,0,4.333333333333333,0,0,0,1,0.6570549440398559,0,False
7502,change of role,"just a quick note to say that i have now left the eprm / risk conference
division after two and a half very happy years . i am however still at risk
waters group , where i am now working as a journalist on eprm magazine .
future conference enquiries should go to paul bristow ( us - 212 925 6990 ) or
frances tully ( europe - + 44 ( 0 ) 20 7484 9731 ) .
many thanks for your work my events and i hope we can work together again in
the future . if you have any ideas on the writing side then i would always
appreciate a call or email - my contact details all remain the same .
best regards ,
joel .
joel hanley
eprm magazine
direct : + 44 ( 0 ) 20 7484 9885
www . riskwaters . com",ham,2000-11-02,"change of role just a quick note to say that i have now left the eprm / risk conference
division after two and a half very happy years . i am however still at risk
waters group , where i am now working as a journalist on eprm magazine .
future conference enquiries should go to paul bristow ( us - 212 925 6990 ) or
frances tully ( europe - + 44 ( 0 ) 20 7484 9731 ) .
many thanks for your work my events and i hope we can work together again in
the future . if you have any ideas on the writing side then i would always
appreciate a call or email - my contact details all remain the same .
best regards ,
joel .
joel hanley
eprm magazine
direct : + 44 ( 0 ) 20 7484 9885
www . riskwaters . com",0,change of role just a quick note to say that i have now left the eprm risk conference division after two and a half very happy years i am however still at risk waters group where i am now working as a journalist on eprm magazine future conference enquiries should go to paul bristow us or frances tully europe many thanks for your work my events and i hope we can work together again in the future if you have any ideas on the writing side then i would always appreciate a call or email my contact details all remain the same best regards joel joel hanley eprm magazine direct www riskwaters com,"['change', 'role', 'just', 'quick', 'note', 'say', 'now', 'left', 'eprm', 'risk', 'conference', 'division', 'two', 'half', 'happy', 'year', 'however', 'still', 'risk', 'water', 'group', 'now', 'work', 'journalist', 'eprm', 'magazine', 'future', 'conference', 'enquirie', 'paul', 'bristow', 'france', 'tully', 'europe', 'many', 'work', 'event', 'hope', 'can', 'work', 'together', 'future', 'idea', 'writ', 'side', 'alway', 'appreciate', 'call', 'contact', 'detail', 'remain', 'best', 'joel', 'joel', 'hanley', 'eprm', 'magazine', 'direct', 'www', 'riskwater', 'com']",change role just quick note say now left eprm risk conference division two half happy year however still risk water group now work journalist eprm magazine future conference enquirie paul bristow france tully europe many work event hope can work together future idea writ side alway appreciate call contact detail remain best joel joel hanley eprm magazine direct www riskwater com,595,61,51,0.0,0.0,0,0,0,2,0.0,-2,5.262295081967213,0,0,0,1,0.5621220739885439,0,False
1682,digitize your memories with compaq scanners,"tired of searching for your photos or important files ?
quit looking . we have a solution . we  ' re offering a compaq tested and
approved agfa ( tm ) snapscan touch usb scanner for just $ 99 .
or for sharper photo reproduction , an epson ( tm ) perfection 1200 u
usb scanner is available for just $ 199 .
picture having all your photos on your hard drive , scanned in and
ready to e - mail to friends and family or to store in cd libraries .
you ' ll also be able to unclutter that office , allowing you to store
documents as easily as placing the original on the scanner bed
and clicking .
not only will these scanners simplify your life , but these great
values come with easy - to - use software , are usb compatible and are ready
to go a few moments out of the box .
so stop your search . everything you need is just a click away .
to order the agfa snapscan , go to
http : / / greatideas . compaq . com / cgi - bin 6 / flo ? y = ecp 20 bdtnxori 0 crxv .
to order the epson perfection , go to
http : / / greatideas . compaq . com / cgi - bin 6 / flo ? y = ecp 20 bdtnxori 0 cryw .
if you would rather not receive e - mails about future contests and
promotions , service updates , product enhancements , cool activities or
new products , please e - mail
to remove your name from our mailing list .
- attl . htm",ham,2000-09-26,"digitize your memories with compaq scanners tired of searching for your photos or important files ?
quit looking . we have a solution . we  ' re offering a compaq tested and
approved agfa ( tm ) snapscan touch usb scanner for just $ 99 .
or for sharper photo reproduction , an epson ( tm ) perfection 1200 u
usb scanner is available for just $ 199 .
picture having all your photos on your hard drive , scanned in and
ready to e - mail to friends and family or to store in cd libraries .
you ' ll also be able to unclutter that office , allowing you to store
documents as easily as placing the original on the scanner bed
and clicking .
not only will these scanners simplify your life , but these great
values come with easy - to - use software , are usb compatible and are ready
to go a few moments out of the box .
so stop your search . everything you need is just a click away .
to order the agfa snapscan , go to
http : / / greatideas . compaq . com / cgi - bin 6 / flo ? y = ecp 20 bdtnxori 0 crxv .
to order the epson perfection , go to
http : / / greatideas . compaq . com / cgi - bin 6 / flo ? y = ecp 20 bdtnxori 0 cryw .
if you would rather not receive e - mails about future contests and
promotions , service updates , product enhancements , cool activities or
new products , please e - mail
to remove your name from our mailing list .
- attl . htm",0,digitize your memories with compaq scanners tired of searching for your photos or important files ? quit looking we have a solution we re offering a compaq tested and approved agfa tm snapscan touch usb scanner for just or for sharper photo reproduction an epson tm perfection u usb scanner is available for just picture having all your photos on your hard drive scanned in and ready to e mail to friends and family or to store in cd libraries you ll also be able to unclutter that office allowing you to store documents as easily as placing the original on the scanner bed and clicking not only will these scanners simplify your life but these great values come with easy to use software are usb compatible and are ready to go a few moments out of the box so stop your search everything you need is just a click away to order the agfa snapscan go to http greatideas compaq com cgi bin flo ? y ecp bdtnxori crxv to order the epson perfection go to http greatideas compaq com cgi bin flo ? y ecp bdtnxori cryw if you would rather not receive e mails about future contests and promotions service updates product enhancements cool activities or new products please e mail to remove your name from our mailing list attl htm,"['digitize', 'memorie', 'compaq', 'scanner', 'tir', 'search', 'photo', 'important', 'file', 'quit', 'look', 'solu', 'offer', 'compaq', 'test', 'approv', 'agfa', 'snapscan', 'touch', 'usb', 'scanner', 'just', 'sharper', 'photo', 'reproduc', 'epson', 'perfec', 'usb', 'scanner', 'available', 'just', 'picture', 'photo', 'hard', 'drive', 'scann', 'ready', 'friend', 'family', 'store', 'librarie', 'also', 'able', 'unclutter', 'office', 'allow', 'store', 'document', 'easily', 'plac', 'original', 'scanner', 'b', 'click', 'not', 'will', 'scanner', 'simplify', 'life', 'great', 'value', 'come', 'easy', 'use', 'software', 'usb', 'compatible', 'ready', 'moment', 'box', 'stop', 'search', 'everyth', 'ne', 'just', 'click', 'away', 'order', 'agfa', 'snapscan', 'http', 'greatidea', 'compaq', 'com', 'cgi', 'bin', 'flo', 'ecp', 'bdtnxori', 'crxv', 'order', 'epson', 'perfec', 'http', 'greatidea', 'compaq', 'com', 'cgi', 'bin', 'flo', 'ecp', 'bdtnxori', 'cryw', 'rather', 'not', 'receive', 'mail', 'future', 'contest', 'promotion', 'service', 'update', 'product', 'enhancement', 'cool', 'activitie', 'new', 'product', 'remove', 'name', 'mail', 'list', 'attl', 'htm']",digitize memorie compaq scanner tir search photo important file quit look solu offer compaq test approv agfa snapscan touch usb scanner just sharper photo reproduc epson perfec usb scanner available just picture photo hard drive scann ready friend family store librarie also able unclutter office allow store document easily plac original scanner b click not will scanner simplify life great value come easy use software usb compatible ready moment box stop search everyth ne just click away order agfa snapscan http greatidea compaq com cgi bin flo ecp bdtnxori crxv order epson perfec http greatidea compaq com cgi bin flo ecp bdtnxori cryw rather not receive mail future contest promotion service update product enhancement cool activitie new product remove name mail list attl htm,1219,124,91,0.0,0.0,0,3,4,3,0.032258064516129,1,5.330645161290323,0,0,0,1,0.8387184388480958,0,False
1868,new phone number,"i just wanted to pass forward my personal email account and new phone number .
if i haven ' t mentioned it to you already , i will be moving to san francisco
in about two weeks . i hope you ' ll keep in touch .
achokshi 99 @ yahoo . com
415 - 441 - 4156
take care ,
ami",ham,2000-10-20,"new phone number i just wanted to pass forward my personal email account and new phone number .
if i haven ' t mentioned it to you already , i will be moving to san francisco
in about two weeks . i hope you ' ll keep in touch .
achokshi 99 @ yahoo . com
415 - 441 - 4156
take care ,
ami",0,new phone number i just wanted to pass forward my personal email account and new phone number if i haven t mentioned it to you already i will be moving to san francisco in about two weeks i hope you ll keep in touch achokshi yahoo com take care ami,"['new', 'phone', 'number', 'just', 'want', 'pas', 'forward', 'personal', 'account', 'new', 'phone', 'number', 'haven', 'mention', 'already', 'will', 'mov', 'san', 'francisco', 'two', 'week', 'hope', 'keep', 'touch', 'achokshi', 'yahoo', 'com', 'take', 'care', 'ami']",new phone number just want pas forward personal account new phone number haven mention already will mov san francisco two week hope keep touch achokshi yahoo com take care ami,248,30,27,0.0,0.0,0,0,1,0,0.0333333333333333,1,4.866666666666666,0,0,0,1,0.5914517907441528,0,False
13654,collateral,"john , if it is unlikely that we will be able to assign deals to marketing counterparties to reduce cash collateral calls , should we not use this opportunity to call for collateral from all of our otm customers ( particularly cnr ) ? please advise .",ham,2001-10-31,"collateral john , if it is unlikely that we will be able to assign deals to marketing counterparties to reduce cash collateral calls , should we not use this opportunity to call for collateral from all of our otm customers ( particularly cnr ) ? please advise .",0,collateral john if it is unlikely that we will be able to assign deals to marketing counterparties to reduce cash collateral calls should we not use this opportunity to call for collateral from all of our otm customers particularly cnr ? please advise,"['collateral', 'john', 'unlikely', 'will', 'able', 'assign', 'deal', 'market', 'counterpartie', 'reduce', 'cash', 'collateral', 'call', 'not', 'use', 'opportunity', 'call', 'collateral', 'otm', 'customer', 'particularly', 'cnr', 'advise']",collateral john unlikely will able assign deal market counterpartie reduce cash collateral call not use opportunity call collateral otm customer particularly cnr advise,251,23,20,0.0,0.0,0,1,1,0,0.0434782608695652,1,6.3478260869565215,0,0,0,1,0.5030042215235055,0,False
6841,new book out : theory of financial risks,"dear colleague ,
you have recently downloaded a draft version of our book ,
we are pleased to announce that it is now available in print :
* * * theory of financial risks * * *
> from statistical physics to risk management
by jean - philippe bouchaud ( commissariat a l ' energie atomique , saclay )
and marc potters ( science & finance )
cambridge university press ( 2000 )
isbn 0 521 78232 5
the book is available in bookstores in europe and should be
available before october in the rest of the world . you can find out
more about it , including links to order it on - line , on our web site :
http : / / www . science - finance . fr / book . html
we wish you a pleasant reading ,
sincerely ,
jean - philippe bouchaud
and marc potters
- -
science & finance - - capital fund management
109 - 111 rue victor hugo | book @ science - finance . fr
92532 levallois | tel : + 33 . 1 . 41 . 27 . 91 . 11
france | fax : + 33 . 1 . 47 . 39 . 04 . 47",ham,2000-08-18,"new book out : theory of financial risks dear colleague ,
you have recently downloaded a draft version of our book ,
we are pleased to announce that it is now available in print :
* * * theory of financial risks * * *
> from statistical physics to risk management
by jean - philippe bouchaud ( commissariat a l ' energie atomique , saclay )
and marc potters ( science & finance )
cambridge university press ( 2000 )
isbn 0 521 78232 5
the book is available in bookstores in europe and should be
available before october in the rest of the world . you can find out
more about it , including links to order it on - line , on our web site :
http : / / www . science - finance . fr / book . html
we wish you a pleasant reading ,
sincerely ,
jean - philippe bouchaud
and marc potters
- -
science & finance - - capital fund management
109 - 111 rue victor hugo | book @ science - finance . fr
92532 levallois | tel : + 33 . 1 . 41 . 27 . 91 . 11
france | fax : + 33 . 1 . 47 . 39 . 04 . 47",0,new book out theory of financial risks dear colleague you have recently downloaded a draft version of our book we are pleased to announce that it is now available in print theory of financial risks from statistical physics to risk management by jean philippe bouchaud commissariat a l energie atomique saclay and marc potters science finance cambridge university press isbn the book is available in bookstores in europe and should be available before october in the rest of the world you can find out more about it including links to order it on line on our web site http www science finance fr book html we wish you a pleasant reading sincerely jean philippe bouchaud and marc potters science finance capital fund management rue victor hugo book science finance fr levallois tel france fax,"['new', 'book', 'theory', 'financial', 'risk', 'colleague', 'recently', 'download', 'draft', 'version', 'book', 'pleas', 'announce', 'now', 'available', 'print', 'theory', 'financial', 'risk', 'statistical', 'physic', 'risk', 'management', 'jean', 'philippe', 'bouchaud', 'commissariat', 'energie', 'atomique', 'saclay', 'marc', 'potter', 'science', 'finance', 'cambridge', 'university', 'pres', 'isbn', 'book', 'available', 'bookstore', 'europe', 'available', 'october', 'rest', 'world', 'can', 'find', 'includ', 'link', 'order', 'line', 'web', 'site', 'http', 'www', 'science', 'finance', 'book', 'html', 'wish', 'pleasant', 'read', 'jean', 'philippe', 'bouchaud', 'marc', 'potter', 'science', 'finance', 'capital', 'fund', 'management', 'rue', 'victor', 'hugo', 'book', 'science', 'finance', 'levalloi', 'tel', 'france', 'fax']",new book theory financial risk colleague recently download draft version book pleas announce now available print theory financial risk statistical physic risk management jean philippe bouchaud commissariat energie atomique saclay marc potter science finance cambridge university pres isbn book available bookstore europe available october rest world can find includ link order line web site http www science finance book html wish pleasant read jean philippe bouchaud marc potter science finance capital fund management rue victor hugo book science finance levalloi tel france fax,790,83,61,0.0,0.0,0,0,1,1,0.0120481927710843,0,6.0,0,0,0,1,0.6409672880268231,0,False
23781,sec var,"aa informed me that the hedges on the new power company warrants that were
monetized in the hawaii 125 - 0 mcgarret swaps were put on october 4 , not in
september . accordingly , i have recalculated total return swap var for
september .
regards ,
eugenio",ham,2001-02-02,"sec var aa informed me that the hedges on the new power company warrants that were
monetized in the hawaii 125 - 0 mcgarret swaps were put on october 4 , not in
september . accordingly , i have recalculated total return swap var for
september .
regards ,
eugenio",0,sec var aa informed me that the hedges on the new power company warrants that were monetized in the hawaii mcgarret swaps were put on october not in september accordingly i have recalculated total return swap var for september regards eugenio,"['sec', 'var', 'inform', 'hedge', 'new', 'power', 'company', 'warrant', 'monetiz', 'hawaii', 'mcgarret', 'swap', 'put', 'october', 'not', 'september', 'accordingly', 'recalculat', 'total', 'return', 'swap', 'var', 'september', 'eugenio']",sec var inform hedge new power company warrant monetiz hawaii mcgarret swap put october not september accordingly recalculat total return swap var september eugenio,242,24,21,0.0,0.0,0,0,0,0,0.0,0,5.875,0,0,0,1,0.5862391078865508,0,False
16576,re : singles debate,so when are you heading over to get the monday java juice ?,ham,2001-04-16,re : singles debate so when are you heading over to get the monday java juice ?,0,re singles debate so when are you heading over to get the monday java juice ?,"['single', 'debate', 'head', 'get', 'monday', 'java', 'juice']",single debate head get monday java juice,77,7,7,0.0,0.0,0,1,0,0,0.0,0,4.857142857142857,0,0,0,1,0.549906096571244,0,False
11588,new albany,"louise ,
allegheny is no bid on new albany . they want to focus only on technology which allows for combine cycle conversion . the turbines at new albany do not accommodate combine cycle conversion .
they are interested in pursuing our longview development in washington , and we are going to follow up with them on a couple of sites in entergy .
it looks like i might really have to work at selling new albany ! ! !
don",ham,2001-04-25,"new albany louise ,
allegheny is no bid on new albany . they want to focus only on technology which allows for combine cycle conversion . the turbines at new albany do not accommodate combine cycle conversion .
they are interested in pursuing our longview development in washington , and we are going to follow up with them on a couple of sites in entergy .
it looks like i might really have to work at selling new albany ! ! !
don",0,new albany louise allegheny is no bid on new albany they want to focus only on technology which allows for combine cycle conversion the turbines at new albany do not accommodate combine cycle conversion they are interested in pursuing our longview development in washington and we are going to follow up with them on a couple of sites in entergy it looks like i might really have to work at selling new albany ! ! ! don,"['new', 'albany', 'louise', 'allegheny', 'bid', 'new', 'albany', 'want', 'focu', 'technology', 'allow', 'combine', 'cycle', 'conversion', 'turbine', 'new', 'albany', 'not', 'accommodate', 'combine', 'cycle', 'conversion', 'interest', 'pursu', 'longview', 'development', 'washington', 'go', 'follow', 'couple', 'site', 'entergy', 'look', 'like', 'might', 'really', 'work', 'sell', 'new', 'albany', 'don']",new albany louise allegheny bid new albany want focu technology allow combine cycle conversion turbine new albany not accommodate combine cycle conversion interest pursu longview development washington go follow couple site entergy look like might really work sell new albany don,419,41,32,0.0,0.0,3,0,0,0,0.0,0,5.829268292682927,0,0,0,1,0.5366420724940986,0,False
13458,"re : ercs - you are wrong , they are not just developer ercs","i ' m not close enough right now to the discussion . there is a mtg / conf call scheduled for tomorrow to go into details on these ercs and determine how we spin them to the bank . barclays will be back tomorrow on whether they can proceed with rolling the existing so 2 credits and at what price . i will call when i can . on call with s & p now .
- - - - - - - - - - - - - - - - - - - - - - - - - -
sent from my blackberry wireless handheld ( www . blackberry . net )",ham,2001-10-24,"re : ercs - you are wrong , they are not just developer ercs i ' m not close enough right now to the discussion . there is a mtg / conf call scheduled for tomorrow to go into details on these ercs and determine how we spin them to the bank . barclays will be back tomorrow on whether they can proceed with rolling the existing so 2 credits and at what price . i will call when i can . on call with s & p now .
- - - - - - - - - - - - - - - - - - - - - - - - - -
sent from my blackberry wireless handheld ( www . blackberry . net )",0,re ercs you are wrong they are not just developer ercs i m not close enough right now to the discussion there is a mtg conf call scheduled for tomorrow to go into details on these ercs and determine how we spin them to the bank barclays will be back tomorrow on whether they can proceed with rolling the existing so credits and at what price i will call when i can on call with s p now sent from my blackberry wireless handheld www blackberry net,"['erc', 'wrong', 'not', 'just', 'developer', 'erc', 'not', 'close', 'enough', 'right', 'now', 'discussion', 'mtg', 'conf', 'call', 'schedul', 'tomorrow', 'detail', 'erc', 'determine', 'spin', 'bank', 'barclay', 'will', 'back', 'tomorrow', 'whether', 'can', 'proce', 'roll', 'exist', 'credit', 'price', 'will', 'call', 'can', 'call', 'now', 'blackberry', 'wireles', 'handheld', 'www', 'blackberry', 'net']",erc wrong not just developer erc not close enough right now discussion mtg conf call schedul tomorrow detail erc determine spin bank barclay will back tomorrow whether can proce roll exist credit price will call can call now blackberry wireles handheld www blackberry net,446,44,34,0.0,0.0,0,0,1,0,0.0227272727272727,1,5.181818181818182,0,0,0,1,0.5091529419359232,0,False
28743,eog / ets meeting,"fyi . . . thanks for your help ,
bob",ham,2001-08-06,"eog / ets meeting fyi . . . thanks for your help ,
bob",0,eog ets meeting fyi thanks for your help bob,"['eog', 'ets', 'meet', 'fyi', 'help', 'bob']",eog ets meet fyi help bob,44,6,6,0.0,0.0,0,0,0,0,0.0,0,3.333333333333333,0,0,0,1,0.5032625548879313,0,False
23120,accounting communications offsite,"save the date
at the request of rick causey , please save the following dates for a meeting
to be held in san antonio .
you will be sent more detailed information soon .
september 13 - 15 , 2000",ham,2000-07-27,"accounting communications offsite save the date
at the request of rick causey , please save the following dates for a meeting
to be held in san antonio .
you will be sent more detailed information soon .
september 13 - 15 , 2000",0,accounting communications offsite save the date at the request of rick causey please save the following dates for a meeting to be held in san antonio you will be sent more detailed information soon september,"['account', 'communication', 'offsite', 'save', 'request', 'rick', 'causey', 'save', 'follow', 'date', 'meet', 'held', 'san', 'antonio', 'will', 'detail', 'informa', 'soon', 'september']",account communication offsite save request rick causey save follow date meet held san antonio will detail informa soon september,207,19,18,0.0,0.0,0,0,1,0,0.0526315789473684,1,5.789473684210527,0,0,0,1,0.5577504381328557,0,False
16953,"axia energy , lp name change","axia energy lp has changed its name to entergy - koch trading , l . p .",ham,2001-07-27,"axia energy , lp name change axia energy lp has changed its name to entergy - koch trading , l . p .",0,axia energy lp name change axia energy lp has changed its name to entergy koch trading l p,"['axia', 'energy', 'name', 'change', 'axia', 'energy', 'chang', 'name', 'entergy', 'koch', 'trad']",axia energy name change axia energy chang name entergy koch trad,90,11,8,0.0,0.0,0,0,0,0,0.0,0,4.909090909090909,0,0,0,1,0.5083543433058623,0,False
98,logistics training,"daren ,
thanks for the sitara training class that you taught the logistics group . it
was extremely valuable
for me and the rest of the group . i appreciate all the time and effort that
you put into setting this up .
the handouts will be great reference material for us in the future . i have
already heard very positive
feedback from the group . very much appreciated . thanks again , pat clynes",ham,2000-01-06,"logistics training daren ,
thanks for the sitara training class that you taught the logistics group . it
was extremely valuable
for me and the rest of the group . i appreciate all the time and effort that
you put into setting this up .
the handouts will be great reference material for us in the future . i have
already heard very positive
feedback from the group . very much appreciated . thanks again , pat clynes",0,logistics training daren thanks for the sitara training class that you taught the logistics group it was extremely valuable for me and the rest of the group i appreciate all the time and effort that you put into setting this up the handouts will be great reference material for us in the future i have already heard very positive feedback from the group very much appreciated thanks again pat clynes,"['logistic', 'train', 'daren', 'sitara', 'train', 'clas', 'taught', 'logistic', 'group', 'extremely', 'valuable', 'rest', 'group', 'appreciate', 'time', 'effort', 'put', 'sett', 'handout', 'will', 'great', 'reference', 'material', 'future', 'already', 'heard', 'positive', 'feedback', 'group', 'much', 'appreciat', 'pat', 'clyne']",logistic train daren sitara train clas taught logistic group extremely valuable rest group appreciate time effort put sett handout will great reference material future already heard positive feedback group much appreciat pat clyne,399,33,29,0.0,0.0,0,0,0,1,0.0,-1,6.0,0,0,0,1,0.5223996927309073,0,False
18116,"miningnews . net newsletter - friday , january 02 , 2004","friday , january 02 , 2004 miningnews . net
to allow you to read the stories below , we have arranged a complimentary one month subscription for you . to accept , click here to visit our extended service at www . miningnews . net . alternatively , just click any of the stories below . should you wish to discontinue this service , you may click here to cancel your subscription , or email subscriptions @ miningnews . net . have some news of your own ? send your press releases , product news or conference details to submissions @ miningnews . net .
dodging copper ' s cost squeeze
"" running hard to stand still "" . that was how analysts saw major american copper producer phelps dodge back at the end of 2001 . . . ( 2 january 2004 )
full story
russian gold finds beat output
the rise and rise of russia as potentially the world ' s dominant gold - producing country continued in 2003 with new gold discoveries outweighing production for the first time in eight years . . . ( 2 january 2004 )
full story
big year ahead for ivanhoe
the pressure in on robert friedland to deliver on his promise of a world - class copper project in mongolia this year . . . ( 2 january 2004 )
full story
high copper prices may see canadian mines reopen
two dormant copper mines in the canadian province of british columbia might be re - started if copper prices stay high in 2004 . . . ( 2 january 2004 )
full story
strong rand forces klipspringer suspension
southernera resources has stopped operations at its 50 % - owned klipspringer diamond project in south africa because of the rising value of the rand . . . ( 2 january 2004 )
full story
indonesian mining investment falls sharply : report
mining investment in indonesia has declined for the fourth consecutive year , according to the ministry of energy and mineral resources , economist intelligence unit reported . . . ( 2 january 2004 )
full story
ivanhoe , intec to buy westmet ' s hellyer project
ivanhoe mines and university of sydney - based listed technology company intec have agreed to buy the hellyer metals project in tasmania from failed base metals miner western metals for $ 1 . 6 million . . . ( 31 december 2003 )
full story
strong copernicus results continue
the remaining six rc infill drill holes from a recently completed campaign at the copernicus joint venture between thundellara exploration and sally malay mining all intersected nickel sulphide mineralisation , according to sally malay . . . ( 31 december 2003 )
full story
dollar slump pushes gold higher
spot gold is trading at levels unseen since february 1996 as the us dollar slumped to a record low against the euro . . . ( 31 december 2003 )
full story
equs picks up speeding ticket
perth - based junior equs says it cannot account for a sharp spike in its share price , from 21 c monday to 25 c yesterday , which triggered a query from the australian stock exchange . . . ( 31 december 2003 )
full story
auslink heralds new transport era for australiadeputy prime minister john anderson has defended the controversial auslink land transport infrastructure plan , claiming it is necessary to overcome years of archaic and uncoordinated planning and funding in the face of a predicted doubling of the land freight task over the next 20 years . . . . full story regional development talk festaustralia ' s federal , state and territory governments are talking the talk on regional infrastructure development . the initial meeting of the regional development council discussed strategies and defined issues and agreed to meet again in march next year . . . . miningnews . net ' s e - newsletter
uses an html - rich media format to provide a
visually attractive layout . if , for any reason ,
your computer does not support html format e - mail ,
please let us know by emailing contact @ miningnews . net
with your full name
and e - mail address , and we will ensure you receive
our e - newsletter in a plain - text format . if you have forgotten your password , please contact helpdesk @ miningnews . net .
have some news of your own ? send your press releases , product news or conference details to submissions @ miningnews . net .
aspermont limited ( abn 66 000 375 048 ) postal address po box 78 , leederville , wa australia 6902 head office tel + 61 8 9489 9100 head office fax + 61 8 9381 1848 e - mail contact @ aspermont . com website www . aspermont . com
section
dryblower
investment news
mine safety and health & environment
mine supply today
commodities
due diligence
exploration
general
ipos
mining events
moves
mst features
resourcestocks
commodity
coal
copper
diamonds
gold
nickel
silver
zinc
bauxite - alum
chromium
cobalt
gemstone
iron ore
kaolin
magnesium
manganese
mineral sand
oilshale
pgm
rare earths
salt
tantalum
tin
tungsten
uranium
vanadium
region
africa
all regions
asia
australia
europe
north americ
oceania
south americ
primex expo 2004
ground support in mining ( in conjunction with bfp consultants )
ajm ' s 7 th annual global iron ore & steel forecast conference : strengthening australia ' s ties to china within the iron & steel industry
minehaul 2004 - the 2004 haulage event for surface mining operators
show all events
",spam,2004-01-02,"miningnews . net newsletter - friday , january 02 , 2004 friday , january 02 , 2004 miningnews . net
to allow you to read the stories below , we have arranged a complimentary one month subscription for you . to accept , click here to visit our extended service at www . miningnews . net . alternatively , just click any of the stories below . should you wish to discontinue this service , you may click here to cancel your subscription , or email subscriptions @ miningnews . net . have some news of your own ? send your press releases , product news or conference details to submissions @ miningnews . net .
dodging copper ' s cost squeeze
"" running hard to stand still "" . that was how analysts saw major american copper producer phelps dodge back at the end of 2001 . . . ( 2 january 2004 )
full story
russian gold finds beat output
the rise and rise of russia as potentially the world ' s dominant gold - producing country continued in 2003 with new gold discoveries outweighing production for the first time in eight years . . . ( 2 january 2004 )
full story
big year ahead for ivanhoe
the pressure in on robert friedland to deliver on his promise of a world - class copper project in mongolia this year . . . ( 2 january 2004 )
full story
high copper prices may see canadian mines reopen
two dormant copper mines in the canadian province of british columbia might be re - started if copper prices stay high in 2004 . . . ( 2 january 2004 )
full story
strong rand forces klipspringer suspension
southernera resources has stopped operations at its 50 % - owned klipspringer diamond project in south africa because of the rising value of the rand . . . ( 2 january 2004 )
full story
indonesian mining investment falls sharply : report
mining investment in indonesia has declined for the fourth consecutive year , according to the ministry of energy and mineral resources , economist intelligence unit reported . . . ( 2 january 2004 )
full story
ivanhoe , intec to buy westmet ' s hellyer project
ivanhoe mines and university of sydney - based listed technology company intec have agreed to buy the hellyer metals project in tasmania from failed base metals miner western metals for $ 1 . 6 million . . . ( 31 december 2003 )
full story
strong copernicus results continue
the remaining six rc infill drill holes from a recently completed campaign at the copernicus joint venture between thundellara exploration and sally malay mining all intersected nickel sulphide mineralisation , according to sally malay . . . ( 31 december 2003 )
full story
dollar slump pushes gold higher
spot gold is trading at levels unseen since february 1996 as the us dollar slumped to a record low against the euro . . . ( 31 december 2003 )
full story
equs picks up speeding ticket
perth - based junior equs says it cannot account for a sharp spike in its share price , from 21 c monday to 25 c yesterday , which triggered a query from the australian stock exchange . . . ( 31 december 2003 )
full story
auslink heralds new transport era for australiadeputy prime minister john anderson has defended the controversial auslink land transport infrastructure plan , claiming it is necessary to overcome years of archaic and uncoordinated planning and funding in the face of a predicted doubling of the land freight task over the next 20 years . . . . full story regional development talk festaustralia ' s federal , state and territory governments are talking the talk on regional infrastructure development . the initial meeting of the regional development council discussed strategies and defined issues and agreed to meet again in march next year . . . . miningnews . net ' s e - newsletter
uses an html - rich media format to provide a
visually attractive layout . if , for any reason ,
your computer does not support html format e - mail ,
please let us know by emailing contact @ miningnews . net
with your full name
and e - mail address , and we will ensure you receive
our e - newsletter in a plain - text format . if you have forgotten your password , please contact helpdesk @ miningnews . net .
have some news of your own ? send your press releases , product news or conference details to submissions @ miningnews . net .
aspermont limited ( abn 66 000 375 048 ) postal address po box 78 , leederville , wa australia 6902 head office tel + 61 8 9489 9100 head office fax + 61 8 9381 1848 e - mail contact @ aspermont . com website www . aspermont . com
section
dryblower
investment news
mine safety and health & environment
mine supply today
commodities
due diligence
exploration
general
ipos
mining events
moves
mst features
resourcestocks
commodity
coal
copper
diamonds
gold
nickel
silver
zinc
bauxite - alum
chromium
cobalt
gemstone
iron ore
kaolin
magnesium
manganese
mineral sand
oilshale
pgm
rare earths
salt
tantalum
tin
tungsten
uranium
vanadium
region
africa
all regions
asia
australia
europe
north americ
oceania
south americ
primex expo 2004
ground support in mining ( in conjunction with bfp consultants )
ajm ' s 7 th annual global iron ore & steel forecast conference : strengthening australia ' s ties to china within the iron & steel industry
minehaul 2004 - the 2004 haulage event for surface mining operators
show all events
",1,miningnews net newsletter friday january friday january miningnews net to allow you to read the stories below we have arranged a complimentary one month subscription for you to accept click here to visit our extended service at www miningnews net alternatively just click any of the stories below should you wish to discontinue this service you may click here to cancel your subscription or email subscriptions miningnews net have some news of your own ? send your press releases product news or conference details to submissions miningnews net dodging copper s cost squeeze running hard to stand still that was how analysts saw major american copper producer phelps dodge back at the end of january full story russian gold finds beat output the rise and rise of russia as potentially the world s dominant gold producing country continued in with new gold discoveries outweighing production for the first time in eight years january full story big year ahead for ivanhoe the pressure in on robert friedland to deliver on his promise of a world class copper project in mongolia this year january full story high copper prices may see canadian mines reopen two dormant copper mines in the canadian province of british columbia might be re started if copper prices stay high in january full story strong rand forces klipspringer suspension southernera resources has stopped operations at its owned klipspringer diamond project in south africa because of the rising value of the rand january full story indonesian mining investment falls sharply report mining investment in indonesia has declined for the fourth consecutive year according to the ministry of energy and mineral resources economist intelligence unit reported january full story ivanhoe intec to buy westmet s hellyer project ivanhoe mines and university of sydney based listed technology company intec have agreed to buy the hellyer metals project in tasmania from failed base metals miner western metals for million december full story strong copernicus results continue the remaining six rc infill drill holes from a recently completed campaign at the copernicus joint venture between thundellara exploration and sally malay mining all intersected nickel sulphide mineralisation according to sally malay december full story dollar slump pushes gold higher spot gold is trading at levels unseen since february as the us dollar slumped to a record low against the euro december full story equs picks up speeding ticket perth based junior equs says it cannot account for a sharp spike in its share price from c monday to c yesterday which triggered a query from the australian stock exchange december full story auslink heralds new transport era for australiadeputy prime minister john anderson has defended the controversial auslink land transport infrastructure plan claiming it is necessary to overcome years of archaic and uncoordinated planning and funding in the face of a predicted doubling of the land freight task over the next years full story regional development talk festaustralia s federal state and territory governments are talking the talk on regional infrastructure development the initial meeting of the regional development council discussed strategies and defined issues and agreed to meet again in march next year miningnews net s e newsletter uses an html rich media format to provide a visually attractive layout if for any reason your computer does not support html format e mail please let us know by emailing contact miningnews net with your full name and e mail address and we will ensure you receive our e newsletter in a plain text format if you have forgotten your password please contact helpdesk miningnews net have some news of your own ? send your press releases product news or conference details to submissions miningnews net aspermont limited abn postal address po box leederville wa australia head office tel head office fax e mail contact aspermont com website www aspermont com section dryblower investment news mine safety and health environment mine supply today commodities due diligence exploration general ipos mining events moves mst features resourcestocks commodity coal copper diamonds gold nickel silver zinc bauxite alum chromium cobalt gemstone iron ore kaolin magnesium manganese mineral sand oilshale pgm rare earths salt tantalum tin tungsten uranium vanadium region africa all regions asia australia europe north americ oceania south americ primex expo ground support in mining in conjunction with bfp consultants ajm s th annual global iron ore steel forecast conference strengthening australia s ties to china within the iron steel industry minehaul the haulage event for surface mining operators show all events,"['miningnew', 'net', 'newsletter', 'friday', 'january', 'friday', 'january', 'miningnew', 'net', 'allow', 'read', 'storie', 'arrang', 'complimentary', 'one', 'month', 'subscrip', 'accept', 'click', 'visit', 'extend', 'service', 'www', 'miningnew', 'net', 'alternatively', 'just', 'click', 'storie', 'wish', 'discontinue', 'service', 'may', 'click', 'cancel', 'subscrip', 'subscription', 'miningnew', 'net', 'new', 'send', 'pres', 'release', 'product', 'new', 'conference', 'detail', 'submission', 'miningnew', 'net', 'dodg', 'copper', 'cost', 'squeeze', 'runn', 'hard', 'stand', 'still', 'analyst', 'saw', 'major', 'american', 'copper', 'producer', 'phelp', 'dodge', 'back', 'end', 'january', 'full', 'story', 'russian', 'gold', 'find', 'beat', 'output', 'rise', 'rise', 'russia', 'potentially', 'world', 'dominant', 'gold', 'produc', 'country', 'continu', 'new', 'gold', 'discoverie', 'outweigh', 'produc', 'first', 'time', 'eight', 'year', 'january', 'full', 'story', 'big', 'year', 'ahead', 'ivanhoe', 'pressure', 'robert', 'friedland', 'deliver', 'promise', 'world', 'clas', 'copper', 'project', 'mongolia', 'year', 'january', 'full', 'story', 'high', 'copper', 'price', 'may', 'see', 'canadian', 'mine', 'reopen', 'two', 'dormant', 'copper', 'mine', 'canadian', 'province', 'british', 'columbia', 'might', 'start', 'copper', 'price', 'stay', 'high', 'january', 'full', 'story', 'strong', 'rand', 'force', 'klipspringer', 'suspension', 'southernera', 'resource', 'stopp', 'operation', 'own', 'klipspringer', 'diamond', 'project', 'south', 'africa', 'ris', 'value', 'rand', 'january', 'full', 'story', 'indonesian', 'min', 'investment', 'fall', 'sharply', 'report', 'min', 'investment', 'indonesia', 'declin', 'fourth', 'consecutive', 'year', 'accord', 'ministry', 'energy', 'mineral', 'resource', 'economist', 'intelligence', 'unit', 'report', 'january', 'full', 'story', 'ivanhoe', 'intec', 'buy', 'westmet', 'hellyer', 'project', 'ivanhoe', 'mine', 'university', 'sydney', 'bas', 'list', 'technology', 'company', 'intec', 'agre', 'buy', 'hellyer', 'metal', 'project', 'tasmania', 'fail', 'base', 'metal', 'miner', 'western', 'metal', 'million', 'december', 'full', 'story', 'strong', 'copernicu', 'result', 'continue', 'remain', 'six', 'infill', 'drill', 'hole', 'recently', 'complet', 'campaign', 'copernicu', 'joint', 'venture', 'thundellara', 'explora', 'sally', 'malay', 'min', 'intersect', 'nickel', 'sulphide', 'mineralisa', 'accord', 'sally', 'malay', 'december', 'full', 'story', 'dollar', 'slump', 'pushe', 'gold', 'higher', 'spot', 'gold', 'trad', 'level', 'unseen', 'since', 'february', 'dollar', 'slump', 'record', 'low', 'euro', 'december', 'full', 'story', 'equ', 'pick', 'speed', 'ticket', 'perth', 'bas', 'junior', 'equ', 'say', 'cannot', 'account', 'sharp', 'spike', 'share', 'price', 'monday', 'yesterday', 'trigger', 'query', 'australian', 'stock', 'exchange', 'december', 'full', 'story', 'auslink', 'herald', 'new', 'transport', 'era', 'australiadeputy', 'prime', 'minister', 'john', 'anderson', 'defend', 'controversial', 'auslink', 'land', 'transport', 'infrastructure', 'plan', 'claim', 'necessary', 'overcome', 'year', 'archaic', 'uncoordinat', 'plann', 'fund', 'face', 'predict', 'doubl', 'land', 'freight', 'task', 'next', 'year', 'full', 'story', 'regional', 'development', 'talk', 'festaustralia', 'federal', 'state', 'territory', 'government', 'talk', 'talk', 'regional', 'infrastructure', 'development', 'initial', 'meet', 'regional', 'development', 'council', 'discuss', 'strategie', 'defin', 'issue', 'agre', 'meet', 'march', 'next', 'year', 'miningnew', 'net', 'newsletter', 'use', 'html', 'rich', 'media', 'format', 'provide', 'visually', 'attractive', 'layout', 'reason', 'computer', 'not', 'support', 'html', 'format', 'let', 'know', 'email', 'contact', 'miningnew', 'net', 'full', 'name', 'addres', 'will', 'ensure', 'receive', 'newsletter', 'plain', 'text', 'format', 'forgotten', 'password', 'contact', 'helpdesk', 'miningnew', 'net', 'new', 'send', 'pres', 'release', 'product', 'new', 'conference', 'detail', 'submission', 'miningnew', 'net', 'aspermont', 'limit', 'abn', 'postal', 'addres', 'box', 'leederville', 'australia', 'head', 'office', 'tel', 'head', 'office', 'fax', 'contact', 'aspermont', 'com', 'website', 'www', 'aspermont', 'com', 'sec', 'dryblower', 'investment', 'new', 'mine', 'safety', 'health', 'environment', 'mine', 'supply', 'today', 'commoditie', 'due', 'diligence', 'explora', 'general', 'ipo', 'min', 'event', 'move', 'mst', 'feature', 'resourcestock', 'commodity', 'coal', 'copper', 'diamond', 'gold', 'nickel', 'silver', 'zinc', 'bauxite', 'alum', 'chromium', 'cobalt', 'gemstone', 'iron', 'ore', 'kaolin', 'magnesium', 'manganese', 'mineral', 'sand', 'oilshale', 'pgm', 'rare', 'earth', 'salt', 'tantalum', 'tin', 'tungsten', 'uranium', 'vanadium', 'region', 'africa', 'region', 'asia', 'australia', 'europe', 'north', 'americ', 'oceania', 'south', 'americ', 'primex', 'expo', 'ground', 'support', 'min', 'conjunc', 'bfp', 'consultant', 'ajm', 'annual', 'global', 'iron', 'ore', 'steel', 'forecast', 'conference', 'strengthen', 'australia', 'tie', 'china', 'within', 'iron', 'steel', 'industry', 'minehaul', 'haulage', 'event', 'surface', 'min', 'operator', 'show', 'event']",miningnew net newsletter friday january friday january miningnew net allow read storie arrang complimentary one month subscrip accept click visit extend service www miningnew net alternatively just click storie wish discontinue service may click cancel subscrip subscription miningnew net new send pres release product new conference detail submission miningnew net dodg copper cost squeeze runn hard stand still analyst saw major american copper producer phelp dodge back end january full story russian gold find beat output rise rise russia potentially world dominant gold produc country continu new gold discoverie outweigh produc first time eight year january full story big year ahead ivanhoe pressure robert friedland deliver promise world clas copper project mongolia year january full story high copper price may see canadian mine reopen two dormant copper mine canadian province british columbia might start copper price stay high january full story strong rand force klipspringer suspension southernera resource stopp operation own klipspringer diamond project south africa ris value rand january full story indonesian min investment fall sharply report min investment indonesia declin fourth consecutive year accord ministry energy mineral resource economist intelligence unit report january full story ivanhoe intec buy westmet hellyer project ivanhoe mine university sydney bas list technology company intec agre buy hellyer metal project tasmania fail base metal miner western metal million december full story strong copernicu result continue remain six infill drill hole recently complet campaign copernicu joint venture thundellara explora sally malay min intersect nickel sulphide mineralisa accord sally malay december full story dollar slump pushe gold higher spot gold trad level unseen since february dollar slump record low euro december full story equ pick speed ticket perth bas junior equ say cannot account sharp spike share price monday yesterday trigger query australian stock exchange december full story auslink herald new transport era australiadeputy prime minister john anderson defend controversial auslink land transport infrastructure plan claim necessary overcome year archaic uncoordinat plann fund face predict doubl land freight task next year full story regional development talk festaustralia federal state territory government talk talk regional infrastructure development initial meet regional development council discuss strategie defin issue agre meet march next year miningnew net newsletter use html rich media format provide visually attractive layout reason computer not support html format let know email contact miningnew net full name addres will ensure receive newsletter plain text format forgotten password contact helpdesk miningnew net new send pres release product new conference detail submission miningnew net aspermont limit abn postal addres box leederville australia head office tel head office fax contact aspermont com website www aspermont com sec dryblower investment new mine safety health environment mine supply today commoditie due diligence explora general ipo min event move mst feature resourcestock commodity coal copper diamond gold nickel silver zinc bauxite alum chromium cobalt gemstone iron ore kaolin magnesium manganese mineral sand oilshale pgm rare earth salt tantalum tin tungsten uranium vanadium region africa region asia australia europe north americ oceania south americ primex expo ground support min conjunc bfp consultant ajm annual global iron ore steel forecast conference strengthen australia tie china within iron steel industry minehaul haulage event surface min operator show event,4731,523,353,0.0,0.0,0,2,9,9,0.017208413001912,0,6.040152963671128,0,0,0,0,0.49833811770531183,1,False
14359,re : kiodex,"anne - -
dave forster has recently assumed respnsibility for all things enrononline . please forward this information to him and i will make sure he has all the background .
thanks ,
brad",ham,2001-12-12,"re : kiodex anne - -
dave forster has recently assumed respnsibility for all things enrononline . please forward this information to him and i will make sure he has all the background .
thanks ,
brad",0,re kiodex anne dave forster has recently assumed respnsibility for all things enrononline please forward this information to him and i will make sure he has all the background thanks brad,"['kiodex', 'anne', 'dave', 'forster', 'recently', 'assum', 'respnsibility', 'thing', 'enrononline', 'forward', 'informa', 'will', 'make', 'sure', 'background', 'brad']",kiodex anne dave forster recently assum respnsibility thing enrononline forward informa will make sure background brad,187,16,16,0.0,0.0,0,0,0,0,0.0,0,6.4375,0,0,0,1,0.5534858924254885,0,False
13732,"trade count and volume for november 2 , 2001","lindsay renaud
enrononline
713 - 345 - 3703
",ham,2001-11-02,"trade count and volume for november 2 , 2001 lindsay renaud
enrononline
713 - 345 - 3703
",0,trade count and volume for november lindsay renaud enrononline,"['trade', 'count', 'volume', 'november', 'lindsay', 'renaud', 'enrononline']",trade count volume november lindsay renaud enrononline,62,7,7,0.0,0.0,0,0,0,0,0.0,0,6.857142857142857,0,0,0,1,0.6197906343129519,0,False
8144,power plant model,"ken of rdi and i have gone through his model together and i have a clear idea
of how it ' s going step by step . i believe we can almost start recoding now .
i need a c programmer who ' s familiar with access data base .
i . e . , he ( or she ) knows how to extract data from an access data table ( of
certain format ) and output the results into an access data table of certain
format . once the programmer is assigned , i will go through the model
with him and incorporate his ideas and ken ' s , then we can start coding .
alex",ham,2001-01-09,"power plant model ken of rdi and i have gone through his model together and i have a clear idea
of how it ' s going step by step . i believe we can almost start recoding now .
i need a c programmer who ' s familiar with access data base .
i . e . , he ( or she ) knows how to extract data from an access data table ( of
certain format ) and output the results into an access data table of certain
format . once the programmer is assigned , i will go through the model
with him and incorporate his ideas and ken ' s , then we can start coding .
alex",0,power plant model ken of rdi and i have gone through his model together and i have a clear idea of how it s going step by step i believe we can almost start recoding now i need a c programmer who s familiar with access data base i e he or she knows how to extract data from an access data table of certain format and output the results into an access data table of certain format once the programmer is assigned i will go through the model with him and incorporate his ideas and ken s then we can start coding alex,"['power', 'plant', 'model', 'ken', 'rdi', 'gone', 'model', 'together', 'clear', 'idea', 'go', 'step', 'step', 'believe', 'can', 'almost', 'start', 'recod', 'now', 'ne', 'programmer', 'familiar', 'acces', 'data', 'base', 'know', 'extract', 'data', 'acces', 'data', 'table', 'certain', 'format', 'output', 'result', 'acces', 'data', 'table', 'certain', 'format', 'programmer', 'assign', 'will', 'model', 'incorporate', 'idea', 'ken', 'can', 'start', 'cod', 'alex']",power plant model ken rdi gone model together clear idea go step step believe can almost start recod now ne programmer familiar acces data base know extract data acces data table certain format output result acces data table certain format programmer assign will model incorporate idea ken can start cod alex,514,51,35,0.0,0.0,0,0,0,0,0.0,0,5.0588235294117645,0,0,0,1,0.5745819783465703,0,False
28321,eol docs,"michelle : here is the text for lft and its - 1 , plus the fts - 1 again because i
made some slight modifications . note my question on the lft description .
i ' ll do the daily fts - 1 text and send it to you in the next hour or so . lisa
lees called and said she ' s sending me something ; i will look at this weekend
if not today .",ham,2001-01-05,"eol docs michelle : here is the text for lft and its - 1 , plus the fts - 1 again because i
made some slight modifications . note my question on the lft description .
i ' ll do the daily fts - 1 text and send it to you in the next hour or so . lisa
lees called and said she ' s sending me something ; i will look at this weekend
if not today .",0,eol docs michelle here is the text for lft and its plus the fts again because i made some slight modifications note my question on the lft description i ll do the daily fts text and send it to you in the next hour or so lisa lees called and said she s sending me something i will look at this weekend if not today,"['eol', 'doc', 'michelle', 'text', 'lft', 'plu', 'fts', 'made', 'slight', 'modification', 'note', 'ques', 'lft', 'descrip', 'daily', 'fts', 'text', 'send', 'next', 'hour', 'lisa', 'lee', 'call', 'said', 'send', 'someth', 'will', 'look', 'weekend', 'not', 'today']",eol doc michelle text lft plu fts made slight modification note ques lft descrip daily fts text send next hour lisa lee call said send someth will look weekend not today,313,31,27,0.0,0.0,0,0,0,0,0.0,0,4.483870967741935,0,0,0,1,0.531066852219694,0,False
12344,henwood - ny,"we have called henwood - they are working on a nyc curve - hopefully monday .
chris calger
503 - 464 - 3735",ham,2001-07-27,"henwood - ny we have called henwood - they are working on a nyc curve - hopefully monday .
chris calger
503 - 464 - 3735",0,henwood ny we have called henwood they are working on a nyc curve hopefully monday chris calger,"['henwood', 'call', 'henwood', 'work', 'nyc', 'curve', 'hopefully', 'monday', 'chri', 'calger']",henwood call henwood work nyc curve hopefully monday chri calger,95,10,9,0.0,0.0,0,0,0,0,0.0,0,5.5,0,0,0,1,0.5426432038900534,0,False
12772,24 hour emergency contacts for travel agency in the park,"in light of today ' s events , the travel agency in the park will remain open 24 hours with a dedicated emergency staff . if you need travel assistance , please call 713 650 - 8080 or 800 962 - 0248 .",ham,2001-09-11,"24 hour emergency contacts for travel agency in the park in light of today ' s events , the travel agency in the park will remain open 24 hours with a dedicated emergency staff . if you need travel assistance , please call 713 650 - 8080 or 800 962 - 0248 .",0,hour emergency contacts for travel agency in the park in light of today s events the travel agency in the park will remain open hours with a dedicated emergency staff if you need travel assistance please call or,"['hour', 'emergency', 'contact', 'travel', 'agency', 'park', 'light', 'today', 'event', 'travel', 'agency', 'park', 'will', 'remain', 'open', 'hour', 'dedicat', 'emergency', 'staff', 'ne', 'travel', 'assistance', 'call']",hour emergency contact travel agency park light today event travel agency park will remain open hour dedicat emergency staff ne travel assistance call,211,23,17,0.0,0.0,0,0,0,0,0.0,0,5.565217391304348,0,0,0,1,0.6824818716570588,0,False
24413,a rare and wonderful email really !,"hi we are luke ' s secret following we love luke fictitious !
we are also your long lost friend ! hi
this email has nothing to do with lukefictitious . com
we wil be putting up our very own fan site soon
and wanted to let you know in advance !
have a beautifull day !",spam,2002-07-18,"a rare and wonderful email really ! hi we are luke ' s secret following we love luke fictitious !
we are also your long lost friend ! hi
this email has nothing to do with lukefictitious . com
we wil be putting up our very own fan site soon
and wanted to let you know in advance !
have a beautifull day !",1,a rare and wonderful email really ! hi we are luke s secret following we love luke fictitious ! we are also your long lost friend ! hi this email has nothing to do with lukefictitious com we wil be putting up our very own fan site soon and wanted to let you know in advance ! have a beautifull day !,"['rare', 'wonderful', 'really', 'luke', 'secret', 'follow', 'love', 'luke', 'fictitiou', 'also', 'long', 'lost', 'friend', 'noth', 'lukefictitiou', 'com', 'wil', 'putt', 'fan', 'site', 'soon', 'want', 'let', 'know', 'advance', 'beautifull', 'day']",rare wonderful really luke secret follow love luke fictitiou also long lost friend noth lukefictitiou com wil putt fan site soon want let know advance beautifull day,299,27,26,0.0,0.0,5,0,0,0,0.0,0,5.148148148148148,0,0,0,0,0.4742009771735758,1,False
521,meoh upset,the earliest time production of meoh may begin is now sunday evening .,ham,2000-03-24,meoh upset the earliest time production of meoh may begin is now sunday evening .,0,meoh upset the earliest time production of meoh may begin is now sunday evening,"['meoh', 'upset', 'earliest', 'time', 'produc', 'meoh', 'may', 'begin', 'now', 'sunday', 'even']",meoh upset earliest time produc meoh may begin now sunday even,79,11,10,0.0,0.0,0,0,0,0,0.0,0,4.727272727272728,0,0,0,1,0.6824818716570588,0,False
117,internal guest id and passowrd,"darren ,
you have been set up for an id and password for internal website access , at
www . enrononline . com . your id and password is as follows :
id : eol 76371
password : welcome !
please not that the id and password will need to be in all upper case .
please feel free to contact me if you have any question or problems getting
into the system .
thanks
tara
x 34523",ham,2000-01-10,"internal guest id and passowrd darren ,
you have been set up for an id and password for internal website access , at
www . enrononline . com . your id and password is as follows :
id : eol 76371
password : welcome !
please not that the id and password will need to be in all upper case .
please feel free to contact me if you have any question or problems getting
into the system .
thanks
tara
x 34523",0,internal guest id and passowrd darren you have been set up for an id and password for internal website access at www enrononline com your id and password is as follows id eol password welcome ! please not that the id and password will need to be in all upper case please feel free to contact me if you have any question or problems getting into the system thanks tara x,"['internal', 'guest', 'passowrd', 'darren', 'set', 'password', 'internal', 'website', 'acces', 'www', 'enrononline', 'com', 'password', 'follow', 'eol', 'password', 'welcome', 'not', 'password', 'will', 'ne', 'upper', 'case', 'feel', 'free', 'contact', 'ques', 'problem', 'gett', 'system', 'tara']",internal guest passowrd darren set password internal website acces www enrononline com password follow eol password welcome not password will ne upper case feel free contact ques problem gett system tara,369,31,27,0.0,0.0,1,0,5,0,0.1612903225806451,5,5.580645161290323,0,0,0,1,0.6111384042561548,0,False
6632,time sheets ! ! !,"hello everyone !
not very many of you have filled out your timesheet in the excel spreadsheet
if you cannot access the "" o "" drive . you will need to fill out one by hand
until
you can get access .
whichever way - i need them today ! !
thanks !
shirley",ham,2000-07-28,"time sheets ! ! ! hello everyone !
not very many of you have filled out your timesheet in the excel spreadsheet
if you cannot access the "" o "" drive . you will need to fill out one by hand
until
you can get access .
whichever way - i need them today ! !
thanks !
shirley",0,time sheets ! ! ! hello everyone ! not very many of you have filled out your timesheet in the excel spreadsheet if you cannot access the o drive you will need to fill out one by hand until you can get access whichever way i need them today ! ! thanks ! shirley,"['time', 'sheet', 'everyone', 'not', 'many', 'fill', 'timesheet', 'excel', 'spreadsheet', 'cannot', 'acces', 'drive', 'will', 'ne', 'fill', 'one', 'hand', 'can', 'get', 'acces', 'whichever', 'way', 'ne', 'today', 'shirley']",time sheet everyone not many fill timesheet excel spreadsheet cannot acces drive will ne fill one hand can get acces whichever way ne today shirley,260,25,22,0.0,0.0,7,0,0,0,0.0,0,4.92,0,0,0,1,0.6337045320396448,0,False
1762,re : duke cashout entries 5 / 00 and 6 / 00,"i am having trouble pulling in the demand charge for 6 / 00 on deal 157278 for
$ 1 , 129 . 09 . the only thing that is different from may is that the demand
volume is 0 . i think it needs to be a 1 for the charge to come through .
please take a look .
thanks ,
megan",ham,2000-10-05,"re : duke cashout entries 5 / 00 and 6 / 00 i am having trouble pulling in the demand charge for 6 / 00 on deal 157278 for
$ 1 , 129 . 09 . the only thing that is different from may is that the demand
volume is 0 . i think it needs to be a 1 for the charge to come through .
please take a look .
thanks ,
megan",0,re duke cashout entries and i am having trouble pulling in the demand charge for on deal for the only thing that is different from may is that the demand volume is i think it needs to be a for the charge to come through please take a look thanks megan,"['duke', 'cashout', 'entrie', 'trouble', 'pull', 'demand', 'charge', 'deal', 'th', 'different', 'may', 'demand', 'volume', 'think', 'need', 'charge', 'come', 'take', 'look', 'megan']",duke cashout entrie trouble pull demand charge deal th different may demand volume think need charge come take look megan,251,20,18,0.0,0.0,0,0,0,0,0.0,0,5.1,0,0,0,1,0.5270271761035112,0,False
707,guest access to eol,"hi ,
your guest access to eol has been established . at www . enrononline . com , type :
user id : eol 76371
password : welcome !
if you have any questions regarding your access please contact tara sweitzer .
thank you ,
carrie
3 - 5472",ham,2000-04-25,"guest access to eol hi ,
your guest access to eol has been established . at www . enrononline . com , type :
user id : eol 76371
password : welcome !
if you have any questions regarding your access please contact tara sweitzer .
thank you ,
carrie
3 - 5472",0,guest access to eol hi your guest access to eol has been established at www enrononline com type user id eol password welcome ! if you have any questions regarding your access please contact tara sweitzer thank you carrie,"['guest', 'acces', 'eol', 'guest', 'acces', 'eol', 'establish', 'www', 'enrononline', 'com', 'type', 'user', 'eol', 'password', 'welcome', 'question', 'regard', 'acces', 'contact', 'tara', 'sweitzer', 'carrie']",guest acces eol guest acces eol establish www enrononline com type user eol password welcome question regard acces contact tara sweitzer carrie,221,22,17,0.0,0.0,1,0,1,0,0.0454545454545454,1,5.545454545454546,0,0,0,1,0.5379777185403521,0,False
6948,phil roan,"phil roan of koch ' s weather group has accepted a position with reliant
working for their power desk . he starts in a week . we tried to get him to
reconsider , but he said that he was already committed .",ham,2000-08-30,"phil roan phil roan of koch ' s weather group has accepted a position with reliant
working for their power desk . he starts in a week . we tried to get him to
reconsider , but he said that he was already committed .",0,phil roan phil roan of koch s weather group has accepted a position with reliant working for their power desk he starts in a week we tried to get him to reconsider but he said that he was already committed,"['phil', 'roan', 'phil', 'roan', 'koch', 'weather', 'group', 'accept', 'posi', 'reliant', 'work', 'power', 'desk', 'start', 'week', 'tri', 'get', 'reconsider', 'said', 'already', 'committ']",phil roan phil roan koch weather group accept posi reliant work power desk start week tri get reconsider said already committ,205,21,19,0.0,0.0,0,0,0,0,0.0,0,5.0,0,0,0,1,0.5516388312474758,0,False
23218,communications workshop,"your hotel room for the communications workshop has been reserved .
your reservation number is 6446157 for the nights of september 12 , 13 and
14 th .
the hotel address is :
hyatt regency san antonio
on the riverwalk
123 losoyo street
san antonio , tx
phone number is 210 - 222 - 1234
on thrusday and friday during the day we will have a dedicated phone number
and fax number .
these numbers will be sent out as soon as they are received from the hotel .",ham,2000-09-01,"communications workshop your hotel room for the communications workshop has been reserved .
your reservation number is 6446157 for the nights of september 12 , 13 and
14 th .
the hotel address is :
hyatt regency san antonio
on the riverwalk
123 losoyo street
san antonio , tx
phone number is 210 - 222 - 1234
on thrusday and friday during the day we will have a dedicated phone number
and fax number .
these numbers will be sent out as soon as they are received from the hotel .",0,communications workshop your hotel room for the communications workshop has been reserved your reservation number is for the nights of september and th the hotel address is hyatt regency san antonio on the riverwalk losoyo street san antonio tx phone number is on thrusday and friday during the day we will have a dedicated phone number and fax number these numbers will be sent out as soon as they are received from the hotel,"['communication', 'workshop', 'hotel', 'room', 'communication', 'workshop', 'reserv', 'reserva', 'number', 'night', 'september', 'hotel', 'addres', 'hyatt', 'regency', 'san', 'antonio', 'riverwalk', 'losoyo', 'street', 'san', 'antonio', 'phone', 'number', 'thrusday', 'friday', 'day', 'will', 'dedicat', 'phone', 'number', 'fax', 'number', 'number', 'will', 'soon', 'hotel']",communication workshop hotel room communication workshop reserv reserva number night september hotel addres hyatt regency san antonio riverwalk losoyo street san antonio phone number thrusday friday day will dedicat phone number fax number number will soon hotel,426,37,25,0.0,0.0,0,0,0,0,0.0,0,6.108108108108108,0,0,0,1,0.5260111975120825,0,False
686,tufco,"my est . for tufco is the same as last may ' s ( 1999 ) nom .
iferc 40000 / d total of 1 , 240 , 000
wb 30000 / d total of 930 , 000
ami",ham,2000-04-19,"tufco my est . for tufco is the same as last may ' s ( 1999 ) nom .
iferc 40000 / d total of 1 , 240 , 000
wb 30000 / d total of 930 , 000
ami",0,tufco my est for tufco is the same as last may s nom iferc d total of wb d total of ami,"['tufco', 'est', 'tufco', 'last', 'may', 'nom', 'iferc', 'total', 'total', 'ami']",tufco est tufco last may nom iferc total total ami,87,10,8,0.0,0.0,0,0,0,0,0.0,0,4.1,0,0,0,1,0.6212561288473635,0,False
5443,wall street journal subscription,"good morning mary sue :
can you please get the wall street journal for kevin kindall ? it should
be delivered to the 19 th floor along with the rest .
co . # 0011 , rc # 100038
thanks and have a great day !
shirley
3 - 5290",ham,2000-02-02,"wall street journal subscription good morning mary sue :
can you please get the wall street journal for kevin kindall ? it should
be delivered to the 19 th floor along with the rest .
co . # 0011 , rc # 100038
thanks and have a great day !
shirley
3 - 5290",0,wall street journal subscription good morning mary sue can you please get the wall street journal for kevin kindall ? it should be delivered to the th floor along with the rest co rc thanks and have a great day ! shirley,"['wall', 'street', 'journal', 'subscrip', 'good', 'morn', 'mary', 'sue', 'can', 'get', 'wall', 'street', 'journal', 'kevin', 'kindall', 'deliver', 'floor', 'along', 'rest', 'great', 'day', 'shirley']",wall street journal subscrip good morn mary sue can get wall street journal kevin kindall deliver floor along rest great day shirley,220,22,19,0.0,0.0,1,1,0,0,0.0,0,5.045454545454546,0,0,0,1,0.6298056553398945,0,False
12825,competitive analysis update # 12 - us terrorism attacks ( economic,"impact assessment )
please contact brendan fitzsimmons ( x 54763 ) or robert johnston ( x 39934 ) for further information .",ham,2001-09-13,"competitive analysis update # 12 - us terrorism attacks ( economic impact assessment )
please contact brendan fitzsimmons ( x 54763 ) or robert johnston ( x 39934 ) for further information .",0,competitive analysis update us terrorism attacks economic impact assessment please contact brendan fitzsimmons x or robert johnston x for further information,"['competitive', 'analysi', 'update', 'terrorism', 'attack', 'economic', 'impact', 'assessment', 'contact', 'brendan', 'fitzsimmon', 'robert', 'johnston', 'informa']",competitive analysi update terrorism attack economic impact assessment contact brendan fitzsimmon robert johnston informa,157,14,14,0.0,0.0,0,0,0,0,0.0,0,7.714285714285714,0,0,0,1,0.6193053641349556,0,False
11168,cinergy / ferc,"louise ,
the ferc has out of the blue requested another piece of info on cinergy . give me a call and i will give you the details .
don",ham,2001-03-14,"cinergy / ferc louise ,
the ferc has out of the blue requested another piece of info on cinergy . give me a call and i will give you the details .
don",0,cinergy ferc louise the ferc has out of the blue requested another piece of info on cinergy give me a call and i will give you the details don,"['cinergy', 'ferc', 'louise', 'ferc', 'blue', 'request', 'another', 'piece', 'info', 'cinergy', 'give', 'call', 'will', 'give', 'detail', 'don']",cinergy ferc louise ferc blue request another piece info cinergy give call will give detail don,142,16,13,0.0,0.0,0,0,0,0,0.0,0,5.0,0,0,0,1,0.5315390105609866,0,False
28679,allocation order,"michelle ,
to answer your question on the allocation order is ; lst primary to primary
2 nd primary to alternate ( inside )
3 rd alternate to primary ( inside )
4 th alternate to alternate ( inside )
5 th primary to alternate ( outside )
6 th alternate to primary ( outside )
7 th alternate to alternate ( outside )
8 th overrun / interuptible",ham,2001-07-06,"allocation order michelle ,
to answer your question on the allocation order is ; lst primary to primary
2 nd primary to alternate ( inside )
3 rd alternate to primary ( inside )
4 th alternate to alternate ( inside )
5 th primary to alternate ( outside )
6 th alternate to primary ( outside )
7 th alternate to alternate ( outside )
8 th overrun / interuptible",0,allocation order michelle to answer your question on the allocation order is lst primary to primary nd primary to alternate inside rd alternate to primary inside th alternate to alternate inside th primary to alternate outside th alternate to primary outside th alternate to alternate outside th overrun interuptible,"['alloca', 'order', 'michelle', 'answer', 'ques', 'alloca', 'order', 'lst', 'primary', 'primary', 'primary', 'alternate', 'inside', 'alternate', 'primary', 'inside', 'alternate', 'alternate', 'inside', 'primary', 'alternate', 'outside', 'alternate', 'primary', 'outside', 'alternate', 'alternate', 'outside', 'overrun', 'interuptible']",alloca order michelle answer ques alloca order lst primary primary primary alternate inside alternate primary inside alternate alternate inside primary alternate outside alternate primary outside alternate alternate outside overrun interuptible,316,30,12,0.0,0.0,0,0,0,2,0.0,-2,7.166666666666667,0,0,0,1,0.7062850157992062,0,False
23168,sap reporting workshops,"over the last two weeks , the following number of people from the indicated
business units have attended the sap reporting workshops . in addition ,
approximately 75 people attended the reporting workshops held in london .
ees 18
ena 118
gf 7
gp 8
gpg 125
total : 276
we have continued to refine our approach to these workshops , and the
responses indicate that we are doing a lot better . we asked the 276
participants : "" on a scale of 1 to 10 , how effectively did the workshop . . . . . .
1 . help you learn something new ?
2 . increase your comfort level with extracting data ?
3 . make sap standard reporting more useful ?
4 . use activities and discussions to contribute to your learning ?
5 . better prepared to do your job ? ""
here are the average responses , by business unit and by specific reporting
workshop
overall evaluations by business unit
helped me increased made sap contributed better prepared
bu learn my comfort std . reporting to my me to
do
something new level more useful learning my job
ees 8 . 28 8 . 17 8 . 17 8 . 28 8 . 61
ena 7 . 58 7 . 12 7 . 38 7 . 63 7 . 21
gf 9 . 00 9 . 43 9 . 29 9 . 14 9 . 14
gp 8 . 63 8 . 38 8 . 75 9 . 00 8 . 75
gpg 7 . 94 7 . 65 7 . 65 7 . 71 7 . 70
overall evaluations by reporting workshop
learn increase reporting contributed better prepared
bu curriculum something comfort more to my me to do
new level useful learning my job
ees am & ps 8 . 67 9 . 00 8 . 33 9 . 00 9 . 00
ees ap 7 . 67 8 . 67 8 . 67 8 . 67 8 . 67
ees ap & ar 10 . 00 10 . 00 8 . 67 9 . 33 10 . 00
ees design & data flow 7 . 78 7 . 11 7 . 78 7 . 56 8 . 00
ena active excel 8 . 90 8 . 34 8 . 52 8 . 59 8 . 41
ena am 7 . 30 6 . 90 6 . 80 6 . 80 6 . 90
ena ap & ar 8 . 88 7 . 88 8 . 38 8 . 50 8 . 50
ena design & data flow 6 . 15 5 . 80 6 . 27 6 . 60 5 . 80
ena gl 8 . 00 8 . 00 7 . 80 8 . 20 7 . 60
ena gl cca & io 8 . 72 8 . 39 8 . 28 8 . 78 8 . 50
gf cca & gl 9 . 00 9 . 33 9 . 33 9 . 67 9 . 33
gf fx / intercompany 9 . 00 9 . 50 9 . 25 8 . 75 9 . 00
gp design & data flow 8 . 20 8 . 00 8 . 40 9 . 00 8 . 60
gp gl pca & cca 9 . 33 9 . 00 9 . 33 9 . 00 9 . 00
gpg am & ps 8 . 75 8 . 25 8 . 25 8 . 75 8 . 50
gpg ap 8 . 70 8 . 70 8 . 70 8 . 40 8 . 50
gpg ap & ar 8 . 77 8 . 38 8 . 31 9 . 00 9 . 08
gpg ap cca & io 9 . 20 9 . 20 9 . 40 8 . 60 9 . 20
gpg ar 7 . 80 7 . 47 7 . 73 7 . 73 7 . 60
gpg design & data flow 7 . 42 6 . 73 6 . 82 6 . 76 6 . 69
gpg gl 7 . 18 7 . 09 7 . 09 7 . 09 7 . 18
gpg gl & io 7 . 82 7 . 73 7 . 73 7 . 55 7 . 91
gpg ic 7 . 80 6 . 80 7 . 60 7 . 40 8 . 00
gpg ic & cca 7 . 25 9 . 00 6 . 75 8 . 50 8 . 50
gpg im & ps 8 . 33 8 . 22 8 . 11 8 . 56 7 . 78
gpg io ic & cca 8 . 67 9 . 00 8 . 78 8 . 78 8 . 67
thanks for everyone ' s participation and keep the feedback coming !",ham,2000-08-22,"sap reporting workshops over the last two weeks , the following number of people from the indicated
business units have attended the sap reporting workshops . in addition ,
approximately 75 people attended the reporting workshops held in london .
ees 18
ena 118
gf 7
gp 8
gpg 125
total : 276
we have continued to refine our approach to these workshops , and the
responses indicate that we are doing a lot better . we asked the 276
participants : "" on a scale of 1 to 10 , how effectively did the workshop . . . . . .
1 . help you learn something new ?
2 . increase your comfort level with extracting data ?
3 . make sap standard reporting more useful ?
4 . use activities and discussions to contribute to your learning ?
5 . better prepared to do your job ? ""
here are the average responses , by business unit and by specific reporting
workshop
overall evaluations by business unit
helped me increased made sap contributed better prepared
bu learn my comfort std . reporting to my me to
do
something new level more useful learning my job
ees 8 . 28 8 . 17 8 . 17 8 . 28 8 . 61
ena 7 . 58 7 . 12 7 . 38 7 . 63 7 . 21
gf 9 . 00 9 . 43 9 . 29 9 . 14 9 . 14
gp 8 . 63 8 . 38 8 . 75 9 . 00 8 . 75
gpg 7 . 94 7 . 65 7 . 65 7 . 71 7 . 70
overall evaluations by reporting workshop
learn increase reporting contributed better prepared
bu curriculum something comfort more to my me to do
new level useful learning my job
ees am & ps 8 . 67 9 . 00 8 . 33 9 . 00 9 . 00
ees ap 7 . 67 8 . 67 8 . 67 8 . 67 8 . 67
ees ap & ar 10 . 00 10 . 00 8 . 67 9 . 33 10 . 00
ees design & data flow 7 . 78 7 . 11 7 . 78 7 . 56 8 . 00
ena active excel 8 . 90 8 . 34 8 . 52 8 . 59 8 . 41
ena am 7 . 30 6 . 90 6 . 80 6 . 80 6 . 90
ena ap & ar 8 . 88 7 . 88 8 . 38 8 . 50 8 . 50
ena design & data flow 6 . 15 5 . 80 6 . 27 6 . 60 5 . 80
ena gl 8 . 00 8 . 00 7 . 80 8 . 20 7 . 60
ena gl cca & io 8 . 72 8 . 39 8 . 28 8 . 78 8 . 50
gf cca & gl 9 . 00 9 . 33 9 . 33 9 . 67 9 . 33
gf fx / intercompany 9 . 00 9 . 50 9 . 25 8 . 75 9 . 00
gp design & data flow 8 . 20 8 . 00 8 . 40 9 . 00 8 . 60
gp gl pca & cca 9 . 33 9 . 00 9 . 33 9 . 00 9 . 00
gpg am & ps 8 . 75 8 . 25 8 . 25 8 . 75 8 . 50
gpg ap 8 . 70 8 . 70 8 . 70 8 . 40 8 . 50
gpg ap & ar 8 . 77 8 . 38 8 . 31 9 . 00 9 . 08
gpg ap cca & io 9 . 20 9 . 20 9 . 40 8 . 60 9 . 20
gpg ar 7 . 80 7 . 47 7 . 73 7 . 73 7 . 60
gpg design & data flow 7 . 42 6 . 73 6 . 82 6 . 76 6 . 69
gpg gl 7 . 18 7 . 09 7 . 09 7 . 09 7 . 18
gpg gl & io 7 . 82 7 . 73 7 . 73 7 . 55 7 . 91
gpg ic 7 . 80 6 . 80 7 . 60 7 . 40 8 . 00
gpg ic & cca 7 . 25 9 . 00 6 . 75 8 . 50 8 . 50
gpg im & ps 8 . 33 8 . 22 8 . 11 8 . 56 7 . 78
gpg io ic & cca 8 . 67 9 . 00 8 . 78 8 . 78 8 . 67
thanks for everyone ' s participation and keep the feedback coming !",0,sap reporting workshops over the last two weeks the following number of people from the indicated business units have attended the sap reporting workshops in addition approximately people attended the reporting workshops held in london ees ena gf gp gpg total we have continued to refine our approach to these workshops and the responses indicate that we are doing a lot better we asked the participants on a scale of to how effectively did the workshop help you learn something new ? increase your comfort level with extracting data ? make sap standard reporting more useful ? use activities and discussions to contribute to your learning ? better prepared to do your job ? here are the average responses by business unit and by specific reporting workshop overall evaluations by business unit helped me increased made sap contributed better prepared bu learn my comfort std reporting to my me to do something new level more useful learning my job ees ena gf gp gpg overall evaluations by reporting workshop learn increase reporting contributed better prepared bu curriculum something comfort more to my me to do new level useful learning my job ees am ps ees ap ees ap ar ees design data flow ena active excel ena am ena ap ar ena design data flow ena gl ena gl cca io gf cca gl gf fx intercompany gp design data flow gp gl pca cca gpg am ps gpg ap gpg ap ar gpg ap cca io gpg ar gpg design data flow gpg gl gpg gl io gpg ic gpg ic cca gpg im ps gpg io ic cca thanks for everyone s participation and keep the feedback coming !,"['sap', 'report', 'workshop', 'last', 'two', 'week', 'follow', 'number', 'people', 'indicat', 'busines', 'unit', 'attend', 'sap', 'report', 'workshop', 'addi', 'approximately', 'people', 'attend', 'report', 'workshop', 'held', 'london', 'ees', 'ena', 'gpg', 'total', 'continu', 'refine', 'approach', 'workshop', 'response', 'indicate', 'lot', 'better', 'ask', 'participant', 'scale', 'effectively', 'workshop', 'help', 'learn', 'someth', 'new', 'increase', 'comfort', 'level', 'extract', 'data', 'make', 'sap', 'standard', 'report', 'useful', 'use', 'activitie', 'discussion', 'contribute', 'learn', 'better', 'prepar', 'job', 'average', 'response', 'busines', 'unit', 'specific', 'report', 'workshop', 'overall', 'evaluation', 'busines', 'unit', 'help', 'increas', 'made', 'sap', 'contribut', 'better', 'prepar', 'learn', 'comfort', 'std', 'report', 'someth', 'new', 'level', 'useful', 'learn', 'job', 'ees', 'ena', 'gpg', 'overall', 'evaluation', 'report', 'workshop', 'learn', 'increase', 'report', 'contribut', 'better', 'prepar', 'curriculum', 'someth', 'comfort', 'new', 'level', 'useful', 'learn', 'job', 'ees', 'ees', 'ees', 'ees', 'design', 'data', 'flow', 'ena', 'active', 'excel', 'ena', 'ena', 'ena', 'design', 'data', 'flow', 'ena', 'ena', 'cca', 'cca', 'intercompany', 'design', 'data', 'flow', 'pca', 'cca', 'gpg', 'gpg', 'gpg', 'gpg', 'cca', 'gpg', 'gpg', 'design', 'data', 'flow', 'gpg', 'gpg', 'gpg', 'gpg', 'cca', 'gpg', 'gpg', 'cca', 'everyone', 'participa', 'keep', 'feedback', 'com']",sap report workshop last two week follow number people indicat busines unit attend sap report workshop addi approximately people attend report workshop held london ees ena gpg total continu refine approach workshop response indicate lot better ask participant scale effectively workshop help learn someth new increase comfort level extract data make sap standard report useful use activitie discussion contribute learn better prepar job average response busines unit specific report workshop overall evaluation busines unit help increas made sap contribut better prepar learn comfort std report someth new level useful learn job ees ena gpg overall evaluation report workshop learn increase report contribut better prepar curriculum someth comfort new level useful learn job ees ees ees ees design data flow ena active excel ena ena ena design data flow ena ena cca cca intercompany design data flow pca cca gpg gpg gpg gpg cca gpg gpg design data flow gpg gpg gpg gpg cca gpg gpg cca everyone participa keep feedback com,1528,161,71,0.0,0.0,1,5,0,9,0.0,-9,5.3478260869565215,0,0,0,1,0.5338074206841517,0,False
14475,ny office,"louise -
i ' d like to talk to about my past and future efforts in ny in relation to netco . i will give you a call today .
kind regards ,
caroline",ham,2001-12-27,"ny office louise -
i ' d like to talk to about my past and future efforts in ny in relation to netco . i will give you a call today .
kind regards ,
caroline",0,ny office louise i d like to talk to about my past and future efforts in ny in relation to netco i will give you a call today kind regards caroline,"['office', 'louise', 'like', 'talk', 'past', 'future', 'effort', 'rela', 'netco', 'will', 'give', 'call', 'today', 'kind', 'caroline']",office louise like talk past future effort rela netco will give call today kind caroline,147,15,15,0.0,0.0,0,0,0,0,0.0,0,4.933333333333334,0,0,0,1,0.5470184338383945,0,False
14754,estate migration,"the estate version of the systems were commissioned successfuly onto estate hardware this weekend with the users completing their testing on sunday , and it looks as though we are in good shape for doing the same for netco this week .
just a few weeks ago there was a lot of doubts that it could be done , but thanks to a great display of team work , and just plain hard work , with many late nights ( and a few sleep overs . . . . ) , we met our first major milestone ! ! ! ! !
thanks for the outstanding efforts over the last two weeks , that made this weekend possible .
best regards
steve",ham,2002-01-14,"estate migration the estate version of the systems were commissioned successfuly onto estate hardware this weekend with the users completing their testing on sunday , and it looks as though we are in good shape for doing the same for netco this week .
just a few weeks ago there was a lot of doubts that it could be done , but thanks to a great display of team work , and just plain hard work , with many late nights ( and a few sleep overs . . . . ) , we met our first major milestone ! ! ! ! !
thanks for the outstanding efforts over the last two weeks , that made this weekend possible .
best regards
steve",0,estate migration the estate version of the systems were commissioned successfuly onto estate hardware this weekend with the users completing their testing on sunday and it looks as though we are in good shape for doing the same for netco this week just a few weeks ago there was a lot of doubts that it could be done but thanks to a great display of team work and just plain hard work with many late nights and a few sleep overs we met our first major milestone ! ! ! ! ! thanks for the outstanding efforts over the last two weeks that made this weekend possible best regards steve,"['estate', 'migra', 'estate', 'version', 'system', 'commission', 'successfuly', 'onto', 'estate', 'hardware', 'weekend', 'user', 'complet', 'test', 'sunday', 'look', 'though', 'good', 'shape', 'netco', 'week', 'just', 'week', 'ago', 'lot', 'doubt', 'done', 'great', 'display', 'team', 'work', 'just', 'plain', 'hard', 'work', 'many', 'late', 'night', 'sleep', 'over', 'met', 'first', 'major', 'milestone', 'outstand', 'effort', 'last', 'two', 'week', 'made', 'weekend', 'possible', 'best', 'steve']",estate migra estate version system commission successfuly onto estate hardware weekend user complet test sunday look though good shape netco week just week ago lot doubt done great display team work just plain hard work many late night sleep over met first major milestone outstand effort last two week made weekend possible best steve,581,54,47,0.0,0.0,5,0,0,0,0.0,0,5.222222222222222,0,0,0,1,0.5980406075320169,0,False
5727,ravi thuraisingham ' s skytel two way pager number,"here is the pager number that has been setup via jim irvine .
email : 8776804806 @ skytel . com
direct dial :
800 dial : 1 - 800 - 759 - 8352 box # 877 - 680 - 4806
i can be reached at this pager if you need to get me asap .
ravi .",ham,2000-03-14,"ravi thuraisingham ' s skytel two way pager number here is the pager number that has been setup via jim irvine .
email : 8776804806 @ skytel . com
direct dial :
800 dial : 1 - 800 - 759 - 8352 box # 877 - 680 - 4806
i can be reached at this pager if you need to get me asap .
ravi .",0,ravi thuraisingham s skytel two way pager number here is the pager number that has been setup via jim irvine email skytel com direct dial dial box i can be reached at this pager if you need to get me asap ravi,"['ravi', 'thuraisingham', 'skytel', 'two', 'way', 'pager', 'number', 'pager', 'number', 'setup', 'via', 'jim', 'irvine', 'skytel', 'com', 'direct', 'dial', 'dial', 'box', 'can', 'reach', 'pager', 'ne', 'get', 'asap', 'ravi']",ravi thuraisingham skytel two way pager number pager number setup via jim irvine skytel com direct dial dial box can reach pager ne get asap ravi,209,26,20,0.0,0.0,0,0,0,0,0.0,0,4.615384615384615,0,0,0,1,0.6974693692684215,0,False
78,calpine,"my cellular phone number is 713 - 562 - 2050 if you have any questions over the
weekend or holiday do not hesitate to give me a call . thanks .",ham,1999-12-31,"calpine my cellular phone number is 713 - 562 - 2050 if you have any questions over the
weekend or holiday do not hesitate to give me a call . thanks .",0,calpine my cellular phone number is if you have any questions over the weekend or holiday do not hesitate to give me a call thanks,"['calpine', 'cellular', 'phone', 'number', 'question', 'weekend', 'holiday', 'not', 'hesitate', 'give', 'call']",calpine cellular phone number question weekend holiday not hesitate give call,130,11,11,0.0,0.0,0,0,0,0,0.0,0,6.090909090909091,0,0,0,1,0.5618197116875538,0,False
14340,expense ground rules,"what level of expense do you want to be notified about ?
( e . g . i want to authorise kal to spend about $ 5 , 000 over the next couple of weeks on preliminary work for marketing materials to support a relaunch of enrononline )
dave",ham,2001-12-11,"expense ground rules what level of expense do you want to be notified about ?
( e . g . i want to authorise kal to spend about $ 5 , 000 over the next couple of weeks on preliminary work for marketing materials to support a relaunch of enrononline )
dave",0,expense ground rules what level of expense do you want to be notified about ? e g i want to authorise kal to spend about over the next couple of weeks on preliminary work for marketing materials to support a relaunch of enrononline dave,"['expense', 'ground', 'rule', 'level', 'expense', 'want', 'notifi', 'want', 'authorise', 'kal', 'spend', 'next', 'couple', 'week', 'preliminary', 'work', 'market', 'material', 'support', 'relaunch', 'enrononline', 'dave']",expense ground rule level expense want notifi want authorise kal spend next couple week preliminary work market material support relaunch enrononline dave,236,22,20,0.0,0.0,0,1,0,0,0.0,0,6.045454545454546,0,0,0,1,0.6059084575110596,0,False
28125,kern river maintenance,"note : i am not sure this will have a downstream impact . . . thought i ' d pass
it on anyhow . lorna
kern river has scheduled semi - annual inspections for the solar turbine
compressors at muddy creek ( wy ) station for nov . 7 - 10 . no interruptible
service will be available during this period except at the pg & e daggett and
oxy 17 z receipt points . primary capacity behind muddy creek will be
restricted to about 310 mmcf / d and allocated .",ham,2000-10-30,"kern river maintenance note : i am not sure this will have a downstream impact . . . thought i ' d pass
it on anyhow . lorna
kern river has scheduled semi - annual inspections for the solar turbine
compressors at muddy creek ( wy ) station for nov . 7 - 10 . no interruptible
service will be available during this period except at the pg & e daggett and
oxy 17 z receipt points . primary capacity behind muddy creek will be
restricted to about 310 mmcf / d and allocated .",0,kern river maintenance note i am not sure this will have a downstream impact thought i d pass it on anyhow lorna kern river has scheduled semi annual inspections for the solar turbine compressors at muddy creek wy station for nov no interruptible service will be available during this period except at the pg e daggett and oxy z receipt points primary capacity behind muddy creek will be restricted to about mmcf d and allocated,"['kern', 'river', 'maintenance', 'note', 'not', 'sure', 'will', 'downstream', 'impact', 'thought', 'pas', 'anyhow', 'lorna', 'kern', 'river', 'schedul', 'semi', 'annual', 'inspection', 'solar', 'turbine', 'compressor', 'muddy', 'creek', 'sta', 'nov', 'interruptible', 'service', 'will', 'available', 'period', 'except', 'daggett', 'oxy', 'receipt', 'point', 'primary', 'capacity', 'behind', 'muddy', 'creek', 'will', 'restrict', 'mmcf', 'allocat']",kern river maintenance note not sure will downstream impact thought pas anyhow lorna kern river schedul semi annual inspection solar turbine compressor muddy creek sta nov interruptible service will available period except daggett oxy receipt point primary capacity behind muddy creek will restrict mmcf allocat,428,45,39,0.0,0.0,0,0,0,1,0.0,-1,5.933333333333334,0,0,0,1,0.5293315785096331,0,False
9009,your confirmation is needed,"please reply to this email message to confirm your subscription to
enl - dailyupdate - txt .
your email address has been entered for a subscription to the
enl - dailyupdate - txt mailing list . however , your new subscription requires
a confirmation that you received this email message and want
to join this mailing list .
if you do not want to join , do nothing . you will be automatically
removed .
to confirm that you do want to join , simply reply to this message .
make sure that your message is addressed to
to unsubscribe immediately , you send an email message to
",ham,2001-04-11,"your confirmation is needed please reply to this email message to confirm your subscription to
enl - dailyupdate - txt .
your email address has been entered for a subscription to the
enl - dailyupdate - txt mailing list . however , your new subscription requires
a confirmation that you received this email message and want
to join this mailing list .
if you do not want to join , do nothing . you will be automatically
removed .
to confirm that you do want to join , simply reply to this message .
make sure that your message is addressed to
to unsubscribe immediately , you send an email message to
",0,your confirmation is needed please reply to this email message to confirm your subscription to enl dailyupdate txt your email address has been entered for a subscription to the enl dailyupdate txt mailing list however your new subscription requires a confirmation that you received this email message and want to join this mailing list if you do not want to join do nothing you will be automatically removed to confirm that you do want to join simply reply to this message make sure that your message is addressed to to unsubscribe immediately you send an email message to,"['confirma', 'need', 'reply', 'confirm', 'subscrip', 'enl', 'dailyupdate', 'txt', 'addres', 'enter', 'subscrip', 'enl', 'dailyupdate', 'txt', 'mail', 'list', 'however', 'new', 'subscrip', 'require', 'confirma', 'want', 'join', 'mail', 'list', 'not', 'want', 'join', 'noth', 'will', 'automatically', 'remov', 'confirm', 'want', 'join', 'simply', 'reply', 'make', 'sure', 'address', 'unsubscribe', 'immediately', 'send']",confirma need reply confirm subscrip enl dailyupdate txt addres enter subscrip enl dailyupdate txt mail list however new subscrip require confirma want join mail list not want join noth will automatically remov confirm want join simply reply make sure address unsubscribe immediately send,572,43,29,0.0,0.0,0,0,3,0,0.0697674418604651,3,5.72093023255814,0,0,0,1,0.6963459537130676,0,False
1524,lonestar payback for 31 st,"fyi - - - - i am working on getting that oversight for the payback on the 31 st
corrected , switched from the current tenaska contracts , to our old transport .",ham,2000-09-01,"lonestar payback for 31 st fyi - - - - i am working on getting that oversight for the payback on the 31 st
corrected , switched from the current tenaska contracts , to our old transport .",0,lonestar payback for st fyi i am working on getting that oversight for the payback on the st corrected switched from the current tenaska contracts to our old transport,"['lonestar', 'payback', 'fyi', 'work', 'gett', 'oversight', 'payback', 'correct', 'switch', 'current', 'tenaska', 'contract', 'old', 'transport']",lonestar payback fyi work gett oversight payback correct switch current tenaska contract old transport,167,14,13,0.0,0.0,0,0,0,0,0.0,0,6.357142857142857,0,0,0,1,0.5583387511708768,0,False
11703,earnings,"calger
$ 42 pastoria
$ 7 q 2 & $ 10 q 3 fountain valley
$ 2 7 eas
$ 3 . 5 delta
$ 7 m cdwr option
$ 80 m to date",ham,2001-05-04,"earnings calger
$ 42 pastoria
$ 7 q 2 & $ 10 q 3 fountain valley
$ 2 7 eas
$ 3 . 5 delta
$ 7 m cdwr option
$ 80 m to date",0,earnings calger pastoria q q fountain valley eas delta m cdwr option m to date,"['earning', 'calger', 'pastoria', 'fountain', 'valley', 'eas', 'delta', 'cdwr', 'op']",earning calger pastoria fountain valley eas delta cdwr op,78,9,9,0.0,0.0,0,0,0,0,0.0,0,5.444444444444445,0,0,0,1,0.671357501101715,0,False
