Message ID,Subject,Message,Spam/Ham,Date,text,label,cleaned_text,tokens,processed_text,text_length,word_count,unique_words,capital_ratio,digit_ratio,exclamation_count,question_count,spam_word_count,ham_word_count,spam_ratio,spam_ham_diff,avg_word_length,url_count,email_count,money_count
13356,year - to - date deals,"attached are the year - to - date deals through 10 / 17 / 01 .
lex carroll
enron east power marketing , inc .
midwest origination
713 - 853 - 5426",ham,2001-10-18,"year - to - date deals attached are the year - to - date deals through 10 / 17 / 01 .
lex carroll
enron east power marketing , inc .
midwest origination
713 - 853 - 5426",0,year to date deals attached are the year to date deals through lex carroll enron east power marketing inc midwest origination,"['year', 'deal', 'attach', 'year', 'deal', 'lex', 'carroll', 'enron', 'east', 'power', 'market', 'inc', 'midwest', 'origina']",year deal attach year deal lex carroll enron east power market inc midwest origina,125,14,12,0.0,0.0,0,0,0,0,0.0,0,4.928571428571429,0,0,0
31891,darlin ! : ),"evening , landlord : )
sige
",spam,2005-02-20,"darlin ! : ) evening , landlord : )
sige
",1,darlin ! evening landlord sige,"['darlin', 'even', 'landlord', 'sige']",darlin even landlord sige,30,4,4,0.0,0.0,1,0,0,0,0.0,0,5.5,0,0,0
2042,gulf plains,"imbalance update : i spoke with mike bilberry and confirmed that this deal
really is energy in / energy out . we should not be impacted in any way by a
reallocation to correct pvr percentages or a c 5 correction at the plant .
hpl / ena should rereceive the same volume , dth for dth at the residue or at a
redelivery point such as lobo / agua . i have left a message for my counterpart
at duke and am requesting that they deliver to us , somewhere , an additional
20 , 125 dth / day for the month of december to balance us out .
please let me know if you have any questions or comments . i will advise
everyone upon their agreement to payback so that our respective positions
reflect the additional supply .
mary",ham,2000-11-15,"gulf plains imbalance update : i spoke with mike bilberry and confirmed that this deal
really is energy in / energy out . we should not be impacted in any way by a
reallocation to correct pvr percentages or a c 5 correction at the plant .
hpl / ena should rereceive the same volume , dth for dth at the residue or at a
redelivery point such as lobo / agua . i have left a message for my counterpart
at duke and am requesting that they deliver to us , somewhere , an additional
20 , 125 dth / day for the month of december to balance us out .
please let me know if you have any questions or comments . i will advise
everyone upon their agreement to payback so that our respective positions
reflect the additional supply .
mary",0,gulf plains imbalance update i spoke with mike bilberry and confirmed that this deal really is energy in energy out we should not be impacted in any way by a reallocation to correct pvr percentages or a c correction at the plant hpl ena should rereceive the same volume dth for dth at the residue or at a redelivery point such as lobo agua i have left a message for my counterpart at duke and am requesting that they deliver to us somewhere an additional dth day for the month of december to balance us out please let me know if you have any questions or comments i will advise everyone upon their agreement to payback so that our respective positions reflect the additional supply mary,"['gulf', 'plain', 'imbalance', 'update', 'spoke', 'mike', 'bilberry', 'confirm', 'deal', 'really', 'energy', 'energy', 'not', 'impact', 'way', 'realloca', 'correct', 'pvr', 'percentage', 'correc', 'plant', 'hpl', 'ena', 'rereceive', 'volume', 'dth', 'dth', 'residue', 'redelivery', 'point', 'lobo', 'agua', 'left', 'counterpart', 'duke', 'request', 'deliver', 'somewhere', 'additional', 'dth', 'day', 'month', 'december', 'balance', 'let', 'know', 'question', 'comment', 'will', 'advise', 'everyone', 'upon', 'agreement', 'payback', 'respective', 'position', 'reflect', 'additional', 'supply', 'mary']",gulf plain imbalance update spoke mike bilberry confirm deal really energy energy not impact way realloca correct pvr percentage correc plant hpl ena rereceive volume dth dth residue redelivery point lobo agua left counterpart duke request deliver somewhere additional dth day month december balance let know question comment will advise everyone upon agreement payback respective position reflect additional supply mary,686,60,56,0.0,0.0,0,0,1,0,0.016666666666666666,1,6.016666666666667,0,0,0
5764,re : presentation,"will do - - thank you very much .
dawn
from : dawn scovill , event coordinator
designs event consulting
dawn @ perfectmeeting . com
- - - - - original message - - - - -
from : vince j kaminski
to :
cc : ; vince j kaminski
;
sent : friday , march 17 , 2000 5 : 38 pm
subject : re : presentation
>
>
> david ,
>
> i am leaving for vacation this weekend and i haven ' t received the copy of
your
> presentation yet .
> the window during which i could make changes to my presentation is closing
very
> fast . let ' s
> do the following : i shall keep my presentation as is ( this means that i
shall
> use the copy of my
> presentation i sent to dawn scovill and you this week ) . if there is an
overlap
> between our presentations , so be it .
>
> dawn , please use the copy of my presentation i sent you earlier this week .
>
> vince
>
>
> - - - - - - - - - - - - - - - - - - - - - - forwarded by vince j kaminski / hou / ect on 03 / 17 / 2000
04 : 33
> pm - - - - - - - - - - - - - - - - - - - - - - - - - - -
>
>
> vince j kaminski
> 03 / 16 / 2000 08 : 02 am
>
> to : "" dawn scovill "" @ enron
> cc : sobotkad @ kochind . com , vince j kaminski / hou / ect @ ect
> subject : re : presentation ( document link : vince j kaminski )
>
> dawn ,
>
> i met david sobotka from koch this morning and we talked about
coordinating our
> presentations .
> this means there will be changes intended to avoid overlaps . sorry for
that . the
> portions of my presentation
> will survive ( those about valuation paradigms ) and i shall add a few more
pages
> on accounting treatment of weather derivatives
> plus more specific examples . david will cover primarily market evolution +
plus
> examples of some
> standard structures , and we shall both give more interesting examples of
> specific deals executed by our companies .
>
> i shall send you an updated version of my part next week . let me know what
the
> deadline is .
>
> vince
>
>
>
> "" dawn scovill "" on 03 / 14 / 2000 07 : 53 : 47 am
>
> to : "" vince j kaminski ""
> cc :
> subject : re : presentation
>
>
> thanks - - would you like me to include these in the conference book ? or do
> you anticipate changes ?
>
> dawn
> * * * * * * * * * * * * * * * * * * * * * * * * * * * * * * * * * * * * * * * * * * * * * * * *
> from : dawn scovill , conference coordinator
> "" powerful new ideas 2000 ""
> dawn @ perfectmeeting . com
>
>
> - - - - - original message - - - - -
> from : vince j kaminski
> to :
> cc : shirley crenshaw ; vince j kaminski
> ; vince j kaminski
> sent : monday , march 13 , 2000 1 : 56 pm
> subject : presentation
>
>
> >
> >
> > dawn ,
> >
> > i am sending you an electronic version of my presentation .
> >
> > vince kaminski
> >
> > ( see attached file : fplo 400 . ppt )
> >
>
>
>
>
>
>
>
>",ham,2000-03-19,"re : presentation will do - - thank you very much .
dawn
from : dawn scovill , event coordinator
designs event consulting
dawn @ perfectmeeting . com
- - - - - original message - - - - -
from : vince j kaminski
to :
cc : ; vince j kaminski
;
sent : friday , march 17 , 2000 5 : 38 pm
subject : re : presentation
>
>
> david ,
>
> i am leaving for vacation this weekend and i haven ' t received the copy of
your
> presentation yet .
> the window during which i could make changes to my presentation is closing
very
> fast . let ' s
> do the following : i shall keep my presentation as is ( this means that i
shall
> use the copy of my
> presentation i sent to dawn scovill and you this week ) . if there is an
overlap
> between our presentations , so be it .
>
> dawn , please use the copy of my presentation i sent you earlier this week .
>
> vince
>
>
> - - - - - - - - - - - - - - - - - - - - - - forwarded by vince j kaminski / hou / ect on 03 / 17 / 2000
04 : 33
> pm - - - - - - - - - - - - - - - - - - - - - - - - - - -
>
>
> vince j kaminski
> 03 / 16 / 2000 08 : 02 am
>
> to : "" dawn scovill "" @ enron
> cc : sobotkad @ kochind . com , vince j kaminski / hou / ect @ ect
> subject : re : presentation ( document link : vince j kaminski )
>
> dawn ,
>
> i met david sobotka from koch this morning and we talked about
coordinating our
> presentations .
> this means there will be changes intended to avoid overlaps . sorry for
that . the
> portions of my presentation
> will survive ( those about valuation paradigms ) and i shall add a few more
pages
> on accounting treatment of weather derivatives
> plus more specific examples . david will cover primarily market evolution +
plus
> examples of some
> standard structures , and we shall both give more interesting examples of
> specific deals executed by our companies .
>
> i shall send you an updated version of my part next week . let me know what
the
> deadline is .
>
> vince
>
>
>
> "" dawn scovill "" on 03 / 14 / 2000 07 : 53 : 47 am
>
> to : "" vince j kaminski ""
> cc :
> subject : re : presentation
>
>
> thanks - - would you like me to include these in the conference book ? or do
> you anticipate changes ?
>
> dawn
> * * * * * * * * * * * * * * * * * * * * * * * * * * * * * * * * * * * * * * * * * * * * * * * *
> from : dawn scovill , conference coordinator
> "" powerful new ideas 2000 ""
> dawn @ perfectmeeting . com
>
>
> - - - - - original message - - - - -
> from : vince j kaminski
> to :
> cc : shirley crenshaw ; vince j kaminski
> ; vince j kaminski
> sent : monday , march 13 , 2000 1 : 56 pm
> subject : presentation
>
>
> >
> >
> > dawn ,
> >
> > i am sending you an electronic version of my presentation .
> >
> > vince kaminski
> >
> > ( see attached file : fplo 400 . ppt )
> >
>
>
>
>
>
>
>
>",0,re presentation will do thank you very much dawn from dawn scovill event coordinator designs event consulting dawn perfectmeeting com original message from vince j kaminski to cc vince j kaminski sent friday march pm subject re presentation david i am leaving for vacation this weekend and i haven t received the copy of your presentation yet the window during which i could make changes to my presentation is closing very fast let s do the following i shall keep my presentation as is this means that i shall use the copy of my presentation i sent to dawn scovill and you this week if there is an overlap between our presentations so be it dawn please use the copy of my presentation i sent you earlier this week vince forwarded by vince j kaminski hou ect on pm vince j kaminski am to dawn scovill enron cc sobotkad kochind com vince j kaminski hou ect ect subject re presentation document link vince j kaminski dawn i met david sobotka from koch this morning and we talked about coordinating our presentations this means there will be changes intended to avoid overlaps sorry for that the portions of my presentation will survive those about valuation paradigms and i shall add a few more pages on accounting treatment of weather derivatives plus more specific examples david will cover primarily market evolution plus examples of some standard structures and we shall both give more interesting examples of specific deals executed by our companies i shall send you an updated version of my part next week let me know what the deadline is vince dawn scovill on am to vince j kaminski cc subject re presentation thanks would you like me to include these in the conference book ? or do you anticipate changes ? dawn from dawn scovill conference coordinator powerful new ideas dawn perfectmeeting com original message from vince j kaminski to cc shirley crenshaw vince j kaminski vince j kaminski sent monday march pm subject presentation dawn i am sending you an electronic version of my presentation vince kaminski see attached file fplo ppt,"['presenta', 'will', 'much', 'dawn', 'dawn', 'scovill', 'event', 'coordinator', 'design', 'event', 'consult', 'dawn', 'perfectmeet', 'com', 'original', 'vince', 'kaminski', 'vince', 'kaminski', 'friday', 'march', 'presenta', 'david', 'leav', 'vaca', 'weekend', 'haven', 'copy', 'presenta', 'yet', 'window', 'make', 'change', 'presenta', 'clos', 'fast', 'let', 'follow', 'shall', 'keep', 'presenta', 'mean', 'shall', 'use', 'copy', 'presenta', 'dawn', 'scovill', 'week', 'overlap', 'presentation', 'dawn', 'use', 'copy', 'presenta', 'earlier', 'week', 'vince', 'forward', 'vince', 'kaminski', 'hou', 'ect', 'vince', 'kaminski', 'dawn', 'scovill', 'enron', 'sobotkad', 'kochind', 'com', 'vince', 'kaminski', 'hou', 'ect', 'ect', 'presenta', 'document', 'link', 'vince', 'kaminski', 'dawn', 'met', 'david', 'sobotka', 'koch', 'morn', 'talk', 'coordinat', 'presentation', 'mean', 'will', 'change', 'intend', 'avoid', 'overlap', 'portion', 'presenta', 'will', 'survive', 'valua', 'paradigm', 'shall', 'add', 'page', 'account', 'treatment', 'weather', 'derivative', 'plu', 'specific', 'example', 'david', 'will', 'cover', 'primarily', 'market', 'evolu', 'plu', 'example', 'standard', 'structure', 'shall', 'give', 'interest', 'example', 'specific', 'deal', 'execut', 'companie', 'shall', 'send', 'updat', 'version', 'part', 'next', 'week', 'let', 'know', 'deadline', 'vince', 'dawn', 'scovill', 'vince', 'kaminski', 'presenta', 'like', 'include', 'conference', 'book', 'anticipate', 'change', 'dawn', 'dawn', 'scovill', 'conference', 'coordinator', 'powerful', 'new', 'idea', 'dawn', 'perfectmeet', 'com', 'original', 'vince', 'kaminski', 'shirley', 'crenshaw', 'vince', 'kaminski', 'vince', 'kaminski', 'monday', 'march', 'presenta', 'dawn', 'send', 'electronic', 'version', 'presenta', 'vince', 'kaminski', 'see', 'attach', 'file', 'fplo', 'ppt']",presenta will much dawn dawn scovill event coordinator design event consult dawn perfectmeet com original vince kaminski vince kaminski friday march presenta david leav vaca weekend haven copy presenta yet window make change presenta clos fast let follow shall keep presenta mean shall use copy presenta dawn scovill week overlap presentation dawn use copy presenta earlier week vince forward vince kaminski hou ect vince kaminski dawn scovill enron sobotkad kochind com vince kaminski hou ect ect presenta document link vince kaminski dawn met david sobotka koch morn talk coordinat presentation mean will change intend avoid overlap portion presenta will survive valua paradigm shall add page account treatment weather derivative plu specific example david will cover primarily market evolu plu example standard structure shall give interest example specific deal execut companie shall send updat version part next week let know deadline vince dawn scovill vince kaminski presenta like include conference book anticipate change dawn dawn scovill conference coordinator powerful new idea dawn perfectmeet com original vince kaminski shirley crenshaw vince kaminski vince kaminski monday march presenta dawn send electronic version presenta vince kaminski see attach file fplo ppt,2043,187,102,0.0,0.0,0,2,2,6,0.0106951871657754,-4,5.850267379679145,0,0,0
11506,re : aig highstar,"louise :
as an additional follow - up , as part of the approval process , i was told that ena and ee & cc have the right to opt out of this fund at any time during the first twelve months without cause and without penalty . if this is something that neither you nor dave want to do , then i suggest exercising this option .
andy
- - - - - original message - - - - -
from : kitchen , louise
sent : wednesday , april 18 , 2001 12 : 51 pm
to : fastow , andrew s .
subject : aig highstar
we have the aig highstar fund in ena . as i understand it ena committed to $ 12 . 5 m on this with the other 50 % coming from ee & cc . i understand from dave that you are taking the p & l swings on this fund . as they are about to pull further on this money ( < 1 m to date ) , i wondered how you wanted it treating .
let ' s discuss
louise",ham,2001-04-18,"re : aig highstar louise :
as an additional follow - up , as part of the approval process , i was told that ena and ee & cc have the right to opt out of this fund at any time during the first twelve months without cause and without penalty . if this is something that neither you nor dave want to do , then i suggest exercising this option .
andy
- - - - - original message - - - - -
from : kitchen , louise
sent : wednesday , april 18 , 2001 12 : 51 pm
to : fastow , andrew s .
subject : aig highstar
we have the aig highstar fund in ena . as i understand it ena committed to $ 12 . 5 m on this with the other 50 % coming from ee & cc . i understand from dave that you are taking the p & l swings on this fund . as they are about to pull further on this money ( < 1 m to date ) , i wondered how you wanted it treating .
let ' s discuss
louise",0,re aig highstar louise as an additional follow up as part of the approval process i was told that ena and ee cc have the right to opt out of this fund at any time during the first twelve months without cause and without penalty if this is something that neither you nor dave want to do then i suggest exercising this option andy original message from kitchen louise sent wednesday april pm to fastow andrew s subject aig highstar we have the aig highstar fund in ena as i understand it ena committed to m on this with the other coming from ee cc i understand from dave that you are taking the p l swings on this fund as they are about to pull further on this money m to date i wondered how you wanted it treating let s discuss louise,"['aig', 'highstar', 'louise', 'additional', 'follow', 'part', 'approval', 'proces', 'told', 'ena', 'right', 'opt', 'fund', 'time', 'first', 'twelve', 'month', 'without', 'cause', 'without', 'penalty', 'someth', 'neither', 'dave', 'want', 'suggest', 'exercis', 'op', 'andy', 'original', 'kitchen', 'louise', 'wednesday', 'april', 'fastow', 'andrew', 'aig', 'highstar', 'aig', 'highstar', 'fund', 'ena', 'understand', 'ena', 'committ', 'com', 'understand', 'dave', 'tak', 'swing', 'fund', 'pull', 'money', 'wonder', 'want', 'treat', 'let', 'discus', 'louise']",aig highstar louise additional follow part approval proces told ena right opt fund time first twelve month without cause without penalty someth neither dave want suggest exercis op andy original kitchen louise wednesday april fastow andrew aig highstar aig highstar fund ena understand ena committ com understand dave tak swing fund pull money wonder want treat let discus louise,733,59,45,0.0,0.0,0,0,1,0,0.01694915254237288,1,5.440677966101695,0,0,0
12852,competitive analysis update # 13 - us terrorism attacks,"update as of 0730 cdt .
a . market updates
u . s . markets / economic updates
? us equity markets expected to reopen monday . the sec has announced it will allow coordinated buyback schemes to "" ensure an orderly market "" in the event of a market freefall upon monday ' s opening . the sec is also expected to strongly restrict short - selling .
? nymex closed friday ; access trading uncertain
? cbot / cme open friday ; full trading except for equity futures
? standard taliban leaders vow revenge .
? secretary of defense donald h . rumsfeld recommended calling up members of the reserve , initially to help support the combat air patrols securing the skies over major american cities . cabc believes that the reserve call - up will extend well beyond homeland defense and will include overseas deployments .
? the political situation is growing more complicated as evidence mounts that nationals of the united arab emirates were involved in the attack . the implication of these individuals from an oil - producing us ally raises the possibility of political sanctions or other non - military measures that could affect the oil market .
? congress , despite some misgivings from lawmakers over granting president bush open - ended authority , moved to give the administration $ 40 billion to wage its antiterror initiative . again , cabc believes that $ 40 billion represents a sum big enough to cover operations well beyond simply improving homeland defense .",ham,2001-09-14,"competitive analysis update # 13 - us terrorism attacks update as of 0730 cdt .
a . market updates
u . s . markets / economic updates
? us equity markets expected to reopen monday . the sec has announced it will allow coordinated buyback schemes to "" ensure an orderly market "" in the event of a market freefall upon monday ' s opening . the sec is also expected to strongly restrict short - selling .
? nymex closed friday ; access trading uncertain
? cbot / cme open friday ; full trading except for equity futures
? standard taliban leaders vow revenge .
? secretary of defense donald h . rumsfeld recommended calling up members of the reserve , initially to help support the combat air patrols securing the skies over major american cities . cabc believes that the reserve call - up will extend well beyond homeland defense and will include overseas deployments .
? the political situation is growing more complicated as evidence mounts that nationals of the united arab emirates were involved in the attack . the implication of these individuals from an oil - producing us ally raises the possibility of political sanctions or other non - military measures that could affect the oil market .
? congress , despite some misgivings from lawmakers over granting president bush open - ended authority , moved to give the administration $ 40 billion to wage its antiterror initiative . again , cabc believes that $ 40 billion represents a sum big enough to cover operations well beyond simply improving homeland defense .",0,competitive analysis update us terrorism attacks update as of cdt a market updates u s markets economic updates ? us equity markets expected to reopen monday the sec has announced it will allow coordinated buyback schemes to ensure an orderly market in the event of a market freefall upon monday s opening the sec is also expected to strongly restrict short selling ? nymex closed friday access trading uncertain ? cbot cme open friday full trading except for equity futures ? standard taliban leaders vow revenge ? secretary of defense donald h rumsfeld recommended calling up members of the reserve initially to help support the combat air patrols securing the skies over major american cities cabc believes that the reserve call up will extend well beyond homeland defense and will include overseas deployments ? the political situation is growing more complicated as evidence mounts that nationals of the united arab emirates were involved in the attack the implication of these individuals from an oil producing us ally raises the possibility of political sanctions or other non military measures that could affect the oil market ? congress despite some misgivings from lawmakers over granting president bush open ended authority moved to give the administration billion to wage its antiterror initiative again cabc believes that billion represents a sum big enough to cover operations well beyond simply improving homeland defense,"['competitive', 'analysi', 'update', 'terrorism', 'attack', 'update', 'cdt', 'market', 'update', 'market', 'economic', 'update', 'equity', 'market', 'expect', 'reopen', 'monday', 'sec', 'announc', 'will', 'allow', 'coordinat', 'buyback', 'scheme', 'ensure', 'orderly', 'market', 'event', 'market', 'freefall', 'upon', 'monday', 'open', 'sec', 'also', 'expect', 'strongly', 'restrict', 'short', 'sell', 'nymex', 'clos', 'friday', 'acces', 'trad', 'uncertain', 'cbot', 'cme', 'open', 'friday', 'full', 'trad', 'except', 'equity', 'future', 'standard', 'taliban', 'leader', 'vow', 'revenge', 'secretary', 'defense', 'donald', 'rumsfeld', 'recommend', 'call', 'member', 'reserve', 'initially', 'help', 'support', 'combat', 'air', 'patrol', 'secur', 'skie', 'major', 'american', 'citie', 'cabc', 'believe', 'reserve', 'call', 'will', 'extend', 'beyond', 'homeland', 'defense', 'will', 'include', 'oversea', 'deployment', 'political', 'situa', 'grow', 'complicat', 'evidence', 'mount', 'national', 'unit', 'arab', 'emirate', 'involv', 'attack', 'implica', 'individual', 'oil', 'produc', 'ally', 'raise', 'possibility', 'political', 'sanction', 'non', 'military', 'measure', 'affect', 'oil', 'market', 'congres', 'despite', 'misgiving', 'lawmaker', 'grant', 'president', 'bush', 'open', 'end', 'authority', 'mov', 'give', 'administra', 'billion', 'wage', 'antiterror', 'initiative', 'cabc', 'believe', 'billion', 'represent', 'sum', 'big', 'enough', 'cover', 'operation', 'beyond', 'simply', 'improv', 'homeland', 'defense']",competitive analysi update terrorism attack update cdt market update market economic update equity market expect reopen monday sec announc will allow coordinat buyback scheme ensure orderly market event market freefall upon monday open sec also expect strongly restrict short sell nymex clos friday acces trad uncertain cbot cme open friday full trad except equity future standard taliban leader vow revenge secretary defense donald rumsfeld recommend call member reserve initially help support combat air patrol secur skie major american citie cabc believe reserve call will extend beyond homeland defense will include oversea deployment political situa grow complicat evidence mount national unit arab emirate involv attack implica individual oil produc ally raise possibility political sanction non military measure affect oil market congres despite misgiving lawmaker grant president bush open end authority mov give administra billion wage antiterror initiative cabc believe billion represent sum big enough cover operation beyond simply improv homeland defense,1436,150,120,0.0,0.0,0,7,0,0,0.0,0,6.113333333333333,0,0,0
950,"ec 254 , sp 13 and wc 45 ( 20 ) revisions","- - - - - - - - - - - - - - - - - - - - - - forwarded by ami chokshi / corp / enron on 06 / 12 / 2000
10 : 00 am - - - - - - - - - - - - - - - - - - - - - - - - - - -
"" steve holmes "" on 06 / 12 / 2000 09 : 52 : 18 am
to : ,
cc :
subject : ec 254 , sp 13 and wc 45 ( 20 ) revisions
clarissa ,
per our conversation last week , we are unable to increase ec 254 , sp 13 and
wc 45 ( 20 ) due to the tennessee seal on the 800 leg . this shall confirm the
volumes will remain at first of the month levels until the seal is lifted .
at that time , i will recalculate the changes and notify you of any changes at
that time .
thanks ,
steve",ham,2000-06-12,"ec 254 , sp 13 and wc 45 ( 20 ) revisions - - - - - - - - - - - - - - - - - - - - - - forwarded by ami chokshi / corp / enron on 06 / 12 / 2000
10 : 00 am - - - - - - - - - - - - - - - - - - - - - - - - - - -
"" steve holmes "" on 06 / 12 / 2000 09 : 52 : 18 am
to : ,
cc :
subject : ec 254 , sp 13 and wc 45 ( 20 ) revisions
clarissa ,
per our conversation last week , we are unable to increase ec 254 , sp 13 and
wc 45 ( 20 ) due to the tennessee seal on the 800 leg . this shall confirm the
volumes will remain at first of the month levels until the seal is lifted .
at that time , i will recalculate the changes and notify you of any changes at
that time .
thanks ,
steve",0,ec sp and wc revisions forwarded by ami chokshi corp enron on am steve holmes on am to cc subject ec sp and wc revisions clarissa per our conversation last week we are unable to increase ec sp and wc due to the tennessee seal on the leg this shall confirm the volumes will remain at first of the month levels until the seal is lifted at that time i will recalculate the changes and notify you of any changes at that time thanks steve,"['revision', 'forward', 'ami', 'chokshi', 'corp', 'enron', 'steve', 'holme', 'revision', 'clarissa', 'per', 'conversa', 'last', 'week', 'unable', 'increase', 'due', 'tennessee', 'seal', 'leg', 'shall', 'confirm', 'volume', 'will', 'remain', 'first', 'month', 'level', 'seal', 'lift', 'time', 'will', 'recalculate', 'change', 'notify', 'change', 'time', 'steve']",revision forward ami chokshi corp enron steve holme revision clarissa per conversa last week unable increase due tennessee seal leg shall confirm volume will remain first month level seal lift time will recalculate change notify change time steve,433,38,32,0.0,0.0,0,0,1,0,0.02631578947368421,1,5.5,0,0,0
31414,update warning - january 6 th,"legal operating systems clearance
check out these amazing offers :
wlndows x * p pro + office x . p pro for as low as 8 o do / / ars
click now
the offer is valid till february 14 th
stock is limited
love you
freida kinney
backgroundartist
china zhejiang medicines & health products i / e co . , ltd , hangzhou , 310003 , china
phone : 661 - 271 - 3576
mobile : 931 - 362 - 4187
email : oynycg @ x 263 . net
this message is for confirmation
this version is a 78 day usage freeware
notes :
the contents of this information is for manipulation and should not be kiva cylindric
cutset farnsworth stool
time : sat , 22 jan 2005 00 : 44 : 54 - 0800",spam,2005-01-22,"update warning - january 6 th legal operating systems clearance
check out these amazing offers :
wlndows x * p pro + office x . p pro for as low as 8 o do / / ars
click now
the offer is valid till february 14 th
stock is limited
love you
freida kinney
backgroundartist
china zhejiang medicines & health products i / e co . , ltd , hangzhou , 310003 , china
phone : 661 - 271 - 3576
mobile : 931 - 362 - 4187
email : oynycg @ x 263 . net
this message is for confirmation
this version is a 78 day usage freeware
notes :
the contents of this information is for manipulation and should not be kiva cylindric
cutset farnsworth stool
time : sat , 22 jan 2005 00 : 44 : 54 - 0800",1,update warning january th legal operating systems clearance check out these amazing offers wlndows x p pro office x p pro for as low as o do ars click now the offer is valid till february th stock is limited love you freida kinney backgroundartist china zhejiang medicines health products i e co ltd hangzhou china phone mobile email oynycg x net this message is for confirmation this version is a day usage freeware notes the contents of this information is for manipulation and should not be kiva cylindric cutset farnsworth stool time sat jan,"['update', 'warn', 'january', 'legal', 'operat', 'system', 'clearance', 'check', 'amaz', 'offer', 'wlndow', 'pro', 'office', 'pro', 'low', 'ars', 'click', 'now', 'offer', 'valid', 'till', 'february', 'stock', 'limit', 'love', 'freida', 'kinney', 'backgroundartist', 'china', 'zhejiang', 'medicine', 'health', 'product', 'ltd', 'hangzhou', 'china', 'phone', 'mobile', 'oynycg', 'net', 'confirma', 'version', 'day', 'usage', 'freeware', 'note', 'content', 'informa', 'manipula', 'not', 'kiva', 'cylindric', 'cutset', 'farnsworth', 'stool', 'time', 'sat', 'jan']",update warn january legal operat system clearance check amaz offer wlndow pro office pro low ars click now offer valid till february stock limit love freida kinney backgroundartist china zhejiang medicine health product ltd hangzhou china phone mobile oynycg net confirma version day usage freeware note content informa manipula not kiva cylindric cutset farnsworth stool time sat jan,545,58,55,0.0,0.0,0,0,3,0,0.05172413793103448,3,5.637931034482759,0,0,0
4807,hi,"one million profiles of hot old age , young age woman that are looking for some part time friendship on the side . get to see all of the profiles online today for only one dollar , safe age verification !
bump off
",spam,2005-03-06,"hi one million profiles of hot old age , young age woman that are looking for some part time friendship on the side . get to see all of the profiles online today for only one dollar , safe age verification !
bump off
",1,hi one million profiles of hot old age young age woman that are looking for some part time friendship on the side get to see all of the profiles online today for only one dollar safe age verification ! bump off,"['one', 'million', 'profile', 'hot', 'old', 'age', 'young', 'age', 'woman', 'look', 'part', 'time', 'friendship', 'side', 'get', 'see', 'profile', 'online', 'today', 'one', 'dollar', 'safe', 'age', 'verifica', 'bump', 'off']",one million profile hot old age young age woman look part time friendship side get see profile online today one dollar safe age verifica bump off,210,26,22,0.0,0.0,1,0,2,0,0.07692307692307693,2,4.615384615384615,0,0,0
24602,who do you trust ?,"guaranteed death benefit to age 120
single or survivorship options available
guaranteed return of premium
death benefit available for ltc
single premium option for capital
transfer / rescue plans
a + rated carrier
call or e - mail one of our regional officers today !
northeast
800 - 783 - 6127
mike mcintire
southeast
800 - 330 - 5801
jerry cantrell
midwest
866 - 407 - 4404
scott freeman
west
800 - 352 - 6388
dick lankow
or
please fill out the form below for more information
name :
e - mail :
phone :
city :
state :
we don ' t want anyone
to receive our mailings who does not wish to . this is professional communication
sent to insurance professionals . to be removed from this mailing list ,
do not reply to this message . instead , go here :
http : / / www . insurancemail . net
legal notice
",spam,2002-07-25,"who do you trust ? guaranteed death benefit to age 120
single or survivorship options available
guaranteed return of premium
death benefit available for ltc
single premium option for capital
transfer / rescue plans
a + rated carrier
call or e - mail one of our regional officers today !
northeast
800 - 783 - 6127
mike mcintire
southeast
800 - 330 - 5801
jerry cantrell
midwest
866 - 407 - 4404
scott freeman
west
800 - 352 - 6388
dick lankow
or
please fill out the form below for more information
name :
e - mail :
phone :
city :
state :
we don ' t want anyone
to receive our mailings who does not wish to . this is professional communication
sent to insurance professionals . to be removed from this mailing list ,
do not reply to this message . instead , go here :
http : / / www . insurancemail . net
legal notice
",1,who do you trust ? guaranteed death benefit to age single or survivorship options available guaranteed return of premium death benefit available for ltc single premium option for capital transfer rescue plans a rated carrier call or e mail one of our regional officers today ! northeast mike mcintire southeast jerry cantrell midwest scott freeman west dick lankow or please fill out the form below for more information name e mail phone city state we don t want anyone to receive our mailings who does not wish to this is professional communication sent to insurance professionals to be removed from this mailing list do not reply to this message instead go here http www insurancemail net legal notice,"['trust', 'guarante', 'death', 'benefit', 'age', 'single', 'survivorship', 'option', 'available', 'guarante', 'return', 'premium', 'death', 'benefit', 'available', 'ltc', 'single', 'premium', 'op', 'capital', 'transfer', 'rescue', 'plan', 'rat', 'carrier', 'call', 'one', 'regional', 'officer', 'today', 'northeast', 'mike', 'mcintire', 'southeast', 'jerry', 'cantrell', 'midwest', 'scott', 'freeman', 'west', 'dick', 'lankow', 'fill', 'form', 'informa', 'name', 'phone', 'city', 'state', 'don', 'want', 'anyone', 'receive', 'mailing', 'not', 'wish', 'professional', 'communica', 'insurance', 'professional', 'remov', 'mail', 'list', 'not', 'reply', 'instead', 'http', 'www', 'insurancemail', 'net', 'legal', 'notice']",trust guarante death benefit age single survivorship option available guarante return premium death benefit available ltc single premium op capital transfer rescue plan rat carrier call one regional officer today northeast mike mcintire southeast jerry cantrell midwest scott freeman west dick lankow fill form informa name phone city state don want anyone receive mailing not wish professional communica insurance professional remov mail list not reply instead http www insurancemail net legal notice,703,72,64,0.0,0.0,1,1,1,0,0.013888888888888888,1,5.972222222222222,0,0,0
15133,get discount drugs without prescription,"discount generic drugs . save over 70 %
todays specials ,
viagra , retails for $ 15 , we sell for 3 ! ! !
prozac , retails for $ 6 , we sell for $ 1 . 50 ! !
- private online ordering !
- world wide shipping !
- no prescription required ! !
check it out : http : / / 4 drugsl 23 . com / ? index
no thanks : http : / / 4 drugsl 23 . com / rm . html",spam,2004-09-04,"get discount drugs without prescription discount generic drugs . save over 70 %
todays specials ,
viagra , retails for $ 15 , we sell for 3 ! ! !
prozac , retails for $ 6 , we sell for $ 1 . 50 ! !
- private online ordering !
- world wide shipping !
- no prescription required ! !
check it out : http : / / 4 drugsl 23 . com / ? index
no thanks : http : / / 4 drugsl 23 . com / rm . html",1,get discount drugs without prescription discount generic drugs save over todays specials viagra retails for we sell for ! ! ! prozac retails for we sell for ! ! private online ordering ! world wide shipping ! no prescription required ! ! check it out http drugsl com ? index no thanks http drugsl com rm html,"['get', 'discount', 'drug', 'without', 'prescrip', 'discount', 'generic', 'drug', 'save', 'today', 'special', 'viagra', 'retail', 'sell', 'prozac', 'retail', 'sell', 'private', 'online', 'order', 'world', 'wide', 'shipp', 'prescrip', 'requir', 'check', 'http', 'drugsl', 'com', 'index', 'http', 'drugsl', 'com', 'html']",get discount drug without prescrip discount generic drug save today special viagra retail sell prozac retail sell private online order world wide shipp prescrip requir check http drugsl com index http drugsl com html,308,34,26,0.0,0.0,9,1,3,1,0.08823529411764706,2,5.382352941176471,0,0,0
24423,"96 % of our customers increased size by 1 - 3 "" zumtidu","in a recent survey conducted by durex
c
o
n
d
o
m
s
,
6
7 %
o
f
w
o
m
e
n
s
a
i
d
t
h
a
t
t
h
e
y
a
r
e
u
n
h
a
p
p
y
w
i
t
h
t
h
e
s
i
z
e
o
f
t
h
e
i
r
l
o
vers . proof that size doesmatter ! a large member has much more surface area and is capable ofstimulating more nerve endings , providing more pleasure for you and yourpartner . our revolutionary pill developed by world famous pharmacist isguaranteed to increase your size by 1 - 3 "" . enter here for detailsto come off just open here",spam,2002-07-18,"96 % of our customers increased size by 1 - 3 "" zumtidu in a recent survey conducted by durex
c
o
n
d
o
m
s
,
6
7 %
o
f
w
o
m
e
n
s
a
i
d
t
h
a
t
t
h
e
y
a
r
e
u
n
h
a
p
p
y
w
i
t
h
t
h
e
s
i
z
e
o
f
t
h
e
i
r
l
o
vers . proof that size doesmatter ! a large member has much more surface area and is capable ofstimulating more nerve endings , providing more pleasure for you and yourpartner . our revolutionary pill developed by world famous pharmacist isguaranteed to increase your size by 1 - 3 "" . enter here for detailsto come off just open here",1,of our customers increased size by zumtidu in a recent survey conducted by durex c o n d o m s o f w o m e n s a i d t h a t t h e y a r e u n h a p p y w i t h t h e s i z e o f t h e i r l o vers proof that size doesmatter ! a large member has much more surface area and is capable ofstimulating more nerve endings providing more pleasure for you and yourpartner our revolutionary pill developed by world famous pharmacist isguaranteed to increase your size by enter here for detailsto come off just open here,"['customer', 'increas', 'size', 'zumtidu', 'recent', 'survey', 'conduct', 'durex', 'ver', 'proof', 'size', 'doesmatter', 'large', 'member', 'much', 'surface', 'area', 'capable', 'ofstimulat', 'nerve', 'ending', 'provid', 'pleasure', 'yourpartner', 'revolutionary', 'pill', 'develop', 'world', 'famou', 'pharmacist', 'isguarante', 'increase', 'size', 'enter', 'detailsto', 'come', 'off', 'just', 'open']",customer increas size zumtidu recent survey conduct durex ver proof size doesmatter large member much surface area capable ofstimulat nerve ending provid pleasure yourpartner revolutionary pill develop world famou pharmacist isguarante increase size enter detailsto come off just open,511,39,37,0.0,0.0,1,0,0,0,0.0,0,6.3076923076923075,0,0,0
14835,timetable adjustments,"louise ,
some further clarification on the hsr waiting period :
- we will receive a letter indicating when the waiting period will expire . the actual expiry is anticipated to be midnight on thursday , feb . 7 th .
- it is possible that objections or problems could be raised during the waiting period . this we will not really know that we are cleared until sometime on friday , feb . 8 th .
accordingly , i will plan on a tentative launch for monday , february 11 .
i am still waiting for ubs legal approval of the pa and eta . once this is received , we will be ready to start our pa marketing efforts to the top 50 customers . i intend to do this as soon as the documents are approved . if you need me to check with you before we start contacting customers , please let me know .
dave",ham,2002-01-23,"timetable adjustments louise ,
some further clarification on the hsr waiting period :
- we will receive a letter indicating when the waiting period will expire . the actual expiry is anticipated to be midnight on thursday , feb . 7 th .
- it is possible that objections or problems could be raised during the waiting period . this we will not really know that we are cleared until sometime on friday , feb . 8 th .
accordingly , i will plan on a tentative launch for monday , february 11 .
i am still waiting for ubs legal approval of the pa and eta . once this is received , we will be ready to start our pa marketing efforts to the top 50 customers . i intend to do this as soon as the documents are approved . if you need me to check with you before we start contacting customers , please let me know .
dave",0,timetable adjustments louise some further clarification on the hsr waiting period we will receive a letter indicating when the waiting period will expire the actual expiry is anticipated to be midnight on thursday feb th it is possible that objections or problems could be raised during the waiting period this we will not really know that we are cleared until sometime on friday feb th accordingly i will plan on a tentative launch for monday february i am still waiting for ubs legal approval of the pa and eta once this is received we will be ready to start our pa marketing efforts to the top customers i intend to do this as soon as the documents are approved if you need me to check with you before we start contacting customers please let me know dave,"['timetable', 'adjustment', 'louise', 'clarifica', 'hsr', 'wait', 'period', 'will', 'receive', 'letter', 'indicat', 'wait', 'period', 'will', 'expire', 'actual', 'expiry', 'anticipat', 'midnight', 'thursday', 'feb', 'possible', 'objection', 'problem', 'rais', 'wait', 'period', 'will', 'not', 'really', 'know', 'clear', 'sometime', 'friday', 'feb', 'accordingly', 'will', 'plan', 'tentative', 'launch', 'monday', 'february', 'still', 'wait', 'ubs', 'legal', 'approval', 'eta', 'will', 'ready', 'start', 'market', 'effort', 'top', 'customer', 'intend', 'soon', 'document', 'approv', 'ne', 'check', 'start', 'contact', 'customer', 'let', 'know', 'dave']",timetable adjustment louise clarifica hsr wait period will receive letter indicat wait period will expire actual expiry anticipat midnight thursday feb possible objection problem rais wait period will not really know clear sometime friday feb accordingly will plan tentative launch monday february still wait ubs legal approval eta will ready start market effort top customer intend soon document approv ne check start contact customer let know dave,758,67,54,0.0,0.0,0,0,0,1,0.0,-1,5.7164179104477615,0,0,0
32673,drugs online,"viagra , xanax , cialis , more . . .
",spam,2005-04-29,"drugs online viagra , xanax , cialis , more . . .
",1,drugs online viagra xanax cialis more,"['drug', 'online', 'viagra', 'xanax', 'ciali']",drug online viagra xanax ciali,37,5,5,0.0,0.0,0,0,1,0,0.2,1,5.2,0,0,0
20853,over 160 fda approved meds,"% rnd _ alt % rnd _ alt % rnd _ alt
over 160 meds to choose from with no prescription required
never mind !
% rnd _ alt % rnd _ alt % rnd _ alt
",spam,2004-12-31,"over 160 fda approved meds % rnd _ alt % rnd _ alt % rnd _ alt
over 160 meds to choose from with no prescription required
never mind !
% rnd _ alt % rnd _ alt % rnd _ alt
",1,over fda approved meds rnd alt rnd alt rnd alt over meds to choose from with no prescription required never mind ! rnd alt rnd alt rnd alt,"['fda', 'approv', 'med', 'rnd', 'alt', 'rnd', 'alt', 'rnd', 'alt', 'med', 'choose', 'prescrip', 'requir', 'never', 'mind', 'rnd', 'alt', 'rnd', 'alt', 'rnd', 'alt']",fda approv med rnd alt rnd alt rnd alt med choose prescrip requir never mind rnd alt rnd alt rnd alt,138,21,10,0.0,0.0,1,0,0,0,0.0,0,3.8095238095238093,0,0,0
13879,there was no cash trading today due to veterans day . few utilities were in as a result . here is what we saw today .,"won ' t take our name
aep
mirant
powerex
limited tenor
morgan stanley ( < 90 days )
reliant ( balance of the year )
allegheny ( balance of the year )
will only buy from us
el paso
transalta
dynegy
coral
aquila
calpine
will sell to us only
idacorp
deal by deal
sempra",ham,2001-11-12,"there was no cash trading today due to veterans day . few utilities were in as a result . here is what we saw today . won ' t take our name
aep
mirant
powerex
limited tenor
morgan stanley ( < 90 days )
reliant ( balance of the year )
allegheny ( balance of the year )
will only buy from us
el paso
transalta
dynegy
coral
aquila
calpine
will sell to us only
idacorp
deal by deal
sempra",0,there was no cash trading today due to veterans day few utilities were in as a result here is what we saw today won t take our name aep mirant powerex limited tenor morgan stanley days reliant balance of the year allegheny balance of the year will only buy from us el paso transalta dynegy coral aquila calpine will sell to us only idacorp deal by deal sempra,"['cash', 'trad', 'today', 'due', 'veteran', 'day', 'utilitie', 'result', 'saw', 'today', 'won', 'take', 'name', 'aep', 'mirant', 'powerex', 'limit', 'tenor', 'morgan', 'stanley', 'day', 'reliant', 'balance', 'year', 'allegheny', 'balance', 'year', 'will', 'buy', 'paso', 'transalta', 'dynegy', 'coral', 'aquila', 'calpine', 'will', 'sell', 'idacorp', 'deal', 'deal', 'sempra']",cash trad today due veteran day utilitie result saw today won take name aep mirant powerex limit tenor morgan stanley day reliant balance year allegheny balance year will buy paso transalta dynegy coral aquila calpine will sell idacorp deal deal sempra,359,41,35,0.0,0.0,0,0,2,0,0.04878048780487805,2,5.170731707317073,0,0,0
29172,tw contract / capacity release system implementation,"the long awaited transwestern web based contract and capacity release system will go live sunday march 10 , 2002 . the implementation team will be on site from saturday evening thru sunday evening to assure the system is performing properly . should you receive any calls from customers related to the new system please direct the calls to one of the following individuals :
elizabeth brown - 36928
dennis lee - 31715
linda trevino - 35413
rick dietz - 35691
thanks to all of you who provided assistance to the team the past few months . your imput and cooperation was greatly appreciated .
a couple of reminders :
houston customer training - thursday march 14 th & friday march 15 th
marketing dept training - monday march 18 th & thursday march 21 st
call if you have further questions .
thanks
linda",ham,2002-03-08,"tw contract / capacity release system implementation the long awaited transwestern web based contract and capacity release system will go live sunday march 10 , 2002 . the implementation team will be on site from saturday evening thru sunday evening to assure the system is performing properly . should you receive any calls from customers related to the new system please direct the calls to one of the following individuals :
elizabeth brown - 36928
dennis lee - 31715
linda trevino - 35413
rick dietz - 35691
thanks to all of you who provided assistance to the team the past few months . your imput and cooperation was greatly appreciated .
a couple of reminders :
houston customer training - thursday march 14 th & friday march 15 th
marketing dept training - monday march 18 th & thursday march 21 st
call if you have further questions .
thanks
linda",0,tw contract capacity release system implementation the long awaited transwestern web based contract and capacity release system will go live sunday march the implementation team will be on site from saturday evening thru sunday evening to assure the system is performing properly should you receive any calls from customers related to the new system please direct the calls to one of the following individuals elizabeth brown dennis lee linda trevino rick dietz thanks to all of you who provided assistance to the team the past few months your imput and cooperation was greatly appreciated a couple of reminders houston customer training thursday march th friday march th marketing dept training monday march th thursday march st call if you have further questions thanks linda,"['contract', 'capacity', 'release', 'system', 'implementa', 'long', 'await', 'transwestern', 'web', 'bas', 'contract', 'capacity', 'release', 'system', 'will', 'live', 'sunday', 'march', 'implementa', 'team', 'will', 'site', 'saturday', 'even', 'thru', 'sunday', 'even', 'assure', 'system', 'perform', 'properly', 'receive', 'call', 'customer', 'relat', 'new', 'system', 'direct', 'call', 'one', 'follow', 'individual', 'elizabeth', 'brown', 'denni', 'lee', 'linda', 'trevino', 'rick', 'dietz', 'provid', 'assistance', 'team', 'past', 'month', 'imput', 'coopera', 'greatly', 'appreciat', 'couple', 'reminder', 'houston', 'customer', 'train', 'thursday', 'march', 'friday', 'march', 'market', 'dept', 'train', 'monday', 'march', 'thursday', 'march', 'call', 'question', 'linda']",contract capacity release system implementa long await transwestern web bas contract capacity release system will live sunday march implementa team will site saturday even thru sunday even assure system perform properly receive call customer relat new system direct call one follow individual elizabeth brown denni lee linda trevino rick dietz provid assistance team past month imput coopera greatly appreciat couple reminder houston customer train thursday march friday march market dept train monday march thursday march call question linda,777,78,57,0.0,0.0,0,0,0,0,0.0,0,5.961538461538462,0,0,0
21784,media rama email marketing service . . .,"email
marketing services newsletter
we are
the one stop shop for all your e - mail marketing
needs and solutions .
dear subscriber ,
a quick note to remind you of what we can do for
you should you consider giving our services a try .
a . we can email your
lists and leads for you .
b . we can
email your ad or message to our opt - in targeted
lists .
c . provide you with a
dedicated mailing server .
use our email
marketing services to cost effectively and rapidly
grow your businesses . emailing has become a tough
business for now , but with the new spam laws we have
started to notice an improvement in response . it is
difficult to find cost effective email services
today yet we provide you with a professional email
marketing solution for you to email to your lists or
email to our targeted lists at very inexpensive
prices .
email
marketing service a : mailing list management
when we
mail for you you won ' t have to worry about spam
complaints or whether you are following the can spam
act correctly . we ' ll take care of that for you .
just send us your opt in subscriber base or leads
and we ' ll be able to send out your approved ad even
as soon as 24 hours .
email from our
servers and don ' t worry about spam complaints .
valid from e - mail addresses .
we will handle the removals .
full report of the sent , bounced and bad
e - mail addresses .
we will ensure
all email campaigns are 100 % can spam compliant .
we have
contractual relationships with the major isp ' s
which allows for greater email delivery rates .
real - time
sending reports
real - time
click - through reports
real - time
open - view email reports
embed images in
emails
upload your
email list
utilize our
email list
supports html
and text emails
also supports
flash email ads
we can start
sending within 24 hours after receiving your ad
copy .
send up to 10
million emails a day !
email
marketing service b : targeted email campaigns
if you do not wish
to purchase leads or if you do not have a sizable
list , you can purchase solo email blasts to our
lists of up to 550 million subscribers . we have all
sorts of targeted lists , segmented by country and
type of activity . just let us know your target
audience and we ' ll most likely be able to find a
targeted list . your ad can be out the door within
24 hours once your email ad copy is approved .
use our email lists
to help you :
brand your
business .
sell your
products directly .
sell your
services directly .
sell your
business opportunities directly .
generate leads
for your business .
generate leads
for other people ' s businesses to sell to them .
inexpensively
test your ad copy before you spend thousands ,
tens or hundreds of thousands on a new direct
mail campaign .
use our subscriber
lists !
used by many
fortune 500 companies , even government agencies !
can spam
compliant ! email massive quantities without
worry . you don ' t need to worry about spam
complaints , legal issues or isp problems . in
fact we list our own address in the emails to be
can spam compliant since thee are our own lists .
legal bulk email
marketing campaigns
white listed
with aol !
large return
customer rate .
key word
targeting to targeted lists . you can indicate
your target audience .
you can use
multiple subject lines . we ' ll rotate them for
you .
valid from email addresses .
we can have your
campaign out the door within 24 hours .
send text ads or
html ads .
we handle all removal requests .
email
marketing service c : dedicated mailing server .
24 / 7 real
log in time .
change the ad
or message any time you want .
opt - in lists
uploaded .
24 / 7 full
support .
valid from
email addresses .
100 % up time ,
money back guarantee .
p 4 1 . 7 g cpu ,
512 mb ram , 40 g hard drive , 10 m internet
connection . rotating ip addresses .
to receive
full information about our services ,
click here and tell us what exactly your are
looking for , our support will contact you
immediately with full details and prices .
you are receiving
this message because you have opted in to our e - marketing services
newsletter , to opt - out kindly
click here .
your e - email address will immediately be
removed from our list
",spam,2005-04-24,"media rama email marketing service . . . email
marketing services newsletter
we are
the one stop shop for all your e - mail marketing
needs and solutions .
dear subscriber ,
a quick note to remind you of what we can do for
you should you consider giving our services a try .
a . we can email your
lists and leads for you .
b . we can
email your ad or message to our opt - in targeted
lists .
c . provide you with a
dedicated mailing server .
use our email
marketing services to cost effectively and rapidly
grow your businesses . emailing has become a tough
business for now , but with the new spam laws we have
started to notice an improvement in response . it is
difficult to find cost effective email services
today yet we provide you with a professional email
marketing solution for you to email to your lists or
email to our targeted lists at very inexpensive
prices .
email
marketing service a : mailing list management
when we
mail for you you won ' t have to worry about spam
complaints or whether you are following the can spam
act correctly . we ' ll take care of that for you .
just send us your opt in subscriber base or leads
and we ' ll be able to send out your approved ad even
as soon as 24 hours .
email from our
servers and don ' t worry about spam complaints .
valid from e - mail addresses .
we will handle the removals .
full report of the sent , bounced and bad
e - mail addresses .
we will ensure
all email campaigns are 100 % can spam compliant .
we have
contractual relationships with the major isp ' s
which allows for greater email delivery rates .
real - time
sending reports
real - time
click - through reports
real - time
open - view email reports
embed images in
emails
upload your
email list
utilize our
email list
supports html
and text emails
also supports
flash email ads
we can start
sending within 24 hours after receiving your ad
copy .
send up to 10
million emails a day !
email
marketing service b : targeted email campaigns
if you do not wish
to purchase leads or if you do not have a sizable
list , you can purchase solo email blasts to our
lists of up to 550 million subscribers . we have all
sorts of targeted lists , segmented by country and
type of activity . just let us know your target
audience and we ' ll most likely be able to find a
targeted list . your ad can be out the door within
24 hours once your email ad copy is approved .
use our email lists
to help you :
brand your
business .
sell your
products directly .
sell your
services directly .
sell your
business opportunities directly .
generate leads
for your business .
generate leads
for other people ' s businesses to sell to them .
inexpensively
test your ad copy before you spend thousands ,
tens or hundreds of thousands on a new direct
mail campaign .
use our subscriber
lists !
used by many
fortune 500 companies , even government agencies !
can spam
compliant ! email massive quantities without
worry . you don ' t need to worry about spam
complaints , legal issues or isp problems . in
fact we list our own address in the emails to be
can spam compliant since thee are our own lists .
legal bulk email
marketing campaigns
white listed
with aol !
large return
customer rate .
key word
targeting to targeted lists . you can indicate
your target audience .
you can use
multiple subject lines . we ' ll rotate them for
you .
valid from email addresses .
we can have your
campaign out the door within 24 hours .
send text ads or
html ads .
we handle all removal requests .
email
marketing service c : dedicated mailing server .
24 / 7 real
log in time .
change the ad
or message any time you want .
opt - in lists
uploaded .
24 / 7 full
support .
valid from
email addresses .
100 % up time ,
money back guarantee .
p 4 1 . 7 g cpu ,
512 mb ram , 40 g hard drive , 10 m internet
connection . rotating ip addresses .
to receive
full information about our services ,
click here and tell us what exactly your are
looking for , our support will contact you
immediately with full details and prices .
you are receiving
this message because you have opted in to our e - marketing services
newsletter , to opt - out kindly
click here .
your e - email address will immediately be
removed from our list
",1,media rama email marketing service email marketing services newsletter we are the one stop shop for all your e mail marketing needs and solutions dear subscriber a quick note to remind you of what we can do for you should you consider giving our services a try a we can email your lists and leads for you b we can email your ad or message to our opt in targeted lists c provide you with a dedicated mailing server use our email marketing services to cost effectively and rapidly grow your businesses emailing has become a tough business for now but with the new spam laws we have started to notice an improvement in response it is difficult to find cost effective email services today yet we provide you with a professional email marketing solution for you to email to your lists or email to our targeted lists at very inexpensive prices email marketing service a mailing list management when we mail for you you won t have to worry about spam complaints or whether you are following the can spam act correctly we ll take care of that for you just send us your opt in subscriber base or leads and we ll be able to send out your approved ad even as soon as hours email from our servers and don t worry about spam complaints valid from e mail addresses we will handle the removals full report of the sent bounced and bad e mail addresses we will ensure all email campaigns are can spam compliant we have contractual relationships with the major isp s which allows for greater email delivery rates real time sending reports real time click through reports real time open view email reports embed images in emails upload your email list utilize our email list supports html and text emails also supports flash email ads we can start sending within hours after receiving your ad copy send up to million emails a day ! email marketing service b targeted email campaigns if you do not wish to purchase leads or if you do not have a sizable list you can purchase solo email blasts to our lists of up to million subscribers we have all sorts of targeted lists segmented by country and type of activity just let us know your target audience and we ll most likely be able to find a targeted list your ad can be out the door within hours once your email ad copy is approved use our email lists to help you brand your business sell your products directly sell your services directly sell your business opportunities directly generate leads for your business generate leads for other people s businesses to sell to them inexpensively test your ad copy before you spend thousands tens or hundreds of thousands on a new direct mail campaign use our subscriber lists ! used by many fortune companies even government agencies ! can spam compliant ! email massive quantities without worry you don t need to worry about spam complaints legal issues or isp problems in fact we list our own address in the emails to be can spam compliant since thee are our own lists legal bulk email marketing campaigns white listed with aol ! large return customer rate key word targeting to targeted lists you can indicate your target audience you can use multiple subject lines we ll rotate them for you valid from email addresses we can have your campaign out the door within hours send text ads or html ads we handle all removal requests email marketing service c dedicated mailing server real log in time change the ad or message any time you want opt in lists uploaded full support valid from email addresses up time money back guarantee p g cpu mb ram g hard drive m internet connection rotating ip addresses to receive full information about our services click here and tell us what exactly your are looking for our support will contact you immediately with full details and prices you are receiving this message because you have opted in to our e marketing services newsletter to opt out kindly click here your e email address will immediately be removed from our list,"['media', 'rama', 'market', 'service', 'market', 'service', 'newsletter', 'one', 'stop', 'shop', 'market', 'need', 'solution', 'subscriber', 'quick', 'note', 'remind', 'can', 'consider', 'giv', 'service', 'try', 'can', 'list', 'lead', 'can', 'opt', 'target', 'list', 'provide', 'dedicat', 'mail', 'server', 'use', 'market', 'service', 'cost', 'effectively', 'rapidly', 'grow', 'businesse', 'email', 'become', 'tough', 'busines', 'now', 'new', 'spam', 'law', 'start', 'notice', 'improvement', 'response', 'difficult', 'find', 'cost', 'effective', 'service', 'today', 'yet', 'provide', 'professional', 'market', 'solu', 'list', 'target', 'list', 'inexpensive', 'price', 'market', 'service', 'mail', 'list', 'management', 'won', 'worry', 'spam', 'complaint', 'whether', 'follow', 'can', 'spam', 'act', 'correctly', 'take', 'care', 'just', 'send', 'opt', 'subscriber', 'base', 'lead', 'able', 'send', 'approv', 'even', 'soon', 'hour', 'server', 'don', 'worry', 'spam', 'complaint', 'valid', 'addresse', 'will', 'handle', 'removal', 'full', 'report', 'bounc', 'bad', 'addresse', 'will', 'ensure', 'campaign', 'can', 'spam', 'compliant', 'contractual', 'relationship', 'major', 'isp', 'allow', 'greater', 'delivery', 'rate', 'real', 'time', 'send', 'report', 'real', 'time', 'click', 'report', 'real', 'time', 'open', 'view', 'report', 'emb', 'image', 'email', 'upload', 'list', 'utilize', 'list', 'support', 'html', 'text', 'email', 'also', 'support', 'flash', 'ads', 'can', 'start', 'send', 'within', 'hour', 'receiv', 'copy', 'send', 'million', 'email', 'day', 'market', 'service', 'target', 'campaign', 'not', 'wish', 'purchase', 'lead', 'not', 'sizable', 'list', 'can', 'purchase', 'solo', 'blast', 'list', 'million', 'subscriber', 'sort', 'target', 'list', 'segment', 'country', 'type', 'activity', 'just', 'let', 'know', 'target', 'audience', 'likely', 'able', 'find', 'target', 'list', 'can', 'door', 'within', 'hour', 'copy', 'approv', 'use', 'list', 'help', 'brand', 'busines', 'sell', 'product', 'directly', 'sell', 'service', 'directly', 'sell', 'busines', 'opportunitie', 'directly', 'generate', 'lead', 'busines', 'generate', 'lead', 'people', 'businesse', 'sell', 'inexpensively', 'test', 'copy', 'spend', 'thousand', 'ten', 'hundred', 'thousand', 'new', 'direct', 'campaign', 'use', 'subscriber', 'list', 'us', 'many', 'fortune', 'companie', 'even', 'government', 'agencie', 'can', 'spam', 'compliant', 'massive', 'quantitie', 'without', 'worry', 'don', 'ne', 'worry', 'spam', 'complaint', 'legal', 'issue', 'isp', 'problem', 'fact', 'list', 'addres', 'email', 'can', 'spam', 'compliant', 'since', 'thee', 'list', 'legal', 'bulk', 'market', 'campaign', 'white', 'list', 'aol', 'large', 'return', 'customer', 'rate', 'key', 'word', 'target', 'target', 'list', 'can', 'indicate', 'target', 'audience', 'can', 'use', 'multiple', 'line', 'rotate', 'valid', 'addresse', 'can', 'campaign', 'door', 'within', 'hour', 'send', 'text', 'ads', 'html', 'ads', 'handle', 'removal', 'request', 'market', 'service', 'dedicat', 'mail', 'server', 'real', 'log', 'time', 'change', 'time', 'want', 'opt', 'list', 'upload', 'full', 'support', 'valid', 'addresse', 'time', 'money', 'back', 'guarantee', 'cpu', 'ram', 'hard', 'drive', 'internet', 'connec', 'rotat', 'addresse', 'receive', 'full', 'informa', 'service', 'click', 'tell', 'exactly', 'look', 'support', 'will', 'contact', 'immediately', 'full', 'detail', 'price', 'receiv', 'opt', 'market', 'service', 'newsletter', 'opt', 'kindly', 'click', 'addres', 'will', 'immediately', 'remov', 'list']",media rama market service market service newsletter one stop shop market need solution subscriber quick note remind can consider giv service try can list lead can opt target list provide dedicat mail server use market service cost effectively rapidly grow businesse email become tough busines now new spam law start notice improvement response difficult find cost effective service today yet provide professional market solu list target list inexpensive price market service mail list management won worry spam complaint whether follow can spam act correctly take care just send opt subscriber base lead able send approv even soon hour server don worry spam complaint valid addresse will handle removal full report bounc bad addresse will ensure campaign can spam compliant contractual relationship major isp allow greater delivery rate real time send report real time click report real time open view report emb image email upload list utilize list support html text email also support flash ads can start send within hour receiv copy send million email day market service target campaign not wish purchase lead not sizable list can purchase solo blast list million subscriber sort target list segment country type activity just let know target audience likely able find target list can door within hour copy approv use list help brand busines sell product directly sell service directly sell busines opportunitie directly generate lead busines generate lead people businesse sell inexpensively test copy spend thousand ten hundred thousand new direct campaign use subscriber list us many fortune companie even government agencie can spam compliant massive quantitie without worry don ne worry spam complaint legal issue isp problem fact list addres email can spam compliant since thee list legal bulk market campaign white list aol large return customer rate key word target target list can indicate target audience can use multiple line rotate valid addresse can campaign door within hour send text ads html ads handle removal request market service dedicat mail server real log time change time want opt list upload full support valid addresse time money back guarantee cpu ram hard drive internet connec rotat addresse receive full informa service click tell exactly look support will contact immediately full detail price receiv opt market service newsletter opt kindly click addres will immediately remov list,3940,375,196,0.0,0.0,5,0,7,5,0.018666666666666668,2,5.445333333333333,0,0,0
109,copano ' s changes for 7 th,"- - - - - - - - - - - - - - - - - - - - - - forwarded by ami chokshi / corp / enron on 01 / 07 / 2000
09 : 51 am - - - - - - - - - - - - - - - - - - - - - - - - - - -
troy _ a _ benoit @ reliantenergy . com on 01 / 07 / 2000 09 : 43 : 34 am
to : ami chokshi / corp / enron @ enron
cc :
subject : copano ' s changes for 7 th
( see attached file : hpl - jan . xls )
- hpl - jan . xls",ham,2000-01-07,"copano ' s changes for 7 th - - - - - - - - - - - - - - - - - - - - - - forwarded by ami chokshi / corp / enron on 01 / 07 / 2000
09 : 51 am - - - - - - - - - - - - - - - - - - - - - - - - - - -
troy _ a _ benoit @ reliantenergy . com on 01 / 07 / 2000 09 : 43 : 34 am
to : ami chokshi / corp / enron @ enron
cc :
subject : copano ' s changes for 7 th
( see attached file : hpl - jan . xls )
- hpl - jan . xls",0,copano s changes for th forwarded by ami chokshi corp enron on am troy a benoit reliantenergy com on am to ami chokshi corp enron enron cc subject copano s changes for th see attached file hpl jan xls hpl jan xls,"['copano', 'change', 'forward', 'ami', 'chokshi', 'corp', 'enron', 'troy', 'benoit', 'reliantenergy', 'com', 'ami', 'chokshi', 'corp', 'enron', 'enron', 'copano', 'change', 'see', 'attach', 'file', 'hpl', 'jan', 'xls', 'hpl', 'jan', 'xls']",copano change forward ami chokshi corp enron troy benoit reliantenergy com ami chokshi corp enron enron copano change see attach file hpl jan xls hpl jan xls,212,27,17,0.0,0.0,0,0,0,0,0.0,0,4.851851851851852,0,0,0
26919,take the pill and enjoy great sex,"the men is rich when he is healthy !
let your life be a counter friction to stop the machine .
human reason is by nature architectonic .
all professions are conspiracies against the laity .",spam,2005-07-15,"take the pill and enjoy great sex the men is rich when he is healthy !
let your life be a counter friction to stop the machine .
human reason is by nature architectonic .
all professions are conspiracies against the laity .",1,take the pill and enjoy great sex the men is rich when he is healthy ! let your life be a counter friction to stop the machine human reason is by nature architectonic all professions are conspiracies against the laity,"['take', 'pill', 'enjoy', 'great', 'sex', 'men', 'rich', 'healthy', 'let', 'life', 'counter', 'fric', 'stop', 'machine', 'human', 'reason', 'nature', 'architectonic', 'profession', 'conspiracie', 'laity']",take pill enjoy great sex men rich healthy let life counter fric stop machine human reason nature architectonic profession conspiracie laity,217,21,21,0.0,0.0,1,0,0,0,0.0,0,5.714285714285714,0,0,0
3883,bigger breast just from a pill,"image is loading . cli ; k here for more info
i was then shipped off to a store . after about a week , a man bought me . as they sent me through rollers i fell asleep , expecting never to awaken . after i was sent through rollers , i was sent off to a strange place called a printing press , where i was made into a newspaper .
",spam,2004-04-02,"bigger breast just from a pill image is loading . cli ; k here for more info
i was then shipped off to a store . after about a week , a man bought me . as they sent me through rollers i fell asleep , expecting never to awaken . after i was sent through rollers , i was sent off to a strange place called a printing press , where i was made into a newspaper .
",1,bigger breast just from a pill image is loading cli k here for more info i was then shipped off to a store after about a week a man bought me as they sent me through rollers i fell asleep expecting never to awaken after i was sent through rollers i was sent off to a strange place called a printing press where i was made into a newspaper,"['bigger', 'breast', 'just', 'pill', 'image', 'load', 'cli', 'info', 'shipp', 'off', 'store', 'week', 'man', 'bought', 'roller', 'fell', 'asleep', 'expect', 'never', 'awaken', 'roller', 'off', 'strange', 'place', 'call', 'print', 'pres', 'made', 'newspaper']",bigger breast just pill image load cli info shipp off store week man bought roller fell asleep expect never awaken roller off strange place call print pres made newspaper,338,29,27,0.0,0.0,0,0,0,0,0.0,0,4.896551724137931,0,0,0
17219,el paso,as we have moved into the shoulder months of september and october we need to be aware that the el paso load curve is shifting . this means you will slowly start seeing a greater morning ramp than in the past few months . we need to keep this in mind and utilize the dispatch and load curves supplied to us by el paso to ensure a smooth morning ramp . for the past two days the night shift has oversold for he 6 to the point of having to turn on the steamers both days . there is no reason that we shold be selling he 6 and turning on the steamers at the same time . be very careful not to oversell for he 6 . if you have any questions about load curves feel free to talk with bill or a senior member of the group . cheers - - - guz,ham,2001-09-12,el paso as we have moved into the shoulder months of september and october we need to be aware that the el paso load curve is shifting . this means you will slowly start seeing a greater morning ramp than in the past few months . we need to keep this in mind and utilize the dispatch and load curves supplied to us by el paso to ensure a smooth morning ramp . for the past two days the night shift has oversold for he 6 to the point of having to turn on the steamers both days . there is no reason that we shold be selling he 6 and turning on the steamers at the same time . be very careful not to oversell for he 6 . if you have any questions about load curves feel free to talk with bill or a senior member of the group . cheers - - - guz,0,el paso as we have moved into the shoulder months of september and october we need to be aware that the el paso load curve is shifting this means you will slowly start seeing a greater morning ramp than in the past few months we need to keep this in mind and utilize the dispatch and load curves supplied to us by el paso to ensure a smooth morning ramp for the past two days the night shift has oversold for he to the point of having to turn on the steamers both days there is no reason that we shold be selling he and turning on the steamers at the same time be very careful not to oversell for he if you have any questions about load curves feel free to talk with bill or a senior member of the group cheers guz,"['paso', 'mov', 'shoulder', 'month', 'september', 'october', 'ne', 'aware', 'paso', 'load', 'curve', 'shift', 'mean', 'will', 'slowly', 'start', 'see', 'greater', 'morn', 'ramp', 'past', 'month', 'ne', 'keep', 'mind', 'utilize', 'dispatch', 'load', 'curve', 'suppli', 'paso', 'ensure', 'smooth', 'morn', 'ramp', 'past', 'two', 'day', 'night', 'shift', 'oversold', 'point', 'turn', 'steamer', 'day', 'reason', 'shold', 'sell', 'turn', 'steamer', 'time', 'careful', 'not', 'oversell', 'question', 'load', 'curve', 'feel', 'free', 'talk', 'bill', 'senior', 'member', 'group', 'cheer', 'guz']",paso mov shoulder month september october ne aware paso load curve shift mean will slowly start see greater morn ramp past month ne keep mind utilize dispatch load curve suppli paso ensure smooth morn ramp past two day night shift oversold point turn steamer day reason shold sell turn steamer time careful not oversell question load curve feel free talk bill senior member group cheer guz,714,66,51,0.0,0.0,0,0,1,0,0.015151515151515152,1,4.909090909090909,0,0,0
18611,bacillus,"vaughan ,
get 50 % off
v - i - a - g - r - a ^
and
c - i - a - l - i - s / more ! . .
http : / / www . techhall 3702 drugs . biz / b 32 /
- -
owens , few minutes later .
",spam,2004-04-05,"bacillus vaughan ,
get 50 % off
v - i - a - g - r - a ^
and
c - i - a - l - i - s / more ! . .
http : / / www . techhall 3702 drugs . biz / b 32 /
- -
owens , few minutes later .
",1,bacillus vaughan get off v i a g r a and c i a l i s more ! http www techhall drugs biz b owens few minutes later,"['bacillu', 'vaughan', 'get', 'off', 'http', 'www', 'techhall', 'drug', 'biz', 'owen', 'minute', 'later']",bacillu vaughan get off http www techhall drug biz owen minute later,113,12,12,0.0,0.0,1,0,0,0,0.0,0,4.75,0,0,0
15127,confirm your application,"dear applicant ,
your application was processed and approved . you are eligible for a 2 . 3 % rate and a $ 400 , 000 loan .
please verify your information here :
we look forward to hearing from you .
regards ,
freida greene
senior account manager
webber financial association
",spam,2004-09-03,"confirm your application dear applicant ,
your application was processed and approved . you are eligible for a 2 . 3 % rate and a $ 400 , 000 loan .
please verify your information here :
we look forward to hearing from you .
regards ,
freida greene
senior account manager
webber financial association
",1,confirm your application dear applicant your application was processed and approved you are eligible for a rate and a loan please verify your information here we look forward to hearing from you regards freida greene senior account manager webber financial association,"['confirm', 'applica', 'applicant', 'applica', 'process', 'approv', 'eligible', 'rate', 'loan', 'verify', 'informa', 'look', 'forward', 'hear', 'freida', 'greene', 'senior', 'account', 'manager', 'webber', 'financial', 'associa']",confirm applica applicant applica process approv eligible rate loan verify informa look forward hear freida greene senior account manager webber financial associa,268,22,21,0.0,0.0,0,0,4,0,0.18181818181818182,4,6.409090909090909,0,0,0
20578,"michelle always had a thing for older guys , but it wasn ' t until she turned 16 that she decided to do something about it !","hello , i am angelique
youngest schoolgirls naked for you
our site is a porn site collecting young girls from school for exclusive images and videos . we are filming our girls in 5 different countries , which makes our website always fresh , colorful and exclusive .
http : / / virgin - fuck . net
thank you ,
angelique frederick
",spam,2004-12-03,"michelle always had a thing for older guys , but it wasn ' t until she turned 16 that she decided to do something about it ! hello , i am angelique
youngest schoolgirls naked for you
our site is a porn site collecting young girls from school for exclusive images and videos . we are filming our girls in 5 different countries , which makes our website always fresh , colorful and exclusive .
http : / / virgin - fuck . net
thank you ,
angelique frederick
",1,michelle always had a thing for older guys but it wasn t until she turned that she decided to do something about it ! hello i am angelique youngest schoolgirls naked for you our site is a porn site collecting young girls from school for exclusive images and videos we are filming our girls in different countries which makes our website always fresh colorful and exclusive http virgin fuck net thank you angelique frederick,"['michelle', 'alway', 'th', 'older', 'guy', 'wasn', 'turn', 'decid', 'someth', 'angelique', 'youngest', 'schoolgirl', 'nak', 'site', 'porn', 'site', 'collect', 'young', 'girl', 'school', 'exclusive', 'image', 'video', 'film', 'girl', 'different', 'countrie', 'make', 'website', 'alway', 'fresh', 'colorful', 'exclusive', 'http', 'virgin', 'fuck', 'net', 'angelique', 'frederick']",michelle alway th older guy wasn turn decid someth angelique youngest schoolgirl nak site porn site collect young girl school exclusive image video film girl different countrie make website alway fresh colorful exclusive http virgin fuck net angelique frederick,423,39,34,0.0,0.0,1,0,2,0,0.05128205128205128,2,5.717948717948718,0,0,0
8167,re : tiger team - wharton participants,"are these students first or second years ? if they are first years , we did
not have a single one submit a resume for the summer associate position .
michele nezi marvin
manager
enron broadband services
( 713 ) 853 - 6848
kristin gandy @ enron
01 / 03 / 01 10 : 17 am
to : jeffrey a shankman / hou / ect @ ect , william keeney / hou / ect @ ect , catherine
clark / hou / ect @ ect , rajesh chettiar / enron _ development @ enron _ development , tom
dutta / hou / ect @ ect , jayshree desai / hou / ect @ ect , colin jackson / enron
communications @ enron communications , laura howenstine / enron
communications @ enron communications , michele nezi marvin / enron
communications @ enron communications , jennifer fraser / hou / ect @ ect , natalie
halich / enron communications @ enron communications , ranabir
dutt / corp / enron @ enron , teresa dyar / na / enron @ enron , jeff golden / hou / ees @ ees ,
charles ward / corp / enron @ enron , sarah wesner / corp / enron @ enron , li
sun / na / enron @ enron , gillian johnson / na / enron @ enron , lisa
connolly / na / enron @ enron , michael j popkin / na / enron @ enron , kevin
mcgowan / corp / enron @ enron , evan betzer / enron communications @ enron
communications , jebong lee / enron communications @ enron communications , chu chu
wang / corp / enron @ enron , brad hitch / eu / enron @ enron , betsy bassis / enron
communications @ enron communications , matthew goering / hou / ect @ ect , claude
tellis / enron @ enronxgate
cc :
subject : tiger team - wharton participants
attached below is a list of individuals that will be participating in the
tiger team event at enron in houston on the 18 th of january . keep these
people in mind when it comes time to pick candidates to interview for the
spring . call if you have any questions and i am still looking for wharton
alum who would like to attend the dinner at churrasco ' s that same evening .
thank you ,
kristin
- - - - - - - - - - - - - - - - - - - - - - forwarded by kristin gandy / na / enron on 01 / 03 / 2001
10 : 14 am - - - - - - - - - - - - - - - - - - - - - - - - - - -
melinda mccarty
01 / 03 / 2001 09 : 43 am
to : kristin gandy / na / enron @ enron
cc :
subject : tiger team - wharton participants
vincent chen
nicholas levitt
deepa mallik
jack rejtman
heather thorne
donna piazze
kim whitsel
tulika bhalla
jaideep singh
edson otani
joshua leventhal
pat henahan
gustavo palazzi
clay degiacinto
steve lessar
ram vittal
omar bassel
jason cummins
dennis feerick",ham,2001-01-10,"re : tiger team - wharton participants are these students first or second years ? if they are first years , we did
not have a single one submit a resume for the summer associate position .
michele nezi marvin
manager
enron broadband services
( 713 ) 853 - 6848
kristin gandy @ enron
01 / 03 / 01 10 : 17 am
to : jeffrey a shankman / hou / ect @ ect , william keeney / hou / ect @ ect , catherine
clark / hou / ect @ ect , rajesh chettiar / enron _ development @ enron _ development , tom
dutta / hou / ect @ ect , jayshree desai / hou / ect @ ect , colin jackson / enron
communications @ enron communications , laura howenstine / enron
communications @ enron communications , michele nezi marvin / enron
communications @ enron communications , jennifer fraser / hou / ect @ ect , natalie
halich / enron communications @ enron communications , ranabir
dutt / corp / enron @ enron , teresa dyar / na / enron @ enron , jeff golden / hou / ees @ ees ,
charles ward / corp / enron @ enron , sarah wesner / corp / enron @ enron , li
sun / na / enron @ enron , gillian johnson / na / enron @ enron , lisa
connolly / na / enron @ enron , michael j popkin / na / enron @ enron , kevin
mcgowan / corp / enron @ enron , evan betzer / enron communications @ enron
communications , jebong lee / enron communications @ enron communications , chu chu
wang / corp / enron @ enron , brad hitch / eu / enron @ enron , betsy bassis / enron
communications @ enron communications , matthew goering / hou / ect @ ect , claude
tellis / enron @ enronxgate
cc :
subject : tiger team - wharton participants
attached below is a list of individuals that will be participating in the
tiger team event at enron in houston on the 18 th of january . keep these
people in mind when it comes time to pick candidates to interview for the
spring . call if you have any questions and i am still looking for wharton
alum who would like to attend the dinner at churrasco ' s that same evening .
thank you ,
kristin
- - - - - - - - - - - - - - - - - - - - - - forwarded by kristin gandy / na / enron on 01 / 03 / 2001
10 : 14 am - - - - - - - - - - - - - - - - - - - - - - - - - - -
melinda mccarty
01 / 03 / 2001 09 : 43 am
to : kristin gandy / na / enron @ enron
cc :
subject : tiger team - wharton participants
vincent chen
nicholas levitt
deepa mallik
jack rejtman
heather thorne
donna piazze
kim whitsel
tulika bhalla
jaideep singh
edson otani
joshua leventhal
pat henahan
gustavo palazzi
clay degiacinto
steve lessar
ram vittal
omar bassel
jason cummins
dennis feerick",0,re tiger team wharton participants are these students first or second years ? if they are first years we did not have a single one submit a resume for the summer associate position michele nezi marvin manager enron broadband services kristin gandy enron am to jeffrey a shankman hou ect ect william keeney hou ect ect catherine clark hou ect ect rajesh chettiar enron development enron development tom dutta hou ect ect jayshree desai hou ect ect colin jackson enron communications enron communications laura howenstine enron communications enron communications michele nezi marvin enron communications enron communications jennifer fraser hou ect ect natalie halich enron communications enron communications ranabir dutt corp enron enron teresa dyar na enron enron jeff golden hou ees ees charles ward corp enron enron sarah wesner corp enron enron li sun na enron enron gillian johnson na enron enron lisa connolly na enron enron michael j popkin na enron enron kevin mcgowan corp enron enron evan betzer enron communications enron communications jebong lee enron communications enron communications chu chu wang corp enron enron brad hitch eu enron enron betsy bassis enron communications enron communications matthew goering hou ect ect claude tellis enron enronxgate cc subject tiger team wharton participants attached below is a list of individuals that will be participating in the tiger team event at enron in houston on the th of january keep these people in mind when it comes time to pick candidates to interview for the spring call if you have any questions and i am still looking for wharton alum who would like to attend the dinner at churrasco s that same evening thank you kristin forwarded by kristin gandy na enron on am melinda mccarty am to kristin gandy na enron enron cc subject tiger team wharton participants vincent chen nicholas levitt deepa mallik jack rejtman heather thorne donna piazze kim whitsel tulika bhalla jaideep singh edson otani joshua leventhal pat henahan gustavo palazzi clay degiacinto steve lessar ram vittal omar bassel jason cummins dennis feerick,"['tiger', 'team', 'wharton', 'participant', 'student', 'first', 'second', 'year', 'first', 'year', 'not', 'single', 'one', 'submit', 'resume', 'summer', 'associate', 'posi', 'michele', 'nezi', 'marvin', 'manager', 'enron', 'broadband', 'service', 'kristin', 'gandy', 'enron', 'jeffrey', 'shankman', 'hou', 'ect', 'ect', 'william', 'keeney', 'hou', 'ect', 'ect', 'catherine', 'clark', 'hou', 'ect', 'ect', 'rajesh', 'chettiar', 'enron', 'development', 'enron', 'development', 'tom', 'dutta', 'hou', 'ect', 'ect', 'jayshree', 'desai', 'hou', 'ect', 'ect', 'colin', 'jackson', 'enron', 'communication', 'enron', 'communication', 'laura', 'howenstine', 'enron', 'communication', 'enron', 'communication', 'michele', 'nezi', 'marvin', 'enron', 'communication', 'enron', 'communication', 'jennifer', 'fraser', 'hou', 'ect', 'ect', 'natalie', 'halich', 'enron', 'communication', 'enron', 'communication', 'ranabir', 'dutt', 'corp', 'enron', 'enron', 'teresa', 'dyar', 'enron', 'enron', 'jeff', 'golden', 'hou', 'ees', 'ees', 'charle', 'ward', 'corp', 'enron', 'enron', 'sarah', 'wesner', 'corp', 'enron', 'enron', 'sun', 'enron', 'enron', 'gillian', 'johnson', 'enron', 'enron', 'lisa', 'connolly', 'enron', 'enron', 'michael', 'popkin', 'enron', 'enron', 'kevin', 'mcgowan', 'corp', 'enron', 'enron', 'evan', 'betzer', 'enron', 'communication', 'enron', 'communication', 'jebong', 'lee', 'enron', 'communication', 'enron', 'communication', 'chu', 'chu', 'wang', 'corp', 'enron', 'enron', 'brad', 'hitch', 'enron', 'enron', 'betsy', 'bassi', 'enron', 'communication', 'enron', 'communication', 'matthew', 'goer', 'hou', 'ect', 'ect', 'claude', 'telli', 'enron', 'enronxgate', 'tiger', 'team', 'wharton', 'participant', 'attach', 'list', 'individual', 'will', 'participat', 'tiger', 'team', 'event', 'enron', 'houston', 'january', 'keep', 'people', 'mind', 'come', 'time', 'pick', 'candidate', 'interview', 'spr', 'call', 'question', 'still', 'look', 'wharton', 'alum', 'like', 'attend', 'dinner', 'churrasco', 'even', 'kristin', 'forward', 'kristin', 'gandy', 'enron', 'melinda', 'mccarty', 'kristin', 'gandy', 'enron', 'enron', 'tiger', 'team', 'wharton', 'participant', 'vincent', 'chen', 'nichola', 'levitt', 'deepa', 'mallik', 'jack', 'rejtman', 'heather', 'thorne', 'donna', 'piazze', 'kim', 'whitsel', 'tulika', 'bhalla', 'jaideep', 'singh', 'edson', 'otani', 'joshua', 'leventhal', 'pat', 'henahan', 'gustavo', 'palazzi', 'clay', 'degiacinto', 'steve', 'lessar', 'ram', 'vittal', 'omar', 'bassel', 'jason', 'cummin', 'denni', 'feerick']",tiger team wharton participant student first second year first year not single one submit resume summer associate posi michele nezi marvin manager enron broadband service kristin gandy enron jeffrey shankman hou ect ect william keeney hou ect ect catherine clark hou ect ect rajesh chettiar enron development enron development tom dutta hou ect ect jayshree desai hou ect ect colin jackson enron communication enron communication laura howenstine enron communication enron communication michele nezi marvin enron communication enron communication jennifer fraser hou ect ect natalie halich enron communication enron communication ranabir dutt corp enron enron teresa dyar enron enron jeff golden hou ees ees charle ward corp enron enron sarah wesner corp enron enron sun enron enron gillian johnson enron enron lisa connolly enron enron michael popkin enron enron kevin mcgowan corp enron enron evan betzer enron communication enron communication jebong lee enron communication enron communication chu chu wang corp enron enron brad hitch enron enron betsy bassi enron communication enron communication matthew goer hou ect ect claude telli enron enronxgate tiger team wharton participant attach list individual will participat tiger team event enron houston january keep people mind come time pick candidate interview spr call question still look wharton alum like attend dinner churrasco even kristin forward kristin gandy enron melinda mccarty kristin gandy enron enron tiger team wharton participant vincent chen nichola levitt deepa mallik jack rejtman heather thorne donna piazze kim whitsel tulika bhalla jaideep singh edson otani joshua leventhal pat henahan gustavo palazzi clay degiacinto steve lessar ram vittal omar bassel jason cummin denni feerick,2093,258,153,0.0,0.0,0,1,0,2,0.0,-2,5.829457364341085,0,0,0
2006,florida sample ballot,"- - - - - - - - - - - - - - - - - - - - - - forwarded by julie meyers / hou / ect on 11 / 09 / 2000 04 : 57
pm - - - - - - - - - - - - - - - - - - - - - - - - - - -
denver plachy @ enron
11 / 09 / 2000 03 : 28 pm
to : julie meyers / hou / ect @ ect , jody crook / corp / enron @ enron
cc :
subject : florida sample ballot",ham,2000-11-09,"florida sample ballot - - - - - - - - - - - - - - - - - - - - - - forwarded by julie meyers / hou / ect on 11 / 09 / 2000 04 : 57
pm - - - - - - - - - - - - - - - - - - - - - - - - - - -
denver plachy @ enron
11 / 09 / 2000 03 : 28 pm
to : julie meyers / hou / ect @ ect , jody crook / corp / enron @ enron
cc :
subject : florida sample ballot",0,florida sample ballot forwarded by julie meyers hou ect on pm denver plachy enron pm to julie meyers hou ect ect jody crook corp enron enron cc subject florida sample ballot,"['florida', 'sample', 'ballot', 'forward', 'julie', 'meyer', 'hou', 'ect', 'denver', 'plachy', 'enron', 'julie', 'meyer', 'hou', 'ect', 'ect', 'jody', 'crook', 'corp', 'enron', 'enron', 'florida', 'sample', 'ballot']",florida sample ballot forward julie meyer hou ect denver plachy enron julie meyer hou ect ect jody crook corp enron enron florida sample ballot,173,24,14,0.0,0.0,0,0,0,0,0.0,0,5.0,0,0,0
19181,same effects . . best meds . .,"canadians already get these low prices in town , now you can online :
c spurn parley noxious arrangeable eunice incautious dogma constructible cytochemistry brainy pi .
pyle tenebrous cash englishman salve stymie carbonate denotative pogo proscenium varian morn siegmund bantu flick honorary imprint backstage impel turpentine honoree quintessence menace flintlock quod whittier datum boisterous zellerbach exculpate armenia aggrieve agribusiness simple baggage .
crescent traceable wallboard bookend carryover sequoia laos obtrusion previous catabolic indubitable mann alluvial denounce inhibitor neva telegraph appian john .
unesco bellmen whack tirana wesley lifeguard variety bonnie arrowhead bulldoze intercept jolt lew corundum catnip clerk crevice incident wynn gobble buggy cherub exist solace denumerable abduct propound demography database doubloon spacesuit camera erode airman brochure licensable cartography .
nooo moooooreeeeee heeeeereee
http : / / www . extremewebdeals . com
pectoral lockup metalliferous eligible onion smithfield launder topaz cabot woods sir splash johnson recurring ruin fluorite crone solicit insuppressible southpaw thermal wainwright masochism yield penis ascent aida furthermost annulling mull library alfresco conversation furious .
bursty bridgeport carlisle panda septillion lindquist truculent awn chancel frolic nestor caloric ideologue bolton provocation xylene attitudinal cyclopean benight boost clare .
swage spline assiduity honduras ram caress daniel anchoritism objectivity philip chalice troll event multitude tame wreckage same sus chamomile sword handful hannibal duplex sprague .
",spam,2004-06-21,"same effects . . best meds . . canadians already get these low prices in town , now you can online :
c spurn parley noxious arrangeable eunice incautious dogma constructible cytochemistry brainy pi .
pyle tenebrous cash englishman salve stymie carbonate denotative pogo proscenium varian morn siegmund bantu flick honorary imprint backstage impel turpentine honoree quintessence menace flintlock quod whittier datum boisterous zellerbach exculpate armenia aggrieve agribusiness simple baggage .
crescent traceable wallboard bookend carryover sequoia laos obtrusion previous catabolic indubitable mann alluvial denounce inhibitor neva telegraph appian john .
unesco bellmen whack tirana wesley lifeguard variety bonnie arrowhead bulldoze intercept jolt lew corundum catnip clerk crevice incident wynn gobble buggy cherub exist solace denumerable abduct propound demography database doubloon spacesuit camera erode airman brochure licensable cartography .
nooo moooooreeeeee heeeeereee
http : / / www . extremewebdeals . com
pectoral lockup metalliferous eligible onion smithfield launder topaz cabot woods sir splash johnson recurring ruin fluorite crone solicit insuppressible southpaw thermal wainwright masochism yield penis ascent aida furthermost annulling mull library alfresco conversation furious .
bursty bridgeport carlisle panda septillion lindquist truculent awn chancel frolic nestor caloric ideologue bolton provocation xylene attitudinal cyclopean benight boost clare .
swage spline assiduity honduras ram caress daniel anchoritism objectivity philip chalice troll event multitude tame wreckage same sus chamomile sword handful hannibal duplex sprague .
",1,same effects best meds canadians already get these low prices in town now you can online c spurn parley noxious arrangeable eunice incautious dogma constructible cytochemistry brainy pi pyle tenebrous cash englishman salve stymie carbonate denotative pogo proscenium varian morn siegmund bantu flick honorary imprint backstage impel turpentine honoree quintessence menace flintlock quod whittier datum boisterous zellerbach exculpate armenia aggrieve agribusiness simple baggage crescent traceable wallboard bookend carryover sequoia laos obtrusion previous catabolic indubitable mann alluvial denounce inhibitor neva telegraph appian john unesco bellmen whack tirana wesley lifeguard variety bonnie arrowhead bulldoze intercept jolt lew corundum catnip clerk crevice incident wynn gobble buggy cherub exist solace denumerable abduct propound demography database doubloon spacesuit camera erode airman brochure licensable cartography nooo moooooreeeeee heeeeereee http www extremewebdeals com pectoral lockup metalliferous eligible onion smithfield launder topaz cabot woods sir splash johnson recurring ruin fluorite crone solicit insuppressible southpaw thermal wainwright masochism yield penis ascent aida furthermost annulling mull library alfresco conversation furious bursty bridgeport carlisle panda septillion lindquist truculent awn chancel frolic nestor caloric ideologue bolton provocation xylene attitudinal cyclopean benight boost clare swage spline assiduity honduras ram caress daniel anchoritism objectivity philip chalice troll event multitude tame wreckage same sus chamomile sword handful hannibal duplex sprague,"['effect', 'best', 'med', 'canadian', 'already', 'get', 'low', 'price', 'town', 'now', 'can', 'online', 'spurn', 'parley', 'noxiou', 'arrangeable', 'eunice', 'incautiou', 'dogma', 'constructible', 'cytochemistry', 'brainy', 'pyle', 'tenebrou', 'cash', 'englishman', 'salve', 'stymie', 'carbonate', 'denotative', 'pogo', 'proscenium', 'varian', 'morn', 'siegmund', 'bantu', 'flick', 'honorary', 'imprint', 'backstage', 'impel', 'turpentine', 'honoree', 'quintessence', 'menace', 'flintlock', 'quod', 'whittier', 'datum', 'boisterou', 'zellerbach', 'exculpate', 'armenia', 'aggrieve', 'agribusines', 'simple', 'baggage', 'crescent', 'traceable', 'wallboard', 'bookend', 'carryover', 'sequoia', 'lao', 'obtrusion', 'previou', 'catabolic', 'indubitable', 'mann', 'alluvial', 'denounce', 'inhibitor', 'neva', 'telegraph', 'appian', 'john', 'unesco', 'bellmen', 'whack', 'tirana', 'wesley', 'lifeguard', 'variety', 'bonnie', 'arrowhead', 'bulldoze', 'intercept', 'jolt', 'lew', 'corundum', 'catnip', 'clerk', 'crevice', 'incident', 'wynn', 'gobble', 'buggy', 'cherub', 'exist', 'solace', 'denumerable', 'abduct', 'propound', 'demography', 'database', 'doubloon', 'spacesuit', 'camera', 'erode', 'airman', 'brochure', 'licensable', 'cartography', 'nooo', 'moooooreeeeee', 'heeeeereee', 'http', 'www', 'extremewebdeal', 'com', 'pectoral', 'lockup', 'metalliferou', 'eligible', 'onion', 'smithfield', 'launder', 'topaz', 'cabot', 'wood', 'sir', 'splash', 'johnson', 'recurr', 'ruin', 'fluorite', 'crone', 'solicit', 'insuppressible', 'southpaw', 'thermal', 'wainwright', 'masochism', 'yield', 'peni', 'ascent', 'aida', 'furthermost', 'annull', 'mull', 'library', 'alfresco', 'conversa', 'furiou', 'bursty', 'bridgeport', 'carlisle', 'panda', 'septillion', 'lindquist', 'truculent', 'awn', 'chancel', 'frolic', 'nestor', 'caloric', 'ideologue', 'bolton', 'provoca', 'xylene', 'attitudinal', 'cyclopean', 'benight', 'boost', 'clare', 'swage', 'spline', 'assiduity', 'hondura', 'ram', 'cares', 'daniel', 'anchoritism', 'objectivity', 'philip', 'chalice', 'troll', 'event', 'multitude', 'tame', 'wreckage', 'sus', 'chamomile', 'sword', 'handful', 'hannibal', 'duplex', 'sprague']",effect best med canadian already get low price town now can online spurn parley noxiou arrangeable eunice incautiou dogma constructible cytochemistry brainy pyle tenebrou cash englishman salve stymie carbonate denotative pogo proscenium varian morn siegmund bantu flick honorary imprint backstage impel turpentine honoree quintessence menace flintlock quod whittier datum boisterou zellerbach exculpate armenia aggrieve agribusines simple baggage crescent traceable wallboard bookend carryover sequoia lao obtrusion previou catabolic indubitable mann alluvial denounce inhibitor neva telegraph appian john unesco bellmen whack tirana wesley lifeguard variety bonnie arrowhead bulldoze intercept jolt lew corundum catnip clerk crevice incident wynn gobble buggy cherub exist solace denumerable abduct propound demography database doubloon spacesuit camera erode airman brochure licensable cartography nooo moooooreeeeee heeeeereee http www extremewebdeal com pectoral lockup metalliferou eligible onion smithfield launder topaz cabot wood sir splash johnson recurr ruin fluorite crone solicit insuppressible southpaw thermal wainwright masochism yield peni ascent aida furthermost annull mull library alfresco conversa furiou bursty bridgeport carlisle panda septillion lindquist truculent awn chancel frolic nestor caloric ideologue bolton provoca xylene attitudinal cyclopean benight boost clare swage spline assiduity hondura ram cares daniel anchoritism objectivity philip chalice troll event multitude tame wreckage sus chamomile sword handful hannibal duplex sprague,1631,198,198,0.0,0.0,0,0,1,0,0.005050505050505051,1,6.9393939393939394,0,0,0
25495,entrust your visual identity to us,"thinking of breathing new life into your business ?
start from revamping its front - endlogo and
visualidentity .
we offer creative custom design of iogos ,
stationery and web - sites . under our carefui hand thesepowerfui marketing
toois wili bring a breath of fresh air into your business and make you stand out
amongthe competitors .
you are just a ciick
away from your future success . click here to see the samples of our artwork ,
checkour prices and hot offers .
_ _ _ _ _ _ _ _ _ _ _ _ _ _ _ _ _ _ _ _ _ _ _ _ _ _ _ _ _ _ _ _ _ _ _ _ _ _ _ _ _ _ _ _ _ _ _ _ _ _ _ _ not interested . . . _ _ _ _ _ _ _ _ _ _ _ _ _ _ _ _ _ _ _ _ _ _ _ _ _ _ _ _ _ _ _ _ _ _ _ _ _ _ _ _ _ _ _ _ _ _ _ _ _ _ _ _",spam,2005-06-24,"entrust your visual identity to us thinking of breathing new life into your business ?
start from revamping its front - endlogo and
visualidentity .
we offer creative custom design of iogos ,
stationery and web - sites . under our carefui hand thesepowerfui marketing
toois wili bring a breath of fresh air into your business and make you stand out
amongthe competitors .
you are just a ciick
away from your future success . click here to see the samples of our artwork ,
checkour prices and hot offers .
_ _ _ _ _ _ _ _ _ _ _ _ _ _ _ _ _ _ _ _ _ _ _ _ _ _ _ _ _ _ _ _ _ _ _ _ _ _ _ _ _ _ _ _ _ _ _ _ _ _ _ _ not interested . . . _ _ _ _ _ _ _ _ _ _ _ _ _ _ _ _ _ _ _ _ _ _ _ _ _ _ _ _ _ _ _ _ _ _ _ _ _ _ _ _ _ _ _ _ _ _ _ _ _ _ _ _",1,entrust your visual identity to us thinking of breathing new life into your business ? start from revamping its front endlogo and visualidentity we offer creative custom design of iogos stationery and web sites under our carefui hand thesepowerfui marketing toois wili bring a breath of fresh air into your business and make you stand out amongthe competitors you are just a ciick away from your future success click here to see the samples of our artwork checkour prices and hot offers not interested,"['entrust', 'visual', 'identity', 'think', 'breath', 'new', 'life', 'busines', 'start', 'revamp', 'front', 'endlogo', 'visualidentity', 'offer', 'creative', 'custom', 'design', 'iogo', 'stationery', 'web', 'site', 'carefui', 'hand', 'thesepowerfui', 'market', 'tooi', 'wili', 'br', 'breath', 'fresh', 'air', 'busines', 'make', 'stand', 'amongthe', 'competitor', 'just', 'ciick', 'away', 'future', 'succes', 'click', 'see', 'sample', 'artwork', 'checkour', 'price', 'hot', 'offer', 'not', 'interest']",entrust visual identity think breath new life busines start revamp front endlogo visualidentity offer creative custom design iogo stationery web site carefui hand thesepowerfui market tooi wili br breath fresh air busines make stand amongthe competitor just ciick away future succes click see sample artwork checkour price hot offer not interest,501,51,48,0.0,0.0,0,1,3,0,0.058823529411764705,3,5.784313725490196,0,0,0
2651,noms / actual flow for 2 / 28,"we agree
- - - - - - - - - - - - - - - - - - - - - - forwarded by melissa jones / texas utilities on
03 / 01 / 2001
11 : 12 am - - - - - - - - - - - - - - - - - - - - - - - - - - -
"" eileen ponton "" on 03 / 01 / 2001 10 : 08 : 37 am
to : david avila / lsp / enserch / us @ tu , charlie stone / texas utilities @ tu , melissa
jones / texas utilities @ tu , hpl . scheduling @ enron . com ,
liz . bellamy @ enron . com
cc :
subject : noms / actual flow for 2 / 28
date nom flow - mcf flow - mmbtu
2 / 28 / 01 0 0 0
btu = 1 . 027",ham,2001-03-01,"noms / actual flow for 2 / 28 we agree
- - - - - - - - - - - - - - - - - - - - - - forwarded by melissa jones / texas utilities on
03 / 01 / 2001
11 : 12 am - - - - - - - - - - - - - - - - - - - - - - - - - - -
"" eileen ponton "" on 03 / 01 / 2001 10 : 08 : 37 am
to : david avila / lsp / enserch / us @ tu , charlie stone / texas utilities @ tu , melissa
jones / texas utilities @ tu , hpl . scheduling @ enron . com ,
liz . bellamy @ enron . com
cc :
subject : noms / actual flow for 2 / 28
date nom flow - mcf flow - mmbtu
2 / 28 / 01 0 0 0
btu = 1 . 027",0,noms actual flow for we agree forwarded by melissa jones texas utilities on am eileen ponton on am to david avila lsp enserch us tu charlie stone texas utilities tu melissa jones texas utilities tu hpl scheduling enron com liz bellamy enron com cc subject noms actual flow for date nom flow mcf flow mmbtu btu,"['nom', 'actual', 'flow', 'agree', 'forward', 'melissa', 'jone', 'texa', 'utilitie', 'eileen', 'ponton', 'david', 'avila', 'lsp', 'enserch', 'charlie', 'stone', 'texa', 'utilitie', 'melissa', 'jone', 'texa', 'utilitie', 'hpl', 'schedul', 'enron', 'com', 'liz', 'bellamy', 'enron', 'com', 'nom', 'actual', 'flow', 'nom', 'flow', 'mcf', 'flow', 'mmbtu', 'btu']",nom actual flow agree forward melissa jone texa utilitie eileen ponton david avila lsp enserch charlie stone texa utilitie melissa jone texa utilitie hpl schedul enron com liz bellamy enron com nom actual flow nom flow mcf flow mmbtu btu,309,40,26,0.0,0.0,0,0,0,0,0.0,0,4.95,0,0,0
31387,78 % off for all new software . surveyed exult,"tables mattress bitten leased using
reprehensible extol benefactor
warped hubert fag
bequeath intimate skiff talkatively
stint wolcott interlink mother arrived
scrutiny realtor colloquium angles glorious
bean vomited compounds
marcher vector nadir diffuse ashamedly
midstream kills trespasser nouns
",spam,2005-01-21,"78 % off for all new software . surveyed exult tables mattress bitten leased using
reprehensible extol benefactor
warped hubert fag
bequeath intimate skiff talkatively
stint wolcott interlink mother arrived
scrutiny realtor colloquium angles glorious
bean vomited compounds
marcher vector nadir diffuse ashamedly
midstream kills trespasser nouns
",1,off for all new software surveyed exult tables mattress bitten leased using reprehensible extol benefactor warped hubert fag bequeath intimate skiff talkatively stint wolcott interlink mother arrived scrutiny realtor colloquium angles glorious bean vomited compounds marcher vector nadir diffuse ashamedly midstream kills trespasser nouns,"['off', 'new', 'software', 'survey', 'exult', 'table', 'mattres', 'bitten', 'leas', 'us', 'reprehensible', 'extol', 'benefactor', 'warp', 'hubert', 'fag', 'bequeath', 'intimate', 'skiff', 'talkatively', 'stint', 'wolcott', 'interlink', 'mother', 'arriv', 'scrutiny', 'realtor', 'colloquium', 'angle', 'gloriou', 'bean', 'vomit', 'compound', 'marcher', 'vector', 'nadir', 'diffuse', 'ashamedly', 'midstream', 'kill', 'trespasser', 'noun']",off new software survey exult table mattres bitten leas us reprehensible extol benefactor warp hubert fag bequeath intimate skiff talkatively stint wolcott interlink mother arriv scrutiny realtor colloquium angle gloriou bean vomit compound marcher vector nadir diffuse ashamedly midstream kill trespasser noun,338,42,42,0.0,0.0,0,0,0,0,0.0,0,6.404761904761905,0,0,0
24838,"! gorgeous , custom websites - $ 399 complete ! ( 4156 cumg 9 - 855 yqkc 5 @ 17 )","beautiful custom
websites , $ 399 complete !
get a beautiful , 100 % custom web site ( or
yours redesigned ) for only $ 399 ! * we
have references coast to coastand will give you
plenty of sites to
view !
includes up to 7 pages ( you can add
more ) , java rollover buttons , feedback forms , more . it
will be constructed to your taste and
specifications , we do not use templates .
our sites are completely
custom . * must host with us @
$ 19 . 95 / mo ( 100 megs , 20 email accounts , control panel ,
front page , graphical statistics ,
more ) .
for sites to view , complete below or call our
message center at 321 - 726 - 2209 ( 24 hours ) . your call
will be returned promptly . note : if
you are using a web based email program ( such as yahoo ,
hotmail , etc . ) the form below will not
work . instead of
using the form , click
here ( you
must include your name , phone and state to get a
response , no exceptions .
name : phone
w / ac * : state : type project : new
site : redesign current
site ? : comments : your information is neither sold nor shared
with third parties under any
circumstance .
to be eliminated from
future mailings , click
here
[ 6560 icum 3 - 199 gyqk 9350 cvph 2 - 701 z @ 29 ]",spam,2002-08-30,"! gorgeous , custom websites - $ 399 complete ! ( 4156 cumg 9 - 855 yqkc 5 @ 17 ) beautiful custom
websites , $ 399 complete !
get a beautiful , 100 % custom web site ( or
yours redesigned ) for only $ 399 ! * we
have references coast to coastand will give you
plenty of sites to
view !
includes up to 7 pages ( you can add
more ) , java rollover buttons , feedback forms , more . it
will be constructed to your taste and
specifications , we do not use templates .
our sites are completely
custom . * must host with us @
$ 19 . 95 / mo ( 100 megs , 20 email accounts , control panel ,
front page , graphical statistics ,
more ) .
for sites to view , complete below or call our
message center at 321 - 726 - 2209 ( 24 hours ) . your call
will be returned promptly . note : if
you are using a web based email program ( such as yahoo ,
hotmail , etc . ) the form below will not
work . instead of
using the form , click
here ( you
must include your name , phone and state to get a
response , no exceptions .
name : phone
w / ac * : state : type project : new
site : redesign current
site ? : comments : your information is neither sold nor shared
with third parties under any
circumstance .
to be eliminated from
future mailings , click
here
[ 6560 icum 3 - 199 gyqk 9350 cvph 2 - 701 z @ 29 ]",1,! gorgeous custom websites complete ! cumg yqkc beautiful custom websites complete ! get a beautiful custom web site or yours redesigned for only ! we have references coast to coastand will give you plenty of sites to view ! includes up to pages you can add more java rollover buttons feedback forms more it will be constructed to your taste and specifications we do not use templates our sites are completely custom must host with us mo megs email accounts control panel front page graphical statistics more for sites to view complete below or call our message center at hours your call will be returned promptly note if you are using a web based email program such as yahoo hotmail etc the form below will not work instead of using the form click here you must include your name phone and state to get a response no exceptions name phone w ac state type project new site redesign current site ? comments your information is neither sold nor shared with third parties under any circumstance to be eliminated from future mailings click here icum gyqk cvph z,"['gorgeou', 'custom', 'website', 'complete', 'cumg', 'yqkc', 'beautiful', 'custom', 'website', 'complete', 'get', 'beautiful', 'custom', 'web', 'site', 'redesign', 'reference', 'coast', 'coastand', 'will', 'give', 'plenty', 'site', 'view', 'include', 'page', 'can', 'add', 'java', 'rollover', 'button', 'feedback', 'form', 'will', 'construct', 'taste', 'specification', 'not', 'use', 'template', 'site', 'completely', 'custom', 'must', 'host', 'meg', 'account', 'control', 'panel', 'front', 'page', 'graphical', 'statistic', 'site', 'view', 'complete', 'call', 'center', 'hour', 'call', 'will', 'return', 'promptly', 'note', 'us', 'web', 'bas', 'program', 'yahoo', 'hotmail', 'etc', 'form', 'will', 'not', 'work', 'instead', 'us', 'form', 'click', 'must', 'include', 'name', 'phone', 'state', 'get', 'response', 'exception', 'name', 'phone', 'state', 'type', 'project', 'new', 'site', 'redesign', 'current', 'site', 'comment', 'informa', 'neither', 'sold', 'shar', 'third', 'partie', 'circumstance', 'eliminat', 'future', 'mailing', 'click', 'icum', 'gyqk', 'cvph']",gorgeou custom website complete cumg yqkc beautiful custom website complete get beautiful custom web site redesign reference coast coastand will give plenty site view include page can add java rollover button feedback form will construct taste specification not use template site completely custom must host meg account control panel front page graphical statistic site view complete call center hour call will return promptly note us web bas program yahoo hotmail etc form will not work instead us form click must include name phone state get response exception name phone state type project new site redesign current site comment informa neither sold shar third partie circumstance eliminat future mailing click icum gyqk cvph,1057,112,81,0.0,0.0,5,1,3,2,0.026785714285714284,1,5.508928571428571,0,0,0
10170,your logo and visual identity from us,"thinking of breathing new life into your business ?
start from revamping its front - endlogo and
visualidentity .
we offer creative custom desiqn of loqos ,
stationery and web - sites . under our careful hand thesepowerful marketing
toois wiii bring a breath of fresh air into your business and make you stand out
amongthe competitors .
you are just a click
away from your future success . click here to see the sampies of our artwork ,
checkour prices and hot offers .
_ _ _ _ _ _ _ _ _ _ _ _ _ _ _ _ _ _ _ _ _ _ _ _ _ _ _ _ _ _ _ _ _ _ _ _ _ _ _ _ _ _ _ _ _ _ _ _ _ _ _ _ _ _ not interested . . . _ _ _ _ _ _ _ _ _ _ _ _ _ _ _ _ _ _ _ _ _ _ _ _ _ _ _ _ _ _ _ _ _ _ _ _ _ _ _ _ _ _ _ _ _ _ _ _ _ _ _ _ _ _",spam,2005-06-25,"your logo and visual identity from us thinking of breathing new life into your business ?
start from revamping its front - endlogo and
visualidentity .
we offer creative custom desiqn of loqos ,
stationery and web - sites . under our careful hand thesepowerful marketing
toois wiii bring a breath of fresh air into your business and make you stand out
amongthe competitors .
you are just a click
away from your future success . click here to see the sampies of our artwork ,
checkour prices and hot offers .
_ _ _ _ _ _ _ _ _ _ _ _ _ _ _ _ _ _ _ _ _ _ _ _ _ _ _ _ _ _ _ _ _ _ _ _ _ _ _ _ _ _ _ _ _ _ _ _ _ _ _ _ _ _ not interested . . . _ _ _ _ _ _ _ _ _ _ _ _ _ _ _ _ _ _ _ _ _ _ _ _ _ _ _ _ _ _ _ _ _ _ _ _ _ _ _ _ _ _ _ _ _ _ _ _ _ _ _ _ _ _",1,your logo and visual identity from us thinking of breathing new life into your business ? start from revamping its front endlogo and visualidentity we offer creative custom desiqn of loqos stationery and web sites under our careful hand thesepowerful marketing toois wiii bring a breath of fresh air into your business and make you stand out amongthe competitors you are just a click away from your future success click here to see the sampies of our artwork checkour prices and hot offers not interested,"['logo', 'visual', 'identity', 'think', 'breath', 'new', 'life', 'busines', 'start', 'revamp', 'front', 'endlogo', 'visualidentity', 'offer', 'creative', 'custom', 'desiqn', 'loqo', 'stationery', 'web', 'site', 'careful', 'hand', 'thesepowerful', 'market', 'tooi', 'wiii', 'br', 'breath', 'fresh', 'air', 'busines', 'make', 'stand', 'amongthe', 'competitor', 'just', 'click', 'away', 'future', 'succes', 'click', 'see', 'sampie', 'artwork', 'checkour', 'price', 'hot', 'offer', 'not', 'interest']",logo visual identity think breath new life busines start revamp front endlogo visualidentity offer creative custom desiqn loqo stationery web site careful hand thesepowerful market tooi wiii br breath fresh air busines make stand amongthe competitor just click away future succes click see sampie artwork checkour price hot offer not interest,504,51,47,0.0,0.0,0,1,4,0,0.0784313725490196,4,5.7254901960784315,0,0,0
25725,very good newws,"hello , welcome to pharmonlin suicide e sho lummox p
- one of th offlimits e leading oniine pharmaceutical shops
traumata v
vegetarian g
preconquest al
l dispensable l
bolometer la
r sloughy a punitive cl
grandpa isv solipsism a
interleave um
andmanyother .
- save over muniment 50 %
- worldwide sh domicile lpplng
- total clandestine confidentiaiity
- over 5 miiiion customer suffusion s in 130 countries
have a nice day piezochemistry !",spam,2005-06-27,"very good newws hello , welcome to pharmonlin suicide e sho lummox p
- one of th offlimits e leading oniine pharmaceutical shops
traumata v
vegetarian g
preconquest al
l dispensable l
bolometer la
r sloughy a punitive cl
grandpa isv solipsism a
interleave um
andmanyother .
- save over muniment 50 %
- worldwide sh domicile lpplng
- total clandestine confidentiaiity
- over 5 miiiion customer suffusion s in 130 countries
have a nice day piezochemistry !",1,very good newws hello welcome to pharmonlin suicide e sho lummox p one of th offlimits e leading oniine pharmaceutical shops traumata v vegetarian g preconquest al l dispensable l bolometer la r sloughy a punitive cl grandpa isv solipsism a interleave um andmanyother save over muniment worldwide sh domicile lpplng total clandestine confidentiaiity over miiiion customer suffusion s in countries have a nice day piezochemistry !,"['good', 'neww', 'welcome', 'pharmonlin', 'suicide', 'sho', 'lummox', 'one', 'offlimit', 'lead', 'oniine', 'pharmaceutical', 'shop', 'traumata', 'vegetarian', 'preconquest', 'dispensable', 'bolometer', 'sloughy', 'punitive', 'grandpa', 'isv', 'solipsism', 'interleave', 'andmanyother', 'save', 'muniment', 'worldwide', 'domicile', 'lpplng', 'total', 'clandestine', 'confidentiaiity', 'miiiion', 'customer', 'suffusion', 'countrie', 'nice', 'day', 'piezochemistry']",good neww welcome pharmonlin suicide sho lummox one offlimit lead oniine pharmaceutical shop traumata vegetarian preconquest dispensable bolometer sloughy punitive grandpa isv solipsism interleave andmanyother save muniment worldwide domicile lpplng total clandestine confidentiaiity miiiion customer suffusion countrie nice day piezochemistry,429,40,40,0.0,0.0,1,0,0,0,0.0,0,7.6,0,0,0
28361,membership mixer tomorrow - paesanos lounge !,"nesa / hea members ~
don ' t forget to join us tomorrow ( thursday , january 18 th ) for our first
membership mixer of 2001 at paesanos lounge located at 213 milam between
franklin and congress streets in the downtown market district . sponsored by
national energy & trade , llc , the fun begins at 5 : 00 p . m . and your first
drink is free when you mention you ' re with nesa / hea at the door . there will
be a buffet available for our group as well as valet parking .
remember that paesanos also offers a great selection of fine cigars for your
enjoyment while you network with other industry colleagues , and special
guest artist , yvonne washington , performs at 8 : 00 p . m . we ' re expecting a
great turnout , so don ' t be left out !
as part of our membership drive , bring a new member with you and become
eligible for a great door prize , graciously donated by kay atchison
( nesa / hea co - chair ) from duke energy . it ' s a great opportunity to renew
your dues as well . again , if you didn ' t receive your renewal in the mail ,
i ' m attaching a pdf file that can be opened in adobe acrobat . if you don ' t
have that application , download it free from our website at www . nesanet . org .
hope to see you there ! you can ' t afford to miss this event !
>
- nesaneamembership . pdf",ham,2001-01-17,"membership mixer tomorrow - paesanos lounge ! nesa / hea members ~
don ' t forget to join us tomorrow ( thursday , january 18 th ) for our first
membership mixer of 2001 at paesanos lounge located at 213 milam between
franklin and congress streets in the downtown market district . sponsored by
national energy & trade , llc , the fun begins at 5 : 00 p . m . and your first
drink is free when you mention you ' re with nesa / hea at the door . there will
be a buffet available for our group as well as valet parking .
remember that paesanos also offers a great selection of fine cigars for your
enjoyment while you network with other industry colleagues , and special
guest artist , yvonne washington , performs at 8 : 00 p . m . we ' re expecting a
great turnout , so don ' t be left out !
as part of our membership drive , bring a new member with you and become
eligible for a great door prize , graciously donated by kay atchison
( nesa / hea co - chair ) from duke energy . it ' s a great opportunity to renew
your dues as well . again , if you didn ' t receive your renewal in the mail ,
i ' m attaching a pdf file that can be opened in adobe acrobat . if you don ' t
have that application , download it free from our website at www . nesanet . org .
hope to see you there ! you can ' t afford to miss this event !
>
- nesaneamembership . pdf",0,membership mixer tomorrow paesanos lounge ! nesa hea members don t forget to join us tomorrow thursday january th for our first membership mixer of at paesanos lounge located at milam between franklin and congress streets in the downtown market district sponsored by national energy trade llc the fun begins at p m and your first drink is free when you mention you re with nesa hea at the door there will be a buffet available for our group as well as valet parking remember that paesanos also offers a great selection of fine cigars for your enjoyment while you network with other industry colleagues and special guest artist yvonne washington performs at p m we re expecting a great turnout so don t be left out ! as part of our membership drive bring a new member with you and become eligible for a great door prize graciously donated by kay atchison nesa hea co chair from duke energy it s a great opportunity to renew your dues as well again if you didn t receive your renewal in the mail i m attaching a pdf file that can be opened in adobe acrobat if you don t have that application download it free from our website at www nesanet org hope to see you there ! you can t afford to miss this event ! nesaneamembership pdf,"['membership', 'mixer', 'tomorrow', 'paesano', 'lounge', 'nesa', 'hea', 'member', 'don', 'forget', 'join', 'tomorrow', 'thursday', 'january', 'first', 'membership', 'mixer', 'paesano', 'lounge', 'locat', 'milam', 'franklin', 'congres', 'street', 'downtown', 'market', 'district', 'sponsor', 'national', 'energy', 'trade', 'llc', 'fun', 'begin', 'first', 'drink', 'free', 'men', 'nesa', 'hea', 'door', 'will', 'buffet', 'available', 'group', 'valet', 'park', 'remember', 'paesano', 'also', 'offer', 'great', 'selec', 'fine', 'cigar', 'enjoyment', 'network', 'industry', 'colleague', 'special', 'guest', 'artist', 'yvonne', 'washington', 'perform', 'expect', 'great', 'turnout', 'don', 'left', 'part', 'membership', 'drive', 'br', 'new', 'member', 'become', 'eligible', 'great', 'door', 'prize', 'graciously', 'donat', 'kay', 'atchison', 'nesa', 'hea', 'chair', 'duke', 'energy', 'great', 'opportunity', 'renew', 'due', 'didn', 'receive', 'renewal', 'attach', 'pdf', 'file', 'can', 'open', 'adobe', 'acrobat', 'don', 'applica', 'download', 'free', 'website', 'www', 'nesanet', 'org', 'hope', 'see', 'can', 'afford', 'mis', 'event', 'nesaneamembership', 'pdf']",membership mixer tomorrow paesano lounge nesa hea member don forget join tomorrow thursday january first membership mixer paesano lounge locat milam franklin congres street downtown market district sponsor national energy trade llc fun begin first drink free men nesa hea door will buffet available group valet park remember paesano also offer great selec fine cigar enjoyment network industry colleague special guest artist yvonne washington perform expect great turnout don left part membership drive br new member become eligible great door prize graciously donat kay atchison nesa hea chair duke energy great opportunity renew due didn receive renewal attach pdf file can open adobe acrobat don applica download free website www nesanet org hope see can afford mis event nesaneamembership pdf,1226,120,97,0.0,0.0,4,0,4,0,0.03333333333333333,4,5.641666666666667,0,0,0
21915,urgent announcement,"link to unsubscribe :
",spam,2005-05-11,"urgent announcement link to unsubscribe :
",1,urgent announcement link to unsubscribe,"['urgent', 'announcement', 'link', 'unsubscribe']",urgent announcement link unsubscribe,39,4,4,0.0,0.0,0,0,3,0,0.75,3,8.25,0,0,0
10726,understanding oem software,"send the love home with an online photo album
absence sharpens love , presence strengthens it .
painting is just another way of keeping a diary .",spam,2005-07-15,"understanding oem software send the love home with an online photo album
absence sharpens love , presence strengthens it .
painting is just another way of keeping a diary .",1,understanding oem software send the love home with an online photo album absence sharpens love presence strengthens it painting is just another way of keeping a diary,"['understand', 'oem', 'software', 'send', 'love', 'home', 'online', 'photo', 'album', 'absence', 'sharpen', 'love', 'presence', 'strengthen', 'paint', 'just', 'another', 'way', 'keep', 'diary']",understand oem software send love home online photo album absence sharpen love presence strengthen paint just another way keep diary,166,20,19,0.0,0.0,0,0,0,0,0.0,0,5.65,0,0,0
31803,looking for prescripiton drvgs ?,"righteous cynthia jewish peg infra distributor
find your medications without delay !
we have all medications you may possibly need !
all medications in one place !
stop receiving promotional material now
gone atrium fungoid excel agglutinin
",spam,2005-02-15,"looking for prescripiton drvgs ? righteous cynthia jewish peg infra distributor
find your medications without delay !
we have all medications you may possibly need !
all medications in one place !
stop receiving promotional material now
gone atrium fungoid excel agglutinin
",1,looking for prescripiton drvgs ? righteous cynthia jewish peg infra distributor find your medications without delay ! we have all medications you may possibly need ! all medications in one place ! stop receiving promotional material now gone atrium fungoid excel agglutinin,"['look', 'prescripiton', 'drvg', 'righteou', 'cynthia', 'jewish', 'peg', 'infra', 'distributor', 'find', 'medication', 'without', 'delay', 'medication', 'may', 'possibly', 'ne', 'medication', 'one', 'place', 'stop', 'receiv', 'promotional', 'material', 'now', 'gone', 'atrium', 'fungoid', 'excel', 'agglutinin']",look prescripiton drvg righteou cynthia jewish peg infra distributor find medication without delay medication may possibly ne medication one place stop receiv promotional material now gone atrium fungoid excel agglutinin,273,30,28,0.0,0.0,3,1,3,0,0.1,3,6.366666666666666,0,0,0
27815,enron in action 07 . 17 . 00,"are you having problems connecting to hyperlinks through enron in action ? a
common problem is the internet browser setup . simply click on the word
"" office "" at the bottom right hand corner of your screen , click "" edit
current , "" find "" internet browser "" and change it to "" microsoft internet
explorer . ""
volunteeri
the houston ballet is in need of academic tutors . if you are interested in
helping talented students , are available 2 hours a week and are academically
strong in math , history or english , please contact shelly power at
713 . 535 . 3201 or spower @ houstonballet . org .
festa italiana ! the federation of italian - american organizations of houston
is now recruiting volunteers for its annual italian festival held september
15 - 17 . opportunities include assisting in federation booths for beverages ,
food , promotional material , children ' s area and vip tent . if you are
interested , contact rachel feldt at 713 . 853 . 7629 . for more information ,
click here . http : / / home . enron . com / cr .
ihappeningsi
"" is that your final answer ? "" check your e - mail wednesday , july 19 to enter in
our "" who wants to help millions "" united way kick - off contest . answer all of
the questions correctly and you could win a spot on the united way / enron
gamshow on august 9 th !
enron night at enron field ! tickets will be on sale monday , july 24 th for
enron night on august 8 th , for only $ 8 each . tickets will be sold online
through the signature shop . limit 2 tickets per employee . for more
information , visit http : / / home . enron . com / cr / .
bowl for the cure ! join enron and the muscular dystrophy association for
their annual beach bowl fund - raiser to cure lou gehrig ' s disease , july 29 at
funplex . can ' t bowl ? that ' s ok , you can still help by raising donations .
everyone participating is eligible to win great prizes , including airline
tickets and hotel reservations to an exotic location ! register now by
calling sandy hoelscher at 713 . 345 . 6006 . for more information , visit
http : / / home . enron . com / cr .
the enron blood drive will be on july 20 from 7 a . m . - 4 p . m . in eb - 5 c 2 .
call 713 . 853 . 6100 to schedule an appointment now !
get cpr / first aid certified this month ! learn the lifesaving techniques for
you and your family . learn how to perform adult & infant cpr and how to use
an aed ( automatic external defibrillator ) . july 25 , 1 : 00 - 5 : 00 p . m . cost
is $ 10 . to register call the health center at 713 . 853 . 6100 .
weight watchers @ work is gearing up for another session . cost is $ 169 for
16 weeks . space is limited to the first 60 employees who register via e - mail
to michelle kapfer . classes are held every wednesday at 11 : 45 a . m .
beginning july 19 . e - mail confirmations for class participants will begin
on july 17 .
iworkperksi
don ' t delay ! get your perkcard today ! the perkcard offers discounts at a
variety of merchants around houston . the cost is $ 20 and all proceeds
benifit community programming . for more information visit the workperks
website at http : / / home . enron . com / workperks / programs / .
sign up your middle - school aged child for summer of service , a community
service program that is challenging , rewarding and tons of fun ! children
develop valuable skills and are recognized for their contributions to the
community . they also will enjoy weekly fun friday outings to recreational
and cultural events . cost is $ 160 for a two - week session . locations include :
west side ymca 713 . 467 . 9622 and south montgomery county ymca ( the woodlands )
281 . 367 . 9622 . session dates are : july 3 - 14 , july 17 - 28 . for more
information call the ymca location of your choice .
isave the datei
july 24 - 28 - knowledge beginnings back up child care center open house .
click here for more details http : / / home . enron . com / cr / .",ham,2000-07-14,"enron in action 07 . 17 . 00 are you having problems connecting to hyperlinks through enron in action ? a
common problem is the internet browser setup . simply click on the word
"" office "" at the bottom right hand corner of your screen , click "" edit
current , "" find "" internet browser "" and change it to "" microsoft internet
explorer . ""
volunteeri
the houston ballet is in need of academic tutors . if you are interested in
helping talented students , are available 2 hours a week and are academically
strong in math , history or english , please contact shelly power at
713 . 535 . 3201 or spower @ houstonballet . org .
festa italiana ! the federation of italian - american organizations of houston
is now recruiting volunteers for its annual italian festival held september
15 - 17 . opportunities include assisting in federation booths for beverages ,
food , promotional material , children ' s area and vip tent . if you are
interested , contact rachel feldt at 713 . 853 . 7629 . for more information ,
click here . http : / / home . enron . com / cr .
ihappeningsi
"" is that your final answer ? "" check your e - mail wednesday , july 19 to enter in
our "" who wants to help millions "" united way kick - off contest . answer all of
the questions correctly and you could win a spot on the united way / enron
gamshow on august 9 th !
enron night at enron field ! tickets will be on sale monday , july 24 th for
enron night on august 8 th , for only $ 8 each . tickets will be sold online
through the signature shop . limit 2 tickets per employee . for more
information , visit http : / / home . enron . com / cr / .
bowl for the cure ! join enron and the muscular dystrophy association for
their annual beach bowl fund - raiser to cure lou gehrig ' s disease , july 29 at
funplex . can ' t bowl ? that ' s ok , you can still help by raising donations .
everyone participating is eligible to win great prizes , including airline
tickets and hotel reservations to an exotic location ! register now by
calling sandy hoelscher at 713 . 345 . 6006 . for more information , visit
http : / / home . enron . com / cr .
the enron blood drive will be on july 20 from 7 a . m . - 4 p . m . in eb - 5 c 2 .
call 713 . 853 . 6100 to schedule an appointment now !
get cpr / first aid certified this month ! learn the lifesaving techniques for
you and your family . learn how to perform adult & infant cpr and how to use
an aed ( automatic external defibrillator ) . july 25 , 1 : 00 - 5 : 00 p . m . cost
is $ 10 . to register call the health center at 713 . 853 . 6100 .
weight watchers @ work is gearing up for another session . cost is $ 169 for
16 weeks . space is limited to the first 60 employees who register via e - mail
to michelle kapfer . classes are held every wednesday at 11 : 45 a . m .
beginning july 19 . e - mail confirmations for class participants will begin
on july 17 .
iworkperksi
don ' t delay ! get your perkcard today ! the perkcard offers discounts at a
variety of merchants around houston . the cost is $ 20 and all proceeds
benifit community programming . for more information visit the workperks
website at http : / / home . enron . com / workperks / programs / .
sign up your middle - school aged child for summer of service , a community
service program that is challenging , rewarding and tons of fun ! children
develop valuable skills and are recognized for their contributions to the
community . they also will enjoy weekly fun friday outings to recreational
and cultural events . cost is $ 160 for a two - week session . locations include :
west side ymca 713 . 467 . 9622 and south montgomery county ymca ( the woodlands )
281 . 367 . 9622 . session dates are : july 3 - 14 , july 17 - 28 . for more
information call the ymca location of your choice .
isave the datei
july 24 - 28 - knowledge beginnings back up child care center open house .
click here for more details http : / / home . enron . com / cr / .",0,enron in action are you having problems connecting to hyperlinks through enron in action ? a common problem is the internet browser setup simply click on the word office at the bottom right hand corner of your screen click edit current find internet browser and change it to microsoft internet explorer volunteeri the houston ballet is in need of academic tutors if you are interested in helping talented students are available hours a week and are academically strong in math history or english please contact shelly power at or spower houstonballet org festa italiana ! the federation of italian american organizations of houston is now recruiting volunteers for its annual italian festival held september opportunities include assisting in federation booths for beverages food promotional material children s area and vip tent if you are interested contact rachel feldt at for more information click here http home enron com cr ihappeningsi is that your final answer ? check your e mail wednesday july to enter in our who wants to help millions united way kick off contest answer all of the questions correctly and you could win a spot on the united way enron gamshow on august th ! enron night at enron field ! tickets will be on sale monday july th for enron night on august th for only each tickets will be sold online through the signature shop limit tickets per employee for more information visit http home enron com cr bowl for the cure ! join enron and the muscular dystrophy association for their annual beach bowl fund raiser to cure lou gehrig s disease july at funplex can t bowl ? that s ok you can still help by raising donations everyone participating is eligible to win great prizes including airline tickets and hotel reservations to an exotic location ! register now by calling sandy hoelscher at for more information visit http home enron com cr the enron blood drive will be on july from a m p m in eb c call to schedule an appointment now ! get cpr first aid certified this month ! learn the lifesaving techniques for you and your family learn how to perform adult infant cpr and how to use an aed automatic external defibrillator july p m cost is to register call the health center at weight watchers work is gearing up for another session cost is for weeks space is limited to the first employees who register via e mail to michelle kapfer classes are held every wednesday at a m beginning july e mail confirmations for class participants will begin on july iworkperksi don t delay ! get your perkcard today ! the perkcard offers discounts at a variety of merchants around houston the cost is and all proceeds benifit community programming for more information visit the workperks website at http home enron com workperks programs sign up your middle school aged child for summer of service a community service program that is challenging rewarding and tons of fun ! children develop valuable skills and are recognized for their contributions to the community they also will enjoy weekly fun friday outings to recreational and cultural events cost is for a two week session locations include west side ymca and south montgomery county ymca the woodlands session dates are july july for more information call the ymca location of your choice isave the datei july knowledge beginnings back up child care center open house click here for more details http home enron com cr,"['enron', 'ac', 'problem', 'connect', 'hyperlink', 'enron', 'ac', 'common', 'problem', 'internet', 'browser', 'setup', 'simply', 'click', 'word', 'office', 'bottom', 'right', 'hand', 'corner', 'screen', 'click', 'edit', 'current', 'find', 'internet', 'browser', 'change', 'microsoft', 'internet', 'explorer', 'volunteeri', 'houston', 'ballet', 'ne', 'academic', 'tutor', 'interest', 'help', 'talent', 'student', 'available', 'hour', 'week', 'academically', 'strong', 'math', 'history', 'english', 'contact', 'shelly', 'power', 'spower', 'houstonballet', 'org', 'festa', 'italiana', 'federa', 'italian', 'american', 'organization', 'houston', 'now', 'recruit', 'volunteer', 'annual', 'italian', 'festival', 'held', 'september', 'opportunitie', 'include', 'assist', 'federa', 'booth', 'beverage', 'food', 'promotional', 'material', 'children', 'area', 'vip', 'tent', 'interest', 'contact', 'rachel', 'feldt', 'informa', 'click', 'http', 'home', 'enron', 'com', 'ihappeningsi', 'final', 'answer', 'check', 'wednesday', 'july', 'enter', 'want', 'help', 'million', 'unit', 'way', 'kick', 'off', 'contest', 'answer', 'question', 'correctly', 'win', 'spot', 'unit', 'way', 'enron', 'gamshow', 'august', 'enron', 'night', 'enron', 'field', 'ticket', 'will', 'sale', 'monday', 'july', 'enron', 'night', 'august', 'ticket', 'will', 'sold', 'online', 'signature', 'shop', 'limit', 'ticket', 'per', 'employee', 'informa', 'visit', 'http', 'home', 'enron', 'com', 'bowl', 'cure', 'join', 'enron', 'muscular', 'dystrophy', 'associa', 'annual', 'beach', 'bowl', 'fund', 'raiser', 'cure', 'lou', 'gehrig', 'disease', 'july', 'funplex', 'can', 'bowl', 'can', 'still', 'help', 'rais', 'donation', 'everyone', 'participat', 'eligible', 'win', 'great', 'prize', 'includ', 'airline', 'ticket', 'hotel', 'reservation', 'exotic', 'loca', 'register', 'now', 'call', 'sandy', 'hoelscher', 'informa', 'visit', 'http', 'home', 'enron', 'com', 'enron', 'blood', 'drive', 'will', 'july', 'call', 'schedule', 'appointment', 'now', 'get', 'cpr', 'first', 'aid', 'certifi', 'month', 'learn', 'lifesav', 'technique', 'family', 'learn', 'perform', 'adult', 'infant', 'cpr', 'use', 'a', 'automatic', 'external', 'defibrillator', 'july', 'cost', 'register', 'call', 'health', 'center', 'weight', 'watcher', 'work', 'gear', 'another', 'session', 'cost', 'week', 'space', 'limit', 'first', 'employee', 'register', 'via', 'michelle', 'kapfer', 'classe', 'held', 'every', 'wednesday', 'beginn', 'july', 'confirmation', 'clas', 'participant', 'will', 'begin', 'july', 'iworkperksi', 'don', 'delay', 'get', 'perkcard', 'today', 'perkcard', 'offer', 'discount', 'variety', 'merchant', 'around', 'houston', 'cost', 'proceed', 'benifit', 'community', 'programm', 'informa', 'visit', 'workperk', 'website', 'http', 'home', 'enron', 'com', 'workperk', 'program', 'sign', 'middle', 'school', 'ag', 'child', 'summer', 'service', 'community', 'service', 'program', 'challeng', 'reward', 'ton', 'fun', 'children', 'develop', 'valuable', 'skill', 'recogniz', 'contribution', 'community', 'also', 'will', 'enjoy', 'weekly', 'fun', 'friday', 'outing', 'recreational', 'cultural', 'event', 'cost', 'two', 'week', 'session', 'location', 'include', 'west', 'side', 'ymca', 'south', 'montgomery', 'county', 'ymca', 'woodland', 'session', 'date', 'july', 'july', 'informa', 'call', 'ymca', 'loca', 'choice', 'isave', 'datei', 'july', 'knowledge', 'beginning', 'back', 'child', 'care', 'center', 'open', 'house', 'click', 'detail', 'http', 'home', 'enron', 'com']",enron ac problem connect hyperlink enron ac common problem internet browser setup simply click word office bottom right hand corner screen click edit current find internet browser change microsoft internet explorer volunteeri houston ballet ne academic tutor interest help talent student available hour week academically strong math history english contact shelly power spower houstonballet org festa italiana federa italian american organization houston now recruit volunteer annual italian festival held september opportunitie include assist federa booth beverage food promotional material children area vip tent interest contact rachel feldt informa click http home enron com ihappeningsi final answer check wednesday july enter want help million unit way kick off contest answer question correctly win spot unit way enron gamshow august enron night enron field ticket will sale monday july enron night august ticket will sold online signature shop limit ticket per employee informa visit http home enron com bowl cure join enron muscular dystrophy associa annual beach bowl fund raiser cure lou gehrig disease july funplex can bowl can still help rais donation everyone participat eligible win great prize includ airline ticket hotel reservation exotic loca register now call sandy hoelscher informa visit http home enron com enron blood drive will july call schedule appointment now get cpr first aid certifi month learn lifesav technique family learn perform adult infant cpr use a automatic external defibrillator july cost register call health center weight watcher work gear another session cost week space limit first employee register via michelle kapfer classe held every wednesday beginn july confirmation clas participant will begin july iworkperksi don delay get perkcard today perkcard offer discount variety merchant around houston cost proceed benifit community programm informa visit workperk website http home enron com workperk program sign middle school ag child summer service community service program challeng reward ton fun children develop valuable skill recogniz contribution community also will enjoy weekly fun friday outing recreational cultural event cost two week session location include west side ymca south montgomery county ymca woodland session date july july informa call ymca loca choice isave datei july knowledge beginning back child care center open house click detail http home enron com,3396,357,248,0.0,0.0,10,3,10,2,0.028011204481792718,8,5.812324929971989,0,0,0
19647,re : info you requested l 5315,"hi ,
did you recieve my email from last week ? i ' m happy to tell you
that we ' re ready to give you a home loan with a 3 . 70 % rate .
your tracking number is # c 9 026 396
you must visit the link below in 24 hrs to confirm your details .
http : / / realhomeowner . com / ? partid = moffob
best regards ,
avis slaughter
manager
us first brokerage
options :
realhomeowner . com / st . html
",spam,2004-08-23,"re : info you requested l 5315 hi ,
did you recieve my email from last week ? i ' m happy to tell you
that we ' re ready to give you a home loan with a 3 . 70 % rate .
your tracking number is # c 9 026 396
you must visit the link below in 24 hrs to confirm your details .
http : / / realhomeowner . com / ? partid = moffob
best regards ,
avis slaughter
manager
us first brokerage
options :
realhomeowner . com / st . html
",1,re info you requested l hi did you recieve my email from last week ? i m happy to tell you that we re ready to give you a home loan with a rate your tracking number is c you must visit the link below in hrs to confirm your details http realhomeowner com ? partid moffob best regards avis slaughter manager us first brokerage options realhomeowner com st html,"['info', 'request', 'recieve', 'last', 'week', 'happy', 'tell', 'ready', 'give', 'home', 'loan', 'rate', 'track', 'number', 'must', 'visit', 'link', 'hrs', 'confirm', 'detail', 'http', 'realhomeowner', 'com', 'partid', 'moffob', 'best', 'avi', 'slaughter', 'manager', 'first', 'brokerage', 'option', 'realhomeowner', 'com', 'html']",info request recieve last week happy tell ready give home loan rate track number must visit link hrs confirm detail http realhomeowner com partid moffob best avi slaughter manager first brokerage option realhomeowner com html,358,35,33,0.0,0.0,0,2,3,0,0.08571428571428572,3,5.457142857142857,0,0,0
28540,negotiated rate deals,"fyi - maria just called to let us know that tw is on the ferc agenda for wed . , 3 / 28 for an order on the negotiated rate deals .",ham,2001-03-22,"negotiated rate deals fyi - maria just called to let us know that tw is on the ferc agenda for wed . , 3 / 28 for an order on the negotiated rate deals .",0,negotiated rate deals fyi maria just called to let us know that tw is on the ferc agenda for wed for an order on the negotiated rate deals,"['negotiat', 'rate', 'deal', 'fyi', 'maria', 'just', 'call', 'let', 'know', 'ferc', 'agenda', 'order', 'negotiat', 'rate', 'deal']",negotiat rate deal fyi maria just call let know ferc agenda order negotiat rate deal,138,15,12,0.0,0.0,0,0,0,2,0.0,-2,4.666666666666667,0,0,0
179,over $ 50 - - you made it happen !,"on wall street , people are talking about enron . at enron , we ' re talking
about people . . . our people . you are the driving force behind every success
that our company has experienced , including our high - performing stock price ,
which surpassed the $ 50 mark only a few days ago . you made it happen !
to show our appreciation for your hard work and commitment to enron  , s
continued success , eligible regular full - time and regular part - time employees
who were on the payroll of a wholly - owned enron company at dec . 31 , 1999 will
receive 50 enron stock options . a special stock option award certificate and
a copy of the stock plan will be sent to you in the next few weeks .
about the stock options grant :
the grant was effective jan . 18 , 2000 , therefore , the option grant price is
$ 55 . 50 .
options will have a seven - year term , which means you must exercise these
options before seven years have passed .
options will vest 25 percent on feb . 28 , 2000 and 25 percent each subsequent
january 18 th thereafter until fully vested , as long as you are an employee of
enron . this means you may exercise 25 percent of these options as early as
feb . 28 .
this grant is made in accordance with the terms and provisions of the enron
corp . stock plans and the award documents , which you will receive in the
coming weeks .
due to varying international restrictions and legalities , enron employees in
certain international locations will receive some other form of recognition .
your local management and human resources representative will communicate
further details .
visit home . enron . com for additional information . there you can access a list
of frequently asked questions regarding stock options . and you can view a
special message from ken lay . to access the special message , you must have
ip - tv and a sound card . if you are not able to view ken  , s message , a
transcript is available . if you encounter any technical difficulties , please
contact your pc help desk .
to help celebrate this occasion plaza java located in the enron building will
offer 50 - cent coffee of the day and 50 - cent krispy kreme donuts today only ,
while quantities last .
again , thank you for all you do to make enron a successful global energy and
broadband services company and a great place to work .",ham,2000-01-24,"over $ 50 - - you made it happen ! on wall street , people are talking about enron . at enron , we ' re talking
about people . . . our people . you are the driving force behind every success
that our company has experienced , including our high - performing stock price ,
which surpassed the $ 50 mark only a few days ago . you made it happen !
to show our appreciation for your hard work and commitment to enron  , s
continued success , eligible regular full - time and regular part - time employees
who were on the payroll of a wholly - owned enron company at dec . 31 , 1999 will
receive 50 enron stock options . a special stock option award certificate and
a copy of the stock plan will be sent to you in the next few weeks .
about the stock options grant :
the grant was effective jan . 18 , 2000 , therefore , the option grant price is
$ 55 . 50 .
options will have a seven - year term , which means you must exercise these
options before seven years have passed .
options will vest 25 percent on feb . 28 , 2000 and 25 percent each subsequent
january 18 th thereafter until fully vested , as long as you are an employee of
enron . this means you may exercise 25 percent of these options as early as
feb . 28 .
this grant is made in accordance with the terms and provisions of the enron
corp . stock plans and the award documents , which you will receive in the
coming weeks .
due to varying international restrictions and legalities , enron employees in
certain international locations will receive some other form of recognition .
your local management and human resources representative will communicate
further details .
visit home . enron . com for additional information . there you can access a list
of frequently asked questions regarding stock options . and you can view a
special message from ken lay . to access the special message , you must have
ip - tv and a sound card . if you are not able to view ken  , s message , a
transcript is available . if you encounter any technical difficulties , please
contact your pc help desk .
to help celebrate this occasion plaza java located in the enron building will
offer 50 - cent coffee of the day and 50 - cent krispy kreme donuts today only ,
while quantities last .
again , thank you for all you do to make enron a successful global energy and
broadband services company and a great place to work .",0,over you made it happen ! on wall street people are talking about enron at enron we re talking about people our people you are the driving force behind every success that our company has experienced including our high performing stock price which surpassed the mark only a few days ago you made it happen ! to show our appreciation for your hard work and commitment to enron s continued success eligible regular full time and regular part time employees who were on the payroll of a wholly owned enron company at dec will receive enron stock options a special stock option award certificate and a copy of the stock plan will be sent to you in the next few weeks about the stock options grant the grant was effective jan therefore the option grant price is options will have a seven year term which means you must exercise these options before seven years have passed options will vest percent on feb and percent each subsequent january th thereafter until fully vested as long as you are an employee of enron this means you may exercise percent of these options as early as feb this grant is made in accordance with the terms and provisions of the enron corp stock plans and the award documents which you will receive in the coming weeks due to varying international restrictions and legalities enron employees in certain international locations will receive some other form of recognition your local management and human resources representative will communicate further details visit home enron com for additional information there you can access a list of frequently asked questions regarding stock options and you can view a special message from ken lay to access the special message you must have ip tv and a sound card if you are not able to view ken s message a transcript is available if you encounter any technical difficulties please contact your pc help desk to help celebrate this occasion plaza java located in the enron building will offer cent coffee of the day and cent krispy kreme donuts today only while quantities last again thank you for all you do to make enron a successful global energy and broadband services company and a great place to work,"['made', 'happen', 'wall', 'street', 'people', 'talk', 'enron', 'enron', 'talk', 'people', 'people', 'driv', 'force', 'behind', 'every', 'succes', 'company', 'experienc', 'includ', 'high', 'perform', 'stock', 'price', 'surpass', 'mark', 'day', 'ago', 'made', 'happen', 'show', 'apprecia', 'hard', 'work', 'commitment', 'enron', 'continu', 'succes', 'eligible', 'regular', 'full', 'time', 'regular', 'part', 'time', 'employee', 'payroll', 'wholly', 'own', 'enron', 'company', 'dec', 'will', 'receive', 'enron', 'stock', 'option', 'special', 'stock', 'op', 'award', 'certificate', 'copy', 'stock', 'plan', 'will', 'next', 'week', 'stock', 'option', 'grant', 'grant', 'effective', 'jan', 'therefore', 'op', 'grant', 'price', 'option', 'will', 'seven', 'year', 'term', 'mean', 'must', 'exercise', 'option', 'seven', 'year', 'pass', 'option', 'will', 'vest', 'percent', 'feb', 'percent', 'subsequent', 'january', 'thereafter', 'fully', 'vest', 'long', 'employee', 'enron', 'mean', 'may', 'exercise', 'percent', 'option', 'early', 'feb', 'grant', 'made', 'accordance', 'term', 'provision', 'enron', 'corp', 'stock', 'plan', 'award', 'document', 'will', 'receive', 'com', 'week', 'due', 'vary', 'international', 'restriction', 'legalitie', 'enron', 'employee', 'certain', 'international', 'location', 'will', 'receive', 'form', 'recogni', 'local', 'management', 'human', 'resource', 'representative', 'will', 'communicate', 'detail', 'visit', 'home', 'enron', 'com', 'additional', 'informa', 'can', 'acces', 'list', 'frequently', 'ask', 'question', 'regard', 'stock', 'option', 'can', 'view', 'special', 'ken', 'lay', 'acces', 'special', 'must', 'sound', 'card', 'not', 'able', 'view', 'ken', 'transcript', 'available', 'encounter', 'technical', 'difficultie', 'contact', 'help', 'desk', 'help', 'celebrate', 'occasion', 'plaza', 'java', 'locat', 'enron', 'build', 'will', 'offer', 'cent', 'coffee', 'day', 'cent', 'krispy', 'kreme', 'donut', 'today', 'quantitie', 'last', 'make', 'enron', 'successful', 'global', 'energy', 'broadband', 'service', 'company', 'great', 'place', 'work']",made happen wall street people talk enron enron talk people people driv force behind every succes company experienc includ high perform stock price surpass mark day ago made happen show apprecia hard work commitment enron continu succes eligible regular full time regular part time employee payroll wholly own enron company dec will receive enron stock option special stock op award certificate copy stock plan will next week stock option grant grant effective jan therefore op grant price option will seven year term mean must exercise option seven year pass option will vest percent feb percent subsequent january thereafter fully vest long employee enron mean may exercise percent option early feb grant made accordance term provision enron corp stock plan award document will receive com week due vary international restriction legalitie enron employee certain international location will receive form recogni local management human resource representative will communicate detail visit home enron com additional informa can acces list frequently ask question regard stock option can view special ken lay acces special must sound card not able view ken transcript available encounter technical difficultie contact help desk help celebrate occasion plaza java locat enron build will offer cent coffee day cent krispy kreme donut today quantitie last make enron successful global energy broadband service company great place work,2167,215,141,0.0,0.0,2,0,1,1,0.004651162790697674,0,5.660465116279069,0,0,0
6345,- - - - - - - - - - - - - - - - - - - - - - forwarded by vince j kaminski / hou / ect on 06 / 26 / 2000,"10 : 56 am - - - - - - - - - - - - - - - - - - - - - - - - - - -
"" gould , aaron "" on 06 / 16 / 2000 02 : 54 : 03 pm
to : "" ' vkamins @ enron . com ' ""
cc :
subject :
dr . kaminski ,
on wednesday , june 14 th i attended your presentation entitled "" the challenge
of valuation of energy related derivatives "" at the risk 2000 conference in
boston . can you please e - mail me the slides you presented .
also , you mentioned that the method you used to calculate volatility for
energy prices was not the "" normal "" method . can you please tell me , or give
me a reference to the method that you did use .
thank you ,
aaron gould
senior risk management analyst
pseg services corporation
aaron . gould @ pseg . com
1 - 973 - 456 - 3527",ham,2000-06-26,"- - - - - - - - - - - - - - - - - - - - - - forwarded by vince j kaminski / hou / ect on 06 / 26 / 2000 10 : 56 am - - - - - - - - - - - - - - - - - - - - - - - - - - -
"" gould , aaron "" on 06 / 16 / 2000 02 : 54 : 03 pm
to : "" ' vkamins @ enron . com ' ""
cc :
subject :
dr . kaminski ,
on wednesday , june 14 th i attended your presentation entitled "" the challenge
of valuation of energy related derivatives "" at the risk 2000 conference in
boston . can you please e - mail me the slides you presented .
also , you mentioned that the method you used to calculate volatility for
energy prices was not the "" normal "" method . can you please tell me , or give
me a reference to the method that you did use .
thank you ,
aaron gould
senior risk management analyst
pseg services corporation
aaron . gould @ pseg . com
1 - 973 - 456 - 3527",0,forwarded by vince j kaminski hou ect on am gould aaron on pm to vkamins enron com cc subject dr kaminski on wednesday june th i attended your presentation entitled the challenge of valuation of energy related derivatives at the risk conference in boston can you please e mail me the slides you presented also you mentioned that the method you used to calculate volatility for energy prices was not the normal method can you please tell me or give me a reference to the method that you did use thank you aaron gould senior risk management analyst pseg services corporation aaron gould pseg com,"['forward', 'vince', 'kaminski', 'hou', 'ect', 'gould', 'aaron', 'vkamin', 'enron', 'com', 'kaminski', 'wednesday', 'june', 'attend', 'presenta', 'entitl', 'challenge', 'valua', 'energy', 'relat', 'derivative', 'risk', 'conference', 'boston', 'can', 'slide', 'present', 'also', 'mention', 'method', 'us', 'calculate', 'volatility', 'energy', 'price', 'not', 'normal', 'method', 'can', 'tell', 'give', 'reference', 'method', 'use', 'aaron', 'gould', 'senior', 'risk', 'management', 'analyst', 'pseg', 'service', 'corpora', 'aaron', 'gould', 'pseg', 'com']",forward vince kaminski hou ect gould aaron vkamin enron com kaminski wednesday june attend presenta entitl challenge valua energy relat derivative risk conference boston can slide present also mention method us calculate volatility energy price not normal method can tell give reference method use aaron gould senior risk management analyst pseg service corpora aaron gould pseg com,593,57,45,0.0,0.0,0,0,0,1,0.0,-1,5.719298245614035,0,0,0
632,98 - 1188 k for 4 / 1 & 4 / 2 / 2000,"daren ,
the above meter flowed on the 215 k for 3 / 2000 . i has flow for the first two
days of this month ( sitara deal # 205569 - deal ends 3 / 31 / 2000 ) .
can you please see if the deal can be extended or if the gas should be placed
on stranger ' s ?
thanks
- jackie -
3 - 9497",ham,2000-04-06,"98 - 1188 k for 4 / 1 & 4 / 2 / 2000 daren ,
the above meter flowed on the 215 k for 3 / 2000 . i has flow for the first two
days of this month ( sitara deal # 205569 - deal ends 3 / 31 / 2000 ) .
can you please see if the deal can be extended or if the gas should be placed
on stranger ' s ?
thanks
- jackie -
3 - 9497",0,k for daren the above meter flowed on the k for i has flow for the first two days of this month sitara deal deal ends can you please see if the deal can be extended or if the gas should be placed on stranger s ? thanks jackie,"['daren', 'meter', 'flow', 'flow', 'first', 'two', 'day', 'month', 'sitara', 'deal', 'deal', 'end', 'can', 'see', 'deal', 'can', 'extend', 'gas', 'plac', 'stranger', 'jackie']",daren meter flow flow first two day month sitara deal deal end can see deal can extend gas plac stranger jackie,225,21,17,0.0,0.0,0,1,0,0,0.0,0,4.333333333333333,0,0,0
25665,"all graphics software available , cheap oem versions .","good morning ,
we we offer latest oem packages of all graphics and publishinq software from corel , macromedia , adobe and others .
$ 80 adobe photoshop 8 . 0 / cs
$ 140 macromedia studio mx 2004
$ 120 adobe acrobat 7 . 0 professionai
$ 150 adobe premiere pro 1 . 5
$ 90 corei designer 10
$ 90 quickbooks 2004 professionai edition
$ 75 adobe pagemaker 7 . 0
$ 70 xara x vl . 1
$ 75 adobe audition 1 . 5
$ 90 discreet 3 d studio max 7
$ 115 adobe golive cs
$ 135 adobe after effects 6 . 5 standard
$ 45 adobe premiere eiements
$ 125 corel painter ix
$ 80 adobe iliustrator cs
$ 80 adobe indesign cs
$ 240 adobe creative suite
$ 140 adobe framemaker 7 . 1
$ 50 ulead cooi 3 d production studio 1 . 0 . 1
$ 90 aiias motion builder 6 professionai
$ 30 quicken 2004 premier home & biz
$ 30 adobe photoshop eiements 3 . 0
$ 110 adobe premiere pro 7 . 0
learn more . . .
sincereiy ,
cassy
",spam,2005-06-26,"all graphics software available , cheap oem versions . good morning ,
we we offer latest oem packages of all graphics and publishinq software from corel , macromedia , adobe and others .
$ 80 adobe photoshop 8 . 0 / cs
$ 140 macromedia studio mx 2004
$ 120 adobe acrobat 7 . 0 professionai
$ 150 adobe premiere pro 1 . 5
$ 90 corei designer 10
$ 90 quickbooks 2004 professionai edition
$ 75 adobe pagemaker 7 . 0
$ 70 xara x vl . 1
$ 75 adobe audition 1 . 5
$ 90 discreet 3 d studio max 7
$ 115 adobe golive cs
$ 135 adobe after effects 6 . 5 standard
$ 45 adobe premiere eiements
$ 125 corel painter ix
$ 80 adobe iliustrator cs
$ 80 adobe indesign cs
$ 240 adobe creative suite
$ 140 adobe framemaker 7 . 1
$ 50 ulead cooi 3 d production studio 1 . 0 . 1
$ 90 aiias motion builder 6 professionai
$ 30 quicken 2004 premier home & biz
$ 30 adobe photoshop eiements 3 . 0
$ 110 adobe premiere pro 7 . 0
learn more . . .
sincereiy ,
cassy
",1,all graphics software available cheap oem versions good morning we we offer latest oem packages of all graphics and publishinq software from corel macromedia adobe and others adobe photoshop cs macromedia studio mx adobe acrobat professionai adobe premiere pro corei designer quickbooks professionai edition adobe pagemaker xara x vl adobe audition discreet d studio max adobe golive cs adobe after effects standard adobe premiere eiements corel painter ix adobe iliustrator cs adobe indesign cs adobe creative suite adobe framemaker ulead cooi d production studio aiias motion builder professionai quicken premier home biz adobe photoshop eiements adobe premiere pro learn more sincereiy cassy,"['graphic', 'software', 'available', 'cheap', 'oem', 'version', 'good', 'morn', 'offer', 'latest', 'oem', 'package', 'graphic', 'publishinq', 'software', 'corel', 'macromedia', 'adobe', 'other', 'adobe', 'photoshop', 'macromedia', 'studio', 'adobe', 'acrobat', 'professionai', 'adobe', 'premiere', 'pro', 'corei', 'designer', 'quickbook', 'professionai', 'edi', 'adobe', 'pagemaker', 'xara', 'adobe', 'audi', 'discreet', 'studio', 'max', 'adobe', 'golive', 'adobe', 'effect', 'standard', 'adobe', 'premiere', 'eiement', 'corel', 'painter', 'adobe', 'iliustrator', 'adobe', 'indesign', 'adobe', 'creative', 'suite', 'adobe', 'framemaker', 'ulead', 'cooi', 'produc', 'studio', 'aiia', 'mo', 'builder', 'professionai', 'quicken', 'premier', 'home', 'biz', 'adobe', 'photoshop', 'eiement', 'adobe', 'premiere', 'pro', 'learn', 'sincereiy', 'cassy']",graphic software available cheap oem version good morn offer latest oem package graphic publishinq software corel macromedia adobe other adobe photoshop macromedia studio adobe acrobat professionai adobe premiere pro corei designer quickbook professionai edi adobe pagemaker xara adobe audi discreet studio max adobe golive adobe effect standard adobe premiere eiement corel painter adobe iliustrator adobe indesign adobe creative suite adobe framemaker ulead cooi produc studio aiia mo builder professionai quicken premier home biz adobe photoshop eiement adobe premiere pro learn sincereiy cassy,694,82,54,0.0,0.0,0,0,2,0,0.024390243902439025,2,6.2926829268292686,0,0,0
29379,free dish network system,"$ 500 . 00 free equipment installation credit with free dvr or free hd !
get
dish network and receive
free
$ 500 credit for installation and equipment .
offer expires at
midnight
to unsubscribe click here
or write to easycharge 226 hearth court lakewood nj 08701
",spam,2004-08-16,"free dish network system $ 500 . 00 free equipment installation credit with free dvr or free hd !
get
dish network and receive
free
$ 500 credit for installation and equipment .
offer expires at
midnight
to unsubscribe click here
or write to easycharge 226 hearth court lakewood nj 08701
",1,free dish network system free equipment installation credit with free dvr or free hd ! get dish network and receive free credit for installation and equipment offer expires at midnight to unsubscribe click here or write to easycharge hearth court lakewood nj,"['free', 'dish', 'network', 'system', 'free', 'equipment', 'installa', 'credit', 'free', 'dvr', 'free', 'get', 'dish', 'network', 'receive', 'free', 'credit', 'installa', 'equipment', 'offer', 'expire', 'midnight', 'unsubscribe', 'click', 'write', 'easycharge', 'hearth', 'court', 'lakewood']",free dish network system free equipment installa credit free dvr free get dish network receive free credit installa equipment offer expire midnight unsubscribe click write easycharge hearth court lakewood,258,29,20,0.0,0.0,1,0,10,0,0.3448275862068966,10,6.068965517241379,0,0,0
9060,reschedule meeting for duffie report,"hi shirley ,
this email is in reference to your vmail regarding my rescheduling my
meeting on tomorrow at 2 pm with vince . that is fine with me because the
credit guys ( craig chaney and jeff kinneman ) have had a change in strategy .
they have asked us to take some time to evaluate moody ' s riskcalc software .
therefore i have had to put the duffie project on hold for the last few
days . however i am about two thirds through the duffie documents and will
resume studying them as soon as i get through the lengthy riskcalc documents .
let me know if he still wants to meet later in the week
thanks ,
iris .",ham,2001-04-16,"reschedule meeting for duffie report hi shirley ,
this email is in reference to your vmail regarding my rescheduling my
meeting on tomorrow at 2 pm with vince . that is fine with me because the
credit guys ( craig chaney and jeff kinneman ) have had a change in strategy .
they have asked us to take some time to evaluate moody ' s riskcalc software .
therefore i have had to put the duffie project on hold for the last few
days . however i am about two thirds through the duffie documents and will
resume studying them as soon as i get through the lengthy riskcalc documents .
let me know if he still wants to meet later in the week
thanks ,
iris .",0,reschedule meeting for duffie report hi shirley this email is in reference to your vmail regarding my rescheduling my meeting on tomorrow at pm with vince that is fine with me because the credit guys craig chaney and jeff kinneman have had a change in strategy they have asked us to take some time to evaluate moody s riskcalc software therefore i have had to put the duffie project on hold for the last few days however i am about two thirds through the duffie documents and will resume studying them as soon as i get through the lengthy riskcalc documents let me know if he still wants to meet later in the week thanks iris,"['reschedule', 'meet', 'duffie', 'report', 'shirley', 'reference', 'vmail', 'regard', 'reschedul', 'meet', 'tomorrow', 'vince', 'fine', 'credit', 'guy', 'craig', 'chaney', 'jeff', 'kinneman', 'change', 'strategy', 'ask', 'take', 'time', 'evaluate', 'moody', 'riskcalc', 'software', 'therefore', 'put', 'duffie', 'project', 'hold', 'last', 'day', 'however', 'two', 'third', 'duffie', 'document', 'will', 'resume', 'study', 'soon', 'get', 'lengthy', 'riskcalc', 'document', 'let', 'know', 'still', 'want', 'meet', 'later', 'week', 'iri']",reschedule meet duffie report shirley reference vmail regard reschedul meet tomorrow vince fine credit guy craig chaney jeff kinneman change strategy ask take time evaluate moody riskcalc software therefore put duffie project hold last day however two third duffie document will resume study soon get lengthy riskcalc document let know still want meet later week iri,625,56,50,0.0,0.0,0,0,1,4,0.017857142857142856,-3,5.553571428571429,0,0,0
2648,flow change for fuels cotton valley redeliveries into hpl,"saturday , march 3 , the redeliveries into hpl from fuels cotton valley for
the eastrans deal will increase to approximately 19500 mmbtu / dy . this
change should continue through march 5 th or 6 th . the reason for the change
is an operational emergency . defs typically delivers approximately 12200
mmbtu / dy into txu lone star . this delivery will not be able to occur
because the alford b compressor needs to get into the shop for maintenance .
this compressor will be out of commission for the month of march . the
busby compressor will compress the usual 7300 mmbtu / dy of fuels cotton
valley redelivery gas as well as the 12200 mmbtu / dy of txu lone star
redelivery gas . a different redelivery point with txu lone star is being
established and should be available by march 5 th or 6 th . at this point in
time , we will take the hpl fuels cotton valley redelivery gas to zero and
balance the redeliveries between the two points . therefore , defs will not
change the delivery or redelivery nominations in place for eastrans . after
the new txu lone star redelivery point is put into place and the points are
volume balanced , it is our intent to have redeliveries of 7300 mmbtu / dy
from fuels cotton valley and 22700 mmbtu / dy into pg & e ( which is what is in
place effective 3 / 1 / 01 ) for eastrans .",ham,2001-03-01,"flow change for fuels cotton valley redeliveries into hpl saturday , march 3 , the redeliveries into hpl from fuels cotton valley for
the eastrans deal will increase to approximately 19500 mmbtu / dy . this
change should continue through march 5 th or 6 th . the reason for the change
is an operational emergency . defs typically delivers approximately 12200
mmbtu / dy into txu lone star . this delivery will not be able to occur
because the alford b compressor needs to get into the shop for maintenance .
this compressor will be out of commission for the month of march . the
busby compressor will compress the usual 7300 mmbtu / dy of fuels cotton
valley redelivery gas as well as the 12200 mmbtu / dy of txu lone star
redelivery gas . a different redelivery point with txu lone star is being
established and should be available by march 5 th or 6 th . at this point in
time , we will take the hpl fuels cotton valley redelivery gas to zero and
balance the redeliveries between the two points . therefore , defs will not
change the delivery or redelivery nominations in place for eastrans . after
the new txu lone star redelivery point is put into place and the points are
volume balanced , it is our intent to have redeliveries of 7300 mmbtu / dy
from fuels cotton valley and 22700 mmbtu / dy into pg & e ( which is what is in
place effective 3 / 1 / 01 ) for eastrans .",0,flow change for fuels cotton valley redeliveries into hpl saturday march the redeliveries into hpl from fuels cotton valley for the eastrans deal will increase to approximately mmbtu dy this change should continue through march th or th the reason for the change is an operational emergency defs typically delivers approximately mmbtu dy into txu lone star this delivery will not be able to occur because the alford b compressor needs to get into the shop for maintenance this compressor will be out of commission for the month of march the busby compressor will compress the usual mmbtu dy of fuels cotton valley redelivery gas as well as the mmbtu dy of txu lone star redelivery gas a different redelivery point with txu lone star is being established and should be available by march th or th at this point in time we will take the hpl fuels cotton valley redelivery gas to zero and balance the redeliveries between the two points therefore defs will not change the delivery or redelivery nominations in place for eastrans after the new txu lone star redelivery point is put into place and the points are volume balanced it is our intent to have redeliveries of mmbtu dy from fuels cotton valley and mmbtu dy into pg e which is what is in place effective for eastrans,"['flow', 'change', 'fuel', 'cotton', 'valley', 'redeliverie', 'hpl', 'saturday', 'march', 'redeliverie', 'hpl', 'fuel', 'cotton', 'valley', 'eastran', 'deal', 'will', 'increase', 'approximately', 'mmbtu', 'change', 'continue', 'march', 'reason', 'change', 'operational', 'emergency', 'def', 'typically', 'deliver', 'approximately', 'mmbtu', 'txu', 'lone', 'star', 'delivery', 'will', 'not', 'able', 'occur', 'alford', 'compressor', 'need', 'get', 'shop', 'maintenance', 'compressor', 'will', 'commission', 'month', 'march', 'busby', 'compressor', 'will', 'compres', 'usual', 'mmbtu', 'fuel', 'cotton', 'valley', 'redelivery', 'gas', 'mmbtu', 'txu', 'lone', 'star', 'redelivery', 'gas', 'different', 'redelivery', 'point', 'txu', 'lone', 'star', 'establish', 'available', 'march', 'point', 'time', 'will', 'take', 'hpl', 'fuel', 'cotton', 'valley', 'redelivery', 'gas', 'zero', 'balance', 'redeliverie', 'two', 'point', 'therefore', 'def', 'will', 'not', 'change', 'delivery', 'redelivery', 'nomination', 'place', 'eastran', 'new', 'txu', 'lone', 'star', 'redelivery', 'point', 'put', 'place', 'point', 'volume', 'balanc', 'intent', 'redeliverie', 'mmbtu', 'fuel', 'cotton', 'valley', 'mmbtu', 'place', 'effective', 'eastran']",flow change fuel cotton valley redeliverie hpl saturday march redeliverie hpl fuel cotton valley eastran deal will increase approximately mmbtu change continue march reason change operational emergency def typically deliver approximately mmbtu txu lone star delivery will not able occur alford compressor need get shop maintenance compressor will commission month march busby compressor will compres usual mmbtu fuel cotton valley redelivery gas mmbtu txu lone star redelivery gas different redelivery point txu lone star establish available march point time will take hpl fuel cotton valley redelivery gas zero balance redeliverie two point therefore def will not change delivery redelivery nomination place eastran new txu lone star redelivery point put place point volume balanc intent redeliverie mmbtu fuel cotton valley mmbtu place effective eastran,1270,123,60,0.0,0.0,0,0,0,2,0.0,-2,5.959349593495935,0,0,0
5120,meet kinky local girls,"there is this cost - less dating website packed with plenty of sexoholics
no flowers , no walks on the beach , just see eachother for some action : )
there are also some of them who want a serious relationship though
so if you want a long - term relationship , or a one - night - stand , you got it ; )
whatever floats your boat pretty much !
http : / / www . lovercantors . com
",spam,2005-08-14,"meet kinky local girls there is this cost - less dating website packed with plenty of sexoholics
no flowers , no walks on the beach , just see eachother for some action : )
there are also some of them who want a serious relationship though
so if you want a long - term relationship , or a one - night - stand , you got it ; )
whatever floats your boat pretty much !
http : / / www . lovercantors . com
",1,meet kinky local girls there is this cost less dating website packed with plenty of sexoholics no flowers no walks on the beach just see eachother for some action there are also some of them who want a serious relationship though so if you want a long term relationship or a one night stand you got it whatever floats your boat pretty much ! http www lovercantors com,"['meet', 'kinky', 'local', 'girl', 'cost', 'les', 'dat', 'website', 'pack', 'plenty', 'sexoholic', 'flower', 'walk', 'beach', 'just', 'see', 'eachother', 'ac', 'also', 'want', 'seriou', 'relationship', 'though', 'want', 'long', 'term', 'relationship', 'one', 'night', 'stand', 'got', 'whatever', 'float', 'boat', 'pretty', 'much', 'http', 'www', 'lovercantor', 'com']",meet kinky local girl cost les dat website pack plenty sexoholic flower walk beach just see eachother ac also want seriou relationship though want long term relationship one night stand got whatever float boat pretty much http www lovercantor com,367,40,38,0.0,0.0,1,0,0,0,0.0,0,5.175,0,0,0
22217,wanna cum like pornstar ? 97,"spur - m is the latest breakthrough of all natural male enhancement
formula which gua - rantees :
- longer orgasms
- rock - hard e - rections like steel
- increased se xual desire - enhanced libido
- strong ejaculate like a porn star
- multiple orgasms - cum again and again
- up to 500 % more volume - cover her in it if you want
- or money back without questions asked
check it out 2 day !
http : / / partied . net / spur / ? ronn
o - ut of mai - lling lisst :
http : / / partied . net / rm . php ? ronn
efwpy
",spam,2005-07-04,"wanna cum like pornstar ? 97 spur - m is the latest breakthrough of all natural male enhancement
formula which gua - rantees :
- longer orgasms
- rock - hard e - rections like steel
- increased se xual desire - enhanced libido
- strong ejaculate like a porn star
- multiple orgasms - cum again and again
- up to 500 % more volume - cover her in it if you want
- or money back without questions asked
check it out 2 day !
http : / / partied . net / spur / ? ronn
o - ut of mai - lling lisst :
http : / / partied . net / rm . php ? ronn
efwpy
",1,wanna cum like pornstar ? spur m is the latest breakthrough of all natural male enhancement formula which gua rantees longer orgasms rock hard e rections like steel increased se xual desire enhanced libido strong ejaculate like a porn star multiple orgasms cum again and again up to more volume cover her in it if you want or money back without questions asked check it out day ! http partied net spur ? ronn o ut of mai lling lisst http partied net rm php ? ronn efwpy,"['wanna', 'cum', 'like', 'pornstar', 'spur', 'latest', 'breakthrough', 'natural', 'male', 'enhancement', 'formula', 'gua', 'rantee', 'longer', 'orgasm', 'rock', 'hard', 'rection', 'like', 'steel', 'increas', 'xual', 'desire', 'enhanc', 'libido', 'strong', 'ejaculate', 'like', 'porn', 'star', 'multiple', 'orgasm', 'cum', 'volume', 'cover', 'want', 'money', 'back', 'without', 'question', 'ask', 'check', 'day', 'http', 'parti', 'net', 'spur', 'ronn', 'mai', 'll', 'lisst', 'http', 'parti', 'net', 'php', 'ronn', 'efwpy']",wanna cum like pornstar spur latest breakthrough natural male enhancement formula gua rantee longer orgasm rock hard rection like steel increas xual desire enhanc libido strong ejaculate like porn star multiple orgasm cum volume cover want money back without question ask check day http parti net spur ronn mai ll lisst http parti net php ronn efwpy,469,57,48,0.0,0.0,1,3,1,0,0.017543859649122806,1,5.140350877192983,0,0,0
12984,first amendment to im ii ppa,"mike : attached is a revised draft of the first amendment to the indian mess ii ppa . this draft contains the banking clarification ( section 4 . 04 ) , assignment clarification concerning the enron guaranty ( section 5 . 05 ) and the termination payment fix requested by the lenders ( section ( 9 . 03 ) . i understand that david mitchell and joe deffner are still looking at the section 5 . 05 and section 9 . 03 changes on behalf of epmi , but i wanted to get this out for review so that we can finalize it as soon as possible in order to move forward with our indian mesa ii project debt and equity providers . please pass this draft along to the appropriate in - house counsel at epmi and let me know if you have any comments . thanks
regards
john",ham,2001-09-24,"first amendment to im ii ppa mike : attached is a revised draft of the first amendment to the indian mess ii ppa . this draft contains the banking clarification ( section 4 . 04 ) , assignment clarification concerning the enron guaranty ( section 5 . 05 ) and the termination payment fix requested by the lenders ( section ( 9 . 03 ) . i understand that david mitchell and joe deffner are still looking at the section 5 . 05 and section 9 . 03 changes on behalf of epmi , but i wanted to get this out for review so that we can finalize it as soon as possible in order to move forward with our indian mesa ii project debt and equity providers . please pass this draft along to the appropriate in - house counsel at epmi and let me know if you have any comments . thanks
regards
john",0,first amendment to im ii ppa mike attached is a revised draft of the first amendment to the indian mess ii ppa this draft contains the banking clarification section assignment clarification concerning the enron guaranty section and the termination payment fix requested by the lenders section i understand that david mitchell and joe deffner are still looking at the section and section changes on behalf of epmi but i wanted to get this out for review so that we can finalize it as soon as possible in order to move forward with our indian mesa ii project debt and equity providers please pass this draft along to the appropriate in house counsel at epmi and let me know if you have any comments thanks regards john,"['first', 'amendment', 'ppa', 'mike', 'attach', 'revis', 'draft', 'first', 'amendment', 'indian', 'mes', 'ppa', 'draft', 'contain', 'bank', 'clarifica', 'sec', 'assignment', 'clarifica', 'concern', 'enron', 'guaranty', 'sec', 'termina', 'payment', 'fix', 'request', 'lender', 'sec', 'understand', 'david', 'mitchell', 'joe', 'deffner', 'still', 'look', 'sec', 'sec', 'change', 'behalf', 'epmi', 'want', 'get', 'review', 'can', 'finalize', 'soon', 'possible', 'order', 'move', 'forward', 'indian', 'mesa', 'project', 'debt', 'equity', 'provider', 'pas', 'draft', 'along', 'appropriate', 'house', 'counsel', 'epmi', 'let', 'know', 'comment', 'john']",first amendment ppa mike attach revis draft first amendment indian mes ppa draft contain bank clarifica sec assignment clarifica concern enron guaranty sec termina payment fix request lender sec understand david mitchell joe deffner still look sec sec change behalf epmi want get review can finalize soon possible order move forward indian mesa project debt equity provider pas draft along appropriate house counsel epmi let know comment john,716,68,56,0.0,0.0,0,0,0,4,0.0,-4,5.514705882352941,0,0,0
20792,allow bank vie for your credit,"propositions for every credit state of affairs
creditors respond in 19 hours
borrow more then 120 % of your residences value
particular offers for freelance
no income examination suggestions
get credit
",spam,2004-12-24,"allow bank vie for your credit propositions for every credit state of affairs
creditors respond in 19 hours
borrow more then 120 % of your residences value
particular offers for freelance
no income examination suggestions
get credit
",1,allow bank vie for your credit propositions for every credit state of affairs creditors respond in hours borrow more then of your residences value particular offers for freelance no income examination suggestions get credit,"['allow', 'bank', 'vie', 'credit', 'proposition', 'every', 'credit', 'state', 'affair', 'creditor', 'respond', 'hour', 'borrow', 'residence', 'value', 'particular', 'offer', 'freelance', 'income', 'examina', 'suggestion', 'get', 'credit']",allow bank vie credit proposition every credit state affair creditor respond hour borrow residence value particular offer freelance income examina suggestion get credit,223,23,21,0.0,0.0,0,0,4,0,0.17391304347826086,4,6.3478260869565215,0,0,0
32342,"young xp pro ( sp 2 ) . ms office 2 oo 3 , adobe photoshop , acrobat , norton ; macromedia mischievous promised filled","my rich parents rich bad ? tying taught rich ? happened did speaking .
most popular softwwares start from $ 20 jc
windows xp pro ( sp 2 )
microsoft office 2003 system pro ( 5 cds ) ktn
adobe photoshop cs 8 . 0
adobe acrobat 7 . 0 professional
autocad 2005
symantec norton systemworks
dvdxcopy platinum 4 . 0 . 38
quickbooks 2004 premier edition xd
macromedia studio mx 2004
microsoft office system professional 2003 fb
norton antivirus 2005
adobe pagemaker 7 . 01 boughtwe order ur softwares here letters
the studied night am ? light filled wanted very .
",spam,2005-03-29,"young xp pro ( sp 2 ) . ms office 2 oo 3 , adobe photoshop , acrobat , norton ; macromedia mischievous promised filled my rich parents rich bad ? tying taught rich ? happened did speaking .
most popular softwwares start from $ 20 jc
windows xp pro ( sp 2 )
microsoft office 2003 system pro ( 5 cds ) ktn
adobe photoshop cs 8 . 0
adobe acrobat 7 . 0 professional
autocad 2005
symantec norton systemworks
dvdxcopy platinum 4 . 0 . 38
quickbooks 2004 premier edition xd
macromedia studio mx 2004
microsoft office system professional 2003 fb
norton antivirus 2005
adobe pagemaker 7 . 01 boughtwe order ur softwares here letters
the studied night am ? light filled wanted very .
",1,young xp pro sp ms office oo adobe photoshop acrobat norton macromedia mischievous promised filled my rich parents rich bad ? tying taught rich ? happened did speaking most popular softwwares start from jc windows xp pro sp microsoft office system pro cds ktn adobe photoshop cs adobe acrobat professional autocad symantec norton systemworks dvdxcopy platinum quickbooks premier edition xd macromedia studio mx microsoft office system professional fb norton antivirus adobe pagemaker boughtwe order ur softwares here letters the studied night am ? light filled wanted very,"['young', 'pro', 'office', 'adobe', 'photoshop', 'acrobat', 'norton', 'macromedia', 'mischievou', 'promis', 'fill', 'rich', 'parent', 'rich', 'bad', 'ty', 'taught', 'rich', 'happen', 'speak', 'popular', 'softwware', 'start', 'window', 'pro', 'microsoft', 'office', 'system', 'pro', 'cds', 'ktn', 'adobe', 'photoshop', 'adobe', 'acrobat', 'professional', 'autocad', 'symantec', 'norton', 'systemwork', 'dvdxcopy', 'platinum', 'quickbook', 'premier', 'edi', 'macromedia', 'studio', 'microsoft', 'office', 'system', 'professional', 'norton', 'antiviru', 'adobe', 'pagemaker', 'boughtwe', 'order', 'software', 'letter', 'studi', 'night', 'light', 'fill', 'want']",young pro office adobe photoshop acrobat norton macromedia mischievou promis fill rich parent rich bad ty taught rich happen speak popular softwware start window pro microsoft office system pro cds ktn adobe photoshop adobe acrobat professional autocad symantec norton systemwork dvdxcopy platinum quickbook premier edi macromedia studio microsoft office system professional norton antiviru adobe pagemaker boughtwe order software letter studi night light fill want,572,64,46,0.0,0.0,0,3,0,1,0.0,-1,6.28125,0,0,0
22113,good news,"dr , mohammed khalil hassansapphire finance group plcdear sir ,
i discovered a dormant account in my office , as group finance director withn sapphire finance group plc . it will be in my interest to transfer this fund worth $ 20 , 000 , 000 dollars in an account offshore . if you can be a collaborator / partner to this please indicate interest immediately for us to proceed .
remember this is absolutely confidential , as i am seeking your assistance as the beneficiary of this unclaimed funds , since we are not allowed to operate a foreign account , your contact phone numbers and name will be necessary for this effect , i have reposed my confidence in you and hope that you will not disappoint me .
my regards , dr mohammed khalil hassangroup finance directorsapphire finance group plcreply via : mudkhalili @ myway . com
walla ! mail - get your free lg mail today ",spam,2005-06-14,"good news dr , mohammed khalil hassansapphire finance group plcdear sir ,
i discovered a dormant account in my office , as group finance director withn sapphire finance group plc . it will be in my interest to transfer this fund worth $ 20 , 000 , 000 dollars in an account offshore . if you can be a collaborator / partner to this please indicate interest immediately for us to proceed .
remember this is absolutely confidential , as i am seeking your assistance as the beneficiary of this unclaimed funds , since we are not allowed to operate a foreign account , your contact phone numbers and name will be necessary for this effect , i have reposed my confidence in you and hope that you will not disappoint me .
my regards , dr mohammed khalil hassangroup finance directorsapphire finance group plcreply via : mudkhalili @ myway . com
walla ! mail - get your free lg mail today ",1,good news dr mohammed khalil hassansapphire finance group plcdear sir i discovered a dormant account in my office as group finance director withn sapphire finance group plc it will be in my interest to transfer this fund worth dollars in an account offshore if you can be a collaborator partner to this please indicate interest immediately for us to proceed remember this is absolutely confidential as i am seeking your assistance as the beneficiary of this unclaimed funds since we are not allowed to operate a foreign account your contact phone numbers and name will be necessary for this effect i have reposed my confidence in you and hope that you will not disappoint me my regards dr mohammed khalil hassangroup finance directorsapphire finance group plcreply via mudkhalili myway com walla ! mail get your free lg mail today,"['good', 'new', 'mohamm', 'khalil', 'hassansapphire', 'finance', 'group', 'plcdear', 'sir', 'discover', 'dormant', 'account', 'office', 'group', 'finance', 'director', 'withn', 'sapphire', 'finance', 'group', 'plc', 'will', 'interest', 'transfer', 'fund', 'worth', 'dollar', 'account', 'offshore', 'can', 'collaborator', 'partner', 'indicate', 'interest', 'immediately', 'proce', 'remember', 'absolutely', 'confidential', 'seek', 'assistance', 'beneficiary', 'unclaim', 'fund', 'since', 'not', 'allow', 'operate', 'foreign', 'account', 'contact', 'phone', 'number', 'name', 'will', 'necessary', 'effect', 'repos', 'confidence', 'hope', 'will', 'not', 'disappoint', 'mohamm', 'khalil', 'hassangroup', 'finance', 'directorsapphire', 'finance', 'group', 'plcreply', 'via', 'mudkhalili', 'myway', 'com', 'walla', 'get', 'free', 'today']",good new mohamm khalil hassansapphire finance group plcdear sir discover dormant account office group finance director withn sapphire finance group plc will interest transfer fund worth dollar account offshore can collaborator partner indicate interest immediately proce remember absolutely confidential seek assistance beneficiary unclaim fund since not allow operate foreign account contact phone number name will necessary effect repos confidence hope will not disappoint mohamm khalil hassangroup finance directorsapphire finance group plcreply via mudkhalili myway com walla get free today,830,79,63,0.0,0.0,1,0,5,0,0.06329113924050633,5,6.531645569620253,0,0,0
17185,"caiso notification - si servers unavailable , today , august 29 th ,","2001 ( 14 : 18 to 14 : 50 pst )
* * urgent notification : si servers unavailable , today ,
august 29 th , 2001 ( 14 : 18 to 14 : 50 pst ) as we will fallback to our server in
alhambra .
please submit all hour ahead schedules for august
29 th he , 1800 and 1900 and supplemental energy schedules for , 1700 and
1800 prior to 1400 .
once the fallback is complete and the si
system is available , please clear your memory and disk caches ( edit ,
preferences , advanced , cache ) & close all netscape windows ( including
messages ) . restart netscape and point your browsers to our backup server by
utilizing the following url : https : / / alhibklb / iso .
please contact benik dergevorgian ( 916 ) 351 - 2277
bdgevorgian @ caiso . com or michael glatz ( 916 ) 608 - 5727 mglatz @ caiso . com if
you have any questions or concerns .
thank you ,
iso market operations
>
michael glatz
market operations engineer
email . . . . . . . . mglatz @ caiso . com
phone . . . . . . ( 916 ) 608 - 5727
pager . . . . . . . ( 916 ) 814 - 0028",ham,2001-08-29,"caiso notification - si servers unavailable , today , august 29 th , 2001 ( 14 : 18 to 14 : 50 pst )
* * urgent notification : si servers unavailable , today ,
august 29 th , 2001 ( 14 : 18 to 14 : 50 pst ) as we will fallback to our server in
alhambra .
please submit all hour ahead schedules for august
29 th he , 1800 and 1900 and supplemental energy schedules for , 1700 and
1800 prior to 1400 .
once the fallback is complete and the si
system is available , please clear your memory and disk caches ( edit ,
preferences , advanced , cache ) & close all netscape windows ( including
messages ) . restart netscape and point your browsers to our backup server by
utilizing the following url : https : / / alhibklb / iso .
please contact benik dergevorgian ( 916 ) 351 - 2277
bdgevorgian @ caiso . com or michael glatz ( 916 ) 608 - 5727 mglatz @ caiso . com if
you have any questions or concerns .
thank you ,
iso market operations
>
michael glatz
market operations engineer
email . . . . . . . . mglatz @ caiso . com
phone . . . . . . ( 916 ) 608 - 5727
pager . . . . . . . ( 916 ) 814 - 0028",0,caiso notification si servers unavailable today august th to pst urgent notification si servers unavailable today august th to pst as we will fallback to our server in alhambra please submit all hour ahead schedules for august th he and and supplemental energy schedules for and prior to once the fallback is complete and the si system is available please clear your memory and disk caches edit preferences advanced cache close all netscape windows including messages restart netscape and point your browsers to our backup server by utilizing the following url URL alhibklb iso please contact benik dergevorgian bdgevorgian caiso com or michael glatz mglatz caiso com if you have any questions or concerns thank you iso market operations michael glatz market operations engineer email mglatz caiso com phone pager,"['caiso', 'notifica', 'server', 'unavailable', 'today', 'august', 'pst', 'urgent', 'notifica', 'server', 'unavailable', 'today', 'august', 'pst', 'will', 'fallback', 'server', 'alhambra', 'submit', 'hour', 'ahead', 'schedule', 'august', 'supplemental', 'energy', 'schedule', 'prior', 'fallback', 'complete', 'system', 'available', 'clear', 'memory', 'disk', 'cache', 'edit', 'preference', 'advanc', 'cache', 'close', 'netscape', 'window', 'includ', 'message', 'restart', 'netscape', 'point', 'browser', 'backup', 'server', 'utiliz', 'follow', 'url', 'URL', 'alhibklb', 'iso', 'contact', 'benik', 'dergevorgian', 'bdgevorgian', 'caiso', 'com', 'michael', 'glatz', 'mglatz', 'caiso', 'com', 'question', 'concern', 'iso', 'market', 'operation', 'michael', 'glatz', 'market', 'operation', 'engineer', 'mglatz', 'caiso', 'com', 'phone', 'pager']",caiso notifica server unavailable today august pst urgent notifica server unavailable today august pst will fallback server alhambra submit hour ahead schedule august supplemental energy schedule prior fallback complete system available clear memory disk cache edit preference advanc cache close netscape window includ message restart netscape point browser backup server utiliz follow url URL alhibklb iso contact benik dergevorgian bdgevorgian caiso com michael glatz mglatz caiso com question concern iso market operation michael glatz market operation engineer mglatz caiso com phone pager,813,82,58,0.0036900369003690036,0.0,0,0,1,2,0.012195121951219513,-1,6.2439024390243905,1,0,0
27927,needles / topock price differentials,"i have had a casual chat with some of my accounts regarding their opinion of
the market dynamics affecting the needles to topock price differentials .
each customer focused more on the supply side dynamics of topock gas
supplies , rather than the incremental intra - state transport costs required to
transport to the pg & e citygate , as the primary driving force for the needles
to topock price differential .
here is a recurring theme i heard from my customers : the el paso merchant
service ( epms ) 1 . 2 bcf contract ' s block ii capacity ( 500 mmcf / d of permian to
pg & e / topock capacity , $ . 065 transport rate ) has a re - callable aspect . if
epms schedules gas under the transport of block ii capacity to any other
california delivery point other than pg & e / topock , then other parties may
recall the capacity for their own use to pg & e / topock . currently duke has
recalled 100 mmcf / d and pg & e energy trading has also recalled 100 mmcf / d for
their use to transport permian gas to pg & e / topock . ( fyi - epmc may re - recall
this capacity , but they have elected not to ) . these additional topock
supplies coming from duke and pg & e energy trading under block ii capacity may
be viewed as providing an oversupply of gas to pg & e at topock . this gas
competes head to head with malin gas prices . for example , today ' s malin
price is $ 4 . 62 while pg & e / topock price is $ 4 . 69 . today ' s cash price
differential between needles and topock is $ . 60 , far larger than the
previously assumed $ . 28 differential resulting from the intrastate cost
required to bring topock gas to the citygate .
if anyone else had additional market information or opinions regarding these
market dynamics , let ' s discuss further at our next staff meeting . cs",ham,2000-08-22,"needles / topock price differentials i have had a casual chat with some of my accounts regarding their opinion of
the market dynamics affecting the needles to topock price differentials .
each customer focused more on the supply side dynamics of topock gas
supplies , rather than the incremental intra - state transport costs required to
transport to the pg & e citygate , as the primary driving force for the needles
to topock price differential .
here is a recurring theme i heard from my customers : the el paso merchant
service ( epms ) 1 . 2 bcf contract ' s block ii capacity ( 500 mmcf / d of permian to
pg & e / topock capacity , $ . 065 transport rate ) has a re - callable aspect . if
epms schedules gas under the transport of block ii capacity to any other
california delivery point other than pg & e / topock , then other parties may
recall the capacity for their own use to pg & e / topock . currently duke has
recalled 100 mmcf / d and pg & e energy trading has also recalled 100 mmcf / d for
their use to transport permian gas to pg & e / topock . ( fyi - epmc may re - recall
this capacity , but they have elected not to ) . these additional topock
supplies coming from duke and pg & e energy trading under block ii capacity may
be viewed as providing an oversupply of gas to pg & e at topock . this gas
competes head to head with malin gas prices . for example , today ' s malin
price is $ 4 . 62 while pg & e / topock price is $ 4 . 69 . today ' s cash price
differential between needles and topock is $ . 60 , far larger than the
previously assumed $ . 28 differential resulting from the intrastate cost
required to bring topock gas to the citygate .
if anyone else had additional market information or opinions regarding these
market dynamics , let ' s discuss further at our next staff meeting . cs",0,needles topock price differentials i have had a casual chat with some of my accounts regarding their opinion of the market dynamics affecting the needles to topock price differentials each customer focused more on the supply side dynamics of topock gas supplies rather than the incremental intra state transport costs required to transport to the pg e citygate as the primary driving force for the needles to topock price differential here is a recurring theme i heard from my customers the el paso merchant service epms bcf contract s block ii capacity mmcf d of permian to pg e topock capacity transport rate has a re callable aspect if epms schedules gas under the transport of block ii capacity to any other california delivery point other than pg e topock then other parties may recall the capacity for their own use to pg e topock currently duke has recalled mmcf d and pg e energy trading has also recalled mmcf d for their use to transport permian gas to pg e topock fyi epmc may re recall this capacity but they have elected not to these additional topock supplies coming from duke and pg e energy trading under block ii capacity may be viewed as providing an oversupply of gas to pg e at topock this gas competes head to head with malin gas prices for example today s malin price is while pg e topock price is today s cash price differential between needles and topock is far larger than the previously assumed differential resulting from the intrastate cost required to bring topock gas to the citygate if anyone else had additional market information or opinions regarding these market dynamics let s discuss further at our next staff meeting cs,"['needle', 'topock', 'price', 'differential', 'casual', 'chat', 'account', 'regard', 'opinion', 'market', 'dynamic', 'affect', 'needle', 'topock', 'price', 'differential', 'customer', 'focus', 'supply', 'side', 'dynamic', 'topock', 'gas', 'supplie', 'rather', 'incremental', 'intra', 'state', 'transport', 'cost', 'requir', 'transport', 'citygate', 'primary', 'driv', 'force', 'needle', 'topock', 'price', 'differential', 'recurr', 'theme', 'heard', 'customer', 'paso', 'merchant', 'service', 'epm', 'bcf', 'contract', 'block', 'capacity', 'mmcf', 'permian', 'topock', 'capacity', 'transport', 'rate', 'callable', 'aspect', 'epm', 'schedule', 'gas', 'transport', 'block', 'capacity', 'california', 'delivery', 'point', 'topock', 'partie', 'may', 'recall', 'capacity', 'use', 'topock', 'currently', 'duke', 'recall', 'mmcf', 'energy', 'trad', 'also', 'recall', 'mmcf', 'use', 'transport', 'permian', 'gas', 'topock', 'fyi', 'epmc', 'may', 'recall', 'capacity', 'elect', 'not', 'additional', 'topock', 'supplie', 'com', 'duke', 'energy', 'trad', 'block', 'capacity', 'may', 'view', 'provid', 'oversupply', 'gas', 'topock', 'gas', 'compete', 'head', 'head', 'malin', 'gas', 'price', 'example', 'today', 'malin', 'price', 'topock', 'price', 'today', 'cash', 'price', 'differential', 'needle', 'topock', 'far', 'larger', 'previously', 'assum', 'differential', 'result', 'intrastate', 'cost', 'requir', 'br', 'topock', 'gas', 'citygate', 'anyone', 'else', 'additional', 'market', 'informa', 'opinion', 'regard', 'market', 'dynamic', 'let', 'discus', 'next', 'staff', 'meet']",needle topock price differential casual chat account regard opinion market dynamic affect needle topock price differential customer focus supply side dynamic topock gas supplie rather incremental intra state transport cost requir transport citygate primary driv force needle topock price differential recurr theme heard customer paso merchant service epm bcf contract block capacity mmcf permian topock capacity transport rate callable aspect epm schedule gas transport block capacity california delivery point topock partie may recall capacity use topock currently duke recall mmcf energy trad also recall mmcf use transport permian gas topock fyi epmc may recall capacity elect not additional topock supplie com duke energy trad block capacity may view provid oversupply gas topock gas compete head head malin gas price example today malin price topock price today cash price differential needle topock far larger previously assum differential result intrastate cost requir br topock gas citygate anyone else additional market informa opinion regard market dynamic let discus next staff meet,1657,158,88,0.0,0.0,0,0,2,2,0.012658227848101266,0,5.924050632911392,0,0,0
13699,we are doing ok,"it ' s the week - end ! this is just a general overview , if anyone wants detail , please give me a ring .
in general we are doing ok . in terms of cash out the door today , we were actually going to be positive until kinder morgan refused to send our cash back . we should be ( $ 5 . 81 mm ) .
cut us off :
1 . fpl ( balance of month transactions only )
2 . enbridge ( consumers )
3 . proliance
4 . con agra
5 . los angeles department of water
6 . apache
7 . pseg ( physical gas sales only )
10 . powerex ( cash and real time only )
11 . salt river project
12 . pacificorp ( northwest cash only )
issues :
1 . pjm interconnection llc - want $ 30 mm lc , we are working with them on their calculation methodology . awaiting a letter before we react .
2 . aep - we completed $ 50 mm of assignment transactions with them on friday night . we also sent them $ 50 mm earlier in the week when they had no contractual rights to it . they ' ll be back on monday ! ! ! ! ! ! ! ! they have not cut us . they blinked first ! ! ! ! !
3 . mirant - still want the physical gas collateralized . we have offered to sell it to them . they are still scheduling .
4 . ngx - they have taken our lines to zero . peter keohane is working on it .
5 . sempra - sempra are still trading but wanting to take their positions to zero .
6 . spinnaker - we may have agreed to monetize a position and therefore pay out $ 3 mm plus .
7 . kinder morgan - asked for collateral for the first time ( $ 39 mm ) . sent a letter suggesting material breach of contract , we have responded by letter to park shaper cfo .
8 . conoco contract - equiva ( we gave it to them ) , apache , conoco , pogo , sempra , conagra , vitol have all attempted to get collateral under the adequate assurance clause .
9 . gisb - we appear to have been confirming some transactions under the gisb rather than the masters . this is causing problems as it includes the ' adequate assurances ' clause . w & t offshore inc , mirant , devon , sequent . letters have been sent .
lcs to cash this week
1 . sempra - 50 mm
2 . reliant - 78 . 5 mm
3 . engage - 19 mm
4 . bp - $ 46 . 5 mm
otc margin this week
monday 10 / 29 = ( $ 62 , 486 , 000 )
tuesday 10 / 30 = ( $ 88 , 580 , 000 )
wednesday 10 / 31 = ( $ 32 , 940 , 000 )
thursday 11 / 1 = ( $ 13 , 390 , 000 )
friday 11 / 2 = ( $ 5 , 891 , 000 )
number of transactions :
trade date trade cnt
10 / 3 / 2001 5953
10 / 4 / 2001 6487
10 / 5 / 2001 5854
10 / 6 / 2001 17
10 / 7 / 2001 53
10 / 8 / 2001 5117
10 / 9 / 2001 5280
10 / 10 / 2001 6261
10 / 11 / 2001 5950
10 / 12 / 2001 6107
10 / 13 / 2001 16
10 / 14 / 2001 19
10 / 15 / 2001 5428
10 / 16 / 2001 7155
10 / 17 / 2001 7425
10 / 18 / 2001 7654
10 / 19 / 2001 7988
10 / 20 / 2001 4
10 / 21 / 2001 34
10 / 22 / 2001 7916
10 / 23 / 2001 8567
10 / 24 / 2001 8001
10 / 25 / 2001 8405
10 / 26 / 2001 6792
10 / 27 / 2001 12
10 / 28 / 2001 8
10 / 29 / 2001 7152
10 / 30 / 2001 5761
10 / 31 / 2001 7141
11 / 1 / 2001 6575
11 / 2 / 2001 5853
privlieged and confidential
attorney work product",ham,2001-11-02,"we are doing ok it ' s the week - end ! this is just a general overview , if anyone wants detail , please give me a ring .
in general we are doing ok . in terms of cash out the door today , we were actually going to be positive until kinder morgan refused to send our cash back . we should be ( $ 5 . 81 mm ) .
cut us off :
1 . fpl ( balance of month transactions only )
2 . enbridge ( consumers )
3 . proliance
4 . con agra
5 . los angeles department of water
6 . apache
7 . pseg ( physical gas sales only )
10 . powerex ( cash and real time only )
11 . salt river project
12 . pacificorp ( northwest cash only )
issues :
1 . pjm interconnection llc - want $ 30 mm lc , we are working with them on their calculation methodology . awaiting a letter before we react .
2 . aep - we completed $ 50 mm of assignment transactions with them on friday night . we also sent them $ 50 mm earlier in the week when they had no contractual rights to it . they ' ll be back on monday ! ! ! ! ! ! ! ! they have not cut us . they blinked first ! ! ! ! !
3 . mirant - still want the physical gas collateralized . we have offered to sell it to them . they are still scheduling .
4 . ngx - they have taken our lines to zero . peter keohane is working on it .
5 . sempra - sempra are still trading but wanting to take their positions to zero .
6 . spinnaker - we may have agreed to monetize a position and therefore pay out $ 3 mm plus .
7 . kinder morgan - asked for collateral for the first time ( $ 39 mm ) . sent a letter suggesting material breach of contract , we have responded by letter to park shaper cfo .
8 . conoco contract - equiva ( we gave it to them ) , apache , conoco , pogo , sempra , conagra , vitol have all attempted to get collateral under the adequate assurance clause .
9 . gisb - we appear to have been confirming some transactions under the gisb rather than the masters . this is causing problems as it includes the ' adequate assurances ' clause . w & t offshore inc , mirant , devon , sequent . letters have been sent .
lcs to cash this week
1 . sempra - 50 mm
2 . reliant - 78 . 5 mm
3 . engage - 19 mm
4 . bp - $ 46 . 5 mm
otc margin this week
monday 10 / 29 = ( $ 62 , 486 , 000 )
tuesday 10 / 30 = ( $ 88 , 580 , 000 )
wednesday 10 / 31 = ( $ 32 , 940 , 000 )
thursday 11 / 1 = ( $ 13 , 390 , 000 )
friday 11 / 2 = ( $ 5 , 891 , 000 )
number of transactions :
trade date trade cnt
10 / 3 / 2001 5953
10 / 4 / 2001 6487
10 / 5 / 2001 5854
10 / 6 / 2001 17
10 / 7 / 2001 53
10 / 8 / 2001 5117
10 / 9 / 2001 5280
10 / 10 / 2001 6261
10 / 11 / 2001 5950
10 / 12 / 2001 6107
10 / 13 / 2001 16
10 / 14 / 2001 19
10 / 15 / 2001 5428
10 / 16 / 2001 7155
10 / 17 / 2001 7425
10 / 18 / 2001 7654
10 / 19 / 2001 7988
10 / 20 / 2001 4
10 / 21 / 2001 34
10 / 22 / 2001 7916
10 / 23 / 2001 8567
10 / 24 / 2001 8001
10 / 25 / 2001 8405
10 / 26 / 2001 6792
10 / 27 / 2001 12
10 / 28 / 2001 8
10 / 29 / 2001 7152
10 / 30 / 2001 5761
10 / 31 / 2001 7141
11 / 1 / 2001 6575
11 / 2 / 2001 5853
privlieged and confidential
attorney work product",0,we are doing ok it s the week end ! this is just a general overview if anyone wants detail please give me a ring in general we are doing ok in terms of cash out the door today we were actually going to be positive until kinder morgan refused to send our cash back we should be mm cut us off fpl balance of month transactions only enbridge consumers proliance con agra los angeles department of water apache pseg physical gas sales only powerex cash and real time only salt river project pacificorp northwest cash only issues pjm interconnection llc want mm lc we are working with them on their calculation methodology awaiting a letter before we react aep we completed mm of assignment transactions with them on friday night we also sent them mm earlier in the week when they had no contractual rights to it they ll be back on monday ! ! ! ! ! ! ! ! they have not cut us they blinked first ! ! ! ! ! mirant still want the physical gas collateralized we have offered to sell it to them they are still scheduling ngx they have taken our lines to zero peter keohane is working on it sempra sempra are still trading but wanting to take their positions to zero spinnaker we may have agreed to monetize a position and therefore pay out mm plus kinder morgan asked for collateral for the first time mm sent a letter suggesting material breach of contract we have responded by letter to park shaper cfo conoco contract equiva we gave it to them apache conoco pogo sempra conagra vitol have all attempted to get collateral under the adequate assurance clause gisb we appear to have been confirming some transactions under the gisb rather than the masters this is causing problems as it includes the adequate assurances clause w t offshore inc mirant devon sequent letters have been sent lcs to cash this week sempra mm reliant mm engage mm bp mm otc margin this week monday tuesday wednesday thursday friday number of transactions trade date trade cnt privlieged and confidential attorney work product,"['week', 'end', 'just', 'general', 'overview', 'anyone', 'want', 'detail', 'give', 'r', 'general', 'term', 'cash', 'door', 'today', 'actually', 'go', 'positive', 'kinder', 'morgan', 'refus', 'send', 'cash', 'back', 'cut', 'off', 'fpl', 'balance', 'month', 'transaction', 'enbridge', 'consumer', 'proliance', 'con', 'agra', 'los', 'angele', 'department', 'water', 'apache', 'pseg', 'physical', 'gas', 'sale', 'powerex', 'cash', 'real', 'time', 'salt', 'river', 'project', 'pacificorp', 'northwest', 'cash', 'issue', 'pjm', 'interconnec', 'llc', 'want', 'work', 'calcula', 'methodology', 'await', 'letter', 'react', 'aep', 'complet', 'assignment', 'transaction', 'friday', 'night', 'also', 'earlier', 'week', 'contractual', 'right', 'back', 'monday', 'not', 'cut', 'blink', 'first', 'mirant', 'still', 'want', 'physical', 'gas', 'collateraliz', 'offer', 'sell', 'still', 'schedul', 'ngx', 'taken', 'line', 'zero', 'peter', 'keohane', 'work', 'sempra', 'sempra', 'still', 'trad', 'want', 'take', 'position', 'zero', 'spinnaker', 'may', 'agre', 'monetize', 'posi', 'therefore', 'pay', 'plu', 'kinder', 'morgan', 'ask', 'collateral', 'first', 'time', 'letter', 'suggest', 'material', 'breach', 'contract', 'respond', 'letter', 'park', 'shaper', 'cfo', 'conoco', 'contract', 'equiva', 'gave', 'apache', 'conoco', 'pogo', 'sempra', 'conagra', 'vitol', 'attempt', 'get', 'collateral', 'adequate', 'assurance', 'clause', 'gisb', 'appear', 'confirm', 'transaction', 'gisb', 'rather', 'master', 'caus', 'problem', 'include', 'adequate', 'assurance', 'clause', 'offshore', 'inc', 'mirant', 'devon', 'sequent', 'letter', 'lcs', 'cash', 'week', 'sempra', 'reliant', 'engage', 'otc', 'margin', 'week', 'monday', 'tuesday', 'wednesday', 'thursday', 'friday', 'number', 'transaction', 'trade', 'trade', 'cnt', 'privlieg', 'confidential', 'attorney', 'work', 'product']",week end just general overview anyone want detail give r general term cash door today actually go positive kinder morgan refus send cash back cut off fpl balance month transaction enbridge consumer proliance con agra los angele department water apache pseg physical gas sale powerex cash real time salt river project pacificorp northwest cash issue pjm interconnec llc want work calcula methodology await letter react aep complet assignment transaction friday night also earlier week contractual right back monday not cut blink first mirant still want physical gas collateraliz offer sell still schedul ngx taken line zero peter keohane work sempra sempra still trad want take position zero spinnaker may agre monetize posi therefore pay plu kinder morgan ask collateral first time letter suggest material breach contract respond letter park shaper cfo conoco contract equiva gave apache conoco pogo sempra conagra vitol attempt get collateral adequate assurance clause gisb appear confirm transaction gisb rather master caus problem include adequate assurance clause offshore inc mirant devon sequent letter lcs cash week sempra reliant engage otc margin week monday tuesday wednesday thursday friday number transaction trade trade cnt privlieg confidential attorney work product,1992,190,145,0.0,0.0,14,0,7,1,0.03684210526315789,6,5.742105263157895,0,0,0
8910,visiting enron may 4 th,"dear vince ,
this is great news ! donna and i are delighted that you have time to see us
on may 4 th .
i ' ll be out of the office next week . by copy of this email to my
assistant , carol lovell , i will ask her to get in touch with shirley for
scheduling as well as directions on where to meet you . we ' ll be glad to
meet with christie patrick as well .
looking forward to meeting you ,
susan
at 05 : 36 pm 4 / 6 / 01 - 0500 , you wrote :
> susan ,
>
> thank you for your message . i shall be glad to meet with you on may the
> 4 th .
> i shall ask my assistant , shirley crenshaw ( 713 ) 853 5290 , to call you to
> set up the meeting .
>
> also , for your information , we have recently set up a special unit to
> coordinate enron ' s
> relationships with the universities . the person running this unit is
> christie patrick .
> please , feel free to contact her and give my name as a reference . i shall
> coordinate the meeting
> on may the 4 th with her .
>
> vince
>
>
> additional information re christie :
>
> phone : ( 713 ) 853 - 6117
>
> email : christie _ patrick @ enron . com
>
>
>
>
>
> "" susan c . hansen "" on 04 / 03 / 2001 04 : 33 : 54 pm
>
> to : vkamins @ enron . com
> cc :
> subject : visit from stanford ?
>
>
> dear dr . kaminski ,
>
> let me briefly introduce myself , i am the director of corporate relations
> for the school of engineering at stanford university . in this role , i am
> always on the watch for ways to bring our faculty together with companies
> that have an appetite for engagement with top tier research institutions .
>
> i believe you know hill huntington , who is a senior researcher with
> stanford ' s energy modeling forum . he suggested i get in touch with you for
> some ideas about contacts at enron . i ' m in the process of planning a trip
> to texas in early may along with my colleague donna lawrence , the
> university ' s director of corporate relations . we were hoping to be able to
> include a stop at enron on our itinerary . right now it appears that friday ,
> may 4 th would work best for us but we ' re at the very beginning of our trip
> planning .
>
> the purpose of our visit would be to review the current relationship
> between enron and stanford , to give you an overview of current priorities
> in the school of engineering , and ask for your help in identifying the best
> points of contact .
>
> i look forward to hearing from you about your availability ,
>
> sincerely ,
> susan hansen
>
>
>
>
> susan c . hansen
> director , corporate relations
> school of engineering
> stanford university
> stanford , ca 94305 - 4027
> ( 650 ) 725 - 4219
susan c . hansen
director , corporate relations
school of engineering
stanford university
stanford , ca 94305 - 4027
( 650 ) 725 - 4219",ham,2001-04-06,"visiting enron may 4 th dear vince ,
this is great news ! donna and i are delighted that you have time to see us
on may 4 th .
i ' ll be out of the office next week . by copy of this email to my
assistant , carol lovell , i will ask her to get in touch with shirley for
scheduling as well as directions on where to meet you . we ' ll be glad to
meet with christie patrick as well .
looking forward to meeting you ,
susan
at 05 : 36 pm 4 / 6 / 01 - 0500 , you wrote :
> susan ,
>
> thank you for your message . i shall be glad to meet with you on may the
> 4 th .
> i shall ask my assistant , shirley crenshaw ( 713 ) 853 5290 , to call you to
> set up the meeting .
>
> also , for your information , we have recently set up a special unit to
> coordinate enron ' s
> relationships with the universities . the person running this unit is
> christie patrick .
> please , feel free to contact her and give my name as a reference . i shall
> coordinate the meeting
> on may the 4 th with her .
>
> vince
>
>
> additional information re christie :
>
> phone : ( 713 ) 853 - 6117
>
> email : christie _ patrick @ enron . com
>
>
>
>
>
> "" susan c . hansen "" on 04 / 03 / 2001 04 : 33 : 54 pm
>
> to : vkamins @ enron . com
> cc :
> subject : visit from stanford ?
>
>
> dear dr . kaminski ,
>
> let me briefly introduce myself , i am the director of corporate relations
> for the school of engineering at stanford university . in this role , i am
> always on the watch for ways to bring our faculty together with companies
> that have an appetite for engagement with top tier research institutions .
>
> i believe you know hill huntington , who is a senior researcher with
> stanford ' s energy modeling forum . he suggested i get in touch with you for
> some ideas about contacts at enron . i ' m in the process of planning a trip
> to texas in early may along with my colleague donna lawrence , the
> university ' s director of corporate relations . we were hoping to be able to
> include a stop at enron on our itinerary . right now it appears that friday ,
> may 4 th would work best for us but we ' re at the very beginning of our trip
> planning .
>
> the purpose of our visit would be to review the current relationship
> between enron and stanford , to give you an overview of current priorities
> in the school of engineering , and ask for your help in identifying the best
> points of contact .
>
> i look forward to hearing from you about your availability ,
>
> sincerely ,
> susan hansen
>
>
>
>
> susan c . hansen
> director , corporate relations
> school of engineering
> stanford university
> stanford , ca 94305 - 4027
> ( 650 ) 725 - 4219
susan c . hansen
director , corporate relations
school of engineering
stanford university
stanford , ca 94305 - 4027
( 650 ) 725 - 4219",0,visiting enron may th dear vince this is great news ! donna and i are delighted that you have time to see us on may th i ll be out of the office next week by copy of this email to my assistant carol lovell i will ask her to get in touch with shirley for scheduling as well as directions on where to meet you we ll be glad to meet with christie patrick as well looking forward to meeting you susan at pm you wrote susan thank you for your message i shall be glad to meet with you on may the th i shall ask my assistant shirley crenshaw to call you to set up the meeting also for your information we have recently set up a special unit to coordinate enron s relationships with the universities the person running this unit is christie patrick please feel free to contact her and give my name as a reference i shall coordinate the meeting on may the th with her vince additional information re christie phone email christie patrick enron com susan c hansen on pm to vkamins enron com cc subject visit from stanford ? dear dr kaminski let me briefly introduce myself i am the director of corporate relations for the school of engineering at stanford university in this role i am always on the watch for ways to bring our faculty together with companies that have an appetite for engagement with top tier research institutions i believe you know hill huntington who is a senior researcher with stanford s energy modeling forum he suggested i get in touch with you for some ideas about contacts at enron i m in the process of planning a trip to texas in early may along with my colleague donna lawrence the university s director of corporate relations we were hoping to be able to include a stop at enron on our itinerary right now it appears that friday may th would work best for us but we re at the very beginning of our trip planning the purpose of our visit would be to review the current relationship between enron and stanford to give you an overview of current priorities in the school of engineering and ask for your help in identifying the best points of contact i look forward to hearing from you about your availability sincerely susan hansen susan c hansen director corporate relations school of engineering stanford university stanford ca susan c hansen director corporate relations school of engineering stanford university stanford ca,"['visit', 'enron', 'may', 'vince', 'great', 'new', 'donna', 'delight', 'time', 'see', 'may', 'office', 'next', 'week', 'copy', 'assistant', 'carol', 'lovell', 'will', 'ask', 'get', 'touch', 'shirley', 'schedul', 'direction', 'meet', 'glad', 'meet', 'christie', 'patrick', 'look', 'forward', 'meet', 'susan', 'wrote', 'susan', 'shall', 'glad', 'meet', 'may', 'shall', 'ask', 'assistant', 'shirley', 'crenshaw', 'call', 'set', 'meet', 'also', 'informa', 'recently', 'set', 'special', 'unit', 'coordinate', 'enron', 'relationship', 'universitie', 'person', 'runn', 'unit', 'christie', 'patrick', 'feel', 'free', 'contact', 'give', 'name', 'reference', 'shall', 'coordinate', 'meet', 'may', 'vince', 'additional', 'informa', 'christie', 'phone', 'christie', 'patrick', 'enron', 'com', 'susan', 'hansen', 'vkamin', 'enron', 'com', 'visit', 'stanford', 'kaminski', 'let', 'briefly', 'introduce', 'director', 'corporate', 'relation', 'school', 'engineer', 'stanford', 'university', 'role', 'alway', 'watch', 'way', 'br', 'faculty', 'together', 'companie', 'appetite', 'engagement', 'top', 'tier', 'research', 'institution', 'believe', 'know', 'hill', 'huntington', 'senior', 'researcher', 'stanford', 'energy', 'model', 'forum', 'suggest', 'get', 'touch', 'idea', 'contact', 'enron', 'proces', 'plann', 'trip', 'texa', 'early', 'may', 'along', 'colleague', 'donna', 'lawrence', 'university', 'director', 'corporate', 'relation', 'hop', 'able', 'include', 'stop', 'enron', 'itinerary', 'right', 'now', 'appear', 'friday', 'may', 'work', 'best', 'beginn', 'trip', 'plann', 'purpose', 'visit', 'review', 'current', 'relationship', 'enron', 'stanford', 'give', 'overview', 'current', 'prioritie', 'school', 'engineer', 'ask', 'help', 'identify', 'best', 'point', 'contact', 'look', 'forward', 'hear', 'availability', 'susan', 'hansen', 'susan', 'hansen', 'director', 'corporate', 'relation', 'school', 'engineer', 'stanford', 'university', 'stanford', 'susan', 'hansen', 'director', 'corporate', 'relation', 'school', 'engineer', 'stanford', 'university', 'stanford']",visit enron may vince great new donna delight time see may office next week copy assistant carol lovell will ask get touch shirley schedul direction meet glad meet christie patrick look forward meet susan wrote susan shall glad meet may shall ask assistant shirley crenshaw call set meet also informa recently set special unit coordinate enron relationship universitie person runn unit christie patrick feel free contact give name reference shall coordinate meet may vince additional informa christie phone christie patrick enron com susan hansen vkamin enron com visit stanford kaminski let briefly introduce director corporate relation school engineer stanford university role alway watch way br faculty together companie appetite engagement top tier research institution believe know hill huntington senior researcher stanford energy model forum suggest get touch idea contact enron proces plann trip texa early may along colleague donna lawrence university director corporate relation hop able include stop enron itinerary right now appear friday may work best beginn trip plann purpose visit review current relationship enron stanford give overview current prioritie school engineer ask help identify best point contact look forward hear availability susan hansen susan hansen director corporate relation school engineer stanford university stanford susan hansen director corporate relation school engineer stanford university stanford,2344,205,123,0.0,0.0,1,1,1,1,0.004878048780487805,0,6.029268292682927,0,0,0
22259,soma - only now leann,"summer sale on v i agra and other drugs .
you won ` t find better prices anywhere !
v alium - 180 piils - 370 $
x anax - 180 piils - 316 $
a mbien - 180 piils - 388 $
s oma - 160 piils - 145 $
v iagra - 100 pilis - 209 . 99 $
c ialis - 90 piils - 324 $
u ltram - 120 pilis - 155 $
p hentermine - 90 piils - 261 $
and many more . . .
please click below and check out our offer .
blackbody will embrittle prescott crossbar caliper amongst butterfield grantee fedders
contact burlesque barnhard mn chaste elizabeth expiable beam harpoon
symposia commonplace bolshevik crane galveston germicidal heterostructure cud depreciate preserve contradictory
practicable imbroglio toolkit swindle tonic valent probe bartend
artful arctan flaxseed trivalent emplace i ' ll dollop duke
airframe lasso bombay menzies donahue colleague destroy thallophyte
",spam,2005-07-12,"soma - only now leann summer sale on v i agra and other drugs .
you won ` t find better prices anywhere !
v alium - 180 piils - 370 $
x anax - 180 piils - 316 $
a mbien - 180 piils - 388 $
s oma - 160 piils - 145 $
v iagra - 100 pilis - 209 . 99 $
c ialis - 90 piils - 324 $
u ltram - 120 pilis - 155 $
p hentermine - 90 piils - 261 $
and many more . . .
please click below and check out our offer .
blackbody will embrittle prescott crossbar caliper amongst butterfield grantee fedders
contact burlesque barnhard mn chaste elizabeth expiable beam harpoon
symposia commonplace bolshevik crane galveston germicidal heterostructure cud depreciate preserve contradictory
practicable imbroglio toolkit swindle tonic valent probe bartend
artful arctan flaxseed trivalent emplace i ' ll dollop duke
airframe lasso bombay menzies donahue colleague destroy thallophyte
",1,soma only now leann summer sale on v i agra and other drugs you won t find better prices anywhere ! v alium piils x anax piils a mbien piils s oma piils v iagra pilis c ialis piils u ltram pilis p hentermine piils and many more please click below and check out our offer blackbody will embrittle prescott crossbar caliper amongst butterfield grantee fedders contact burlesque barnhard mn chaste elizabeth expiable beam harpoon symposia commonplace bolshevik crane galveston germicidal heterostructure cud depreciate preserve contradictory practicable imbroglio toolkit swindle tonic valent probe bartend artful arctan flaxseed trivalent emplace i ll dollop duke airframe lasso bombay menzies donahue colleague destroy thallophyte,"['soma', 'now', 'leann', 'summer', 'sale', 'agra', 'drug', 'won', 'find', 'better', 'price', 'anywhere', 'alium', 'piil', 'anax', 'piil', 'mbien', 'piil', 'oma', 'piil', 'iagra', 'pili', 'iali', 'piil', 'ltram', 'pili', 'hentermine', 'piil', 'many', 'click', 'check', 'offer', 'blackbody', 'will', 'embrittle', 'prescott', 'crossbar', 'caliper', 'amongst', 'butterfield', 'grantee', 'fedder', 'contact', 'burlesque', 'barnhard', 'chaste', 'elizabeth', 'expiable', 'beam', 'harpoon', 'symposia', 'commonplace', 'bolshevik', 'crane', 'galveston', 'germicidal', 'heterostructure', 'cud', 'depreciate', 'preserve', 'contradictory', 'practicable', 'imbroglio', 'toolkit', 'swindle', 'tonic', 'valent', 'probe', 'bartend', 'artful', 'arctan', 'flaxse', 'trivalent', 'emplace', 'dollop', 'duke', 'airframe', 'lasso', 'bombay', 'menzie', 'donahue', 'colleague', 'destroy', 'thallophyte']",soma now leann summer sale agra drug won find better price anywhere alium piil anax piil mbien piil oma piil iagra pili iali piil ltram pili hentermine piil many click check offer blackbody will embrittle prescott crossbar caliper amongst butterfield grantee fedder contact burlesque barnhard chaste elizabeth expiable beam harpoon symposia commonplace bolshevik crane galveston germicidal heterostructure cud depreciate preserve contradictory practicable imbroglio toolkit swindle tonic valent probe bartend artful arctan flaxse trivalent emplace dollop duke airframe lasso bombay menzie donahue colleague destroy thallophyte,729,84,78,0.0,0.0,1,0,3,0,0.03571428571428571,3,6.464285714285714,0,0,0
10609,uae enquiries,"dear sirs ,
emiratestenders provides you with the latest business information on projects , tenders , enquiries and business deals in the united arab emirates .
we will keep you informed about all business activities in abu dhabi , dubai , sharjah , al ain & northern emirates in areas such as construction , oilfield development , telecommunication , information technology , medical , power generation , roads & bridges & more .
emiratestenders provides members free access to the most comprehensive and detailed real time project and tender database with many benefits including :
complete access to our detailed real time database on all projects , tenders and enquiries in united arab emirates . ( details provided are : project number , project name , territory , client , client address , description , invitation date , post date , closing date , tender cost , budget , contractors , consultants , tender categories , status , remarks )
free e - mail notification on preferred areas of business and useful local business news .
easy to use search options .
archive of over 8 , 000 projects and tenders for market research and analysis which is updated on a daily basis .
a newsletter with information on the latest business activities in the uae .
free consultancy on local business requirements in the territory .
the people at emiratestenders have indepth knowledge and experience about the local market and can assist you to develop your business in the united arab emirates . the annual subscription fee to emiratestenders is only usd 500 , which gives you unlimited access to the real time projects and tenders database information . click here to see a sample page .
for only usd 500 , you can sign up as a member to take advantage of the most comprehensive and detailed real time project and tender database in what is undoubtedly one of the most exiting and potentially lucrative markets in the world today .
please visit http : / / www . uaeenquiries . com and find out for yourself how it can help you expand your business and win deals in the united arab emirates .
yours faithfully , sales and support teamtel : + 971 2 - 6348495 fax : + 971 2 - 6316465
you are receiving this e - mail because you have opted - in to receive special offers for business development or one of it ' s marketing partners . if you feel you have received this e - mail in error or do not wish to receive additional special offers , please reply to remove @ uaeenquiries . com with a "" remove "" subject in the email .",spam,2005-07-06,"uae enquiries dear sirs ,
emiratestenders provides you with the latest business information on projects , tenders , enquiries and business deals in the united arab emirates .
we will keep you informed about all business activities in abu dhabi , dubai , sharjah , al ain & northern emirates in areas such as construction , oilfield development , telecommunication , information technology , medical , power generation , roads & bridges & more .
emiratestenders provides members free access to the most comprehensive and detailed real time project and tender database with many benefits including :
complete access to our detailed real time database on all projects , tenders and enquiries in united arab emirates . ( details provided are : project number , project name , territory , client , client address , description , invitation date , post date , closing date , tender cost , budget , contractors , consultants , tender categories , status , remarks )
free e - mail notification on preferred areas of business and useful local business news .
easy to use search options .
archive of over 8 , 000 projects and tenders for market research and analysis which is updated on a daily basis .
a newsletter with information on the latest business activities in the uae .
free consultancy on local business requirements in the territory .
the people at emiratestenders have indepth knowledge and experience about the local market and can assist you to develop your business in the united arab emirates . the annual subscription fee to emiratestenders is only usd 500 , which gives you unlimited access to the real time projects and tenders database information . click here to see a sample page .
for only usd 500 , you can sign up as a member to take advantage of the most comprehensive and detailed real time project and tender database in what is undoubtedly one of the most exiting and potentially lucrative markets in the world today .
please visit http : / / www . uaeenquiries . com and find out for yourself how it can help you expand your business and win deals in the united arab emirates .
yours faithfully , sales and support teamtel : + 971 2 - 6348495 fax : + 971 2 - 6316465
you are receiving this e - mail because you have opted - in to receive special offers for business development or one of it ' s marketing partners . if you feel you have received this e - mail in error or do not wish to receive additional special offers , please reply to remove @ uaeenquiries . com with a "" remove "" subject in the email .",1,uae enquiries dear sirs emiratestenders provides you with the latest business information on projects tenders enquiries and business deals in the united arab emirates we will keep you informed about all business activities in abu dhabi dubai sharjah al ain northern emirates in areas such as construction oilfield development telecommunication information technology medical power generation roads bridges more emiratestenders provides members free access to the most comprehensive and detailed real time project and tender database with many benefits including complete access to our detailed real time database on all projects tenders and enquiries in united arab emirates details provided are project number project name territory client client address description invitation date post date closing date tender cost budget contractors consultants tender categories status remarks free e mail notification on preferred areas of business and useful local business news easy to use search options archive of over projects and tenders for market research and analysis which is updated on a daily basis a newsletter with information on the latest business activities in the uae free consultancy on local business requirements in the territory the people at emiratestenders have indepth knowledge and experience about the local market and can assist you to develop your business in the united arab emirates the annual subscription fee to emiratestenders is only usd which gives you unlimited access to the real time projects and tenders database information click here to see a sample page for only usd you can sign up as a member to take advantage of the most comprehensive and detailed real time project and tender database in what is undoubtedly one of the most exiting and potentially lucrative markets in the world today please visit http www uaeenquiries com and find out for yourself how it can help you expand your business and win deals in the united arab emirates yours faithfully sales and support teamtel fax you are receiving this e mail because you have opted in to receive special offers for business development or one of it s marketing partners if you feel you have received this e mail in error or do not wish to receive additional special offers please reply to remove uaeenquiries com with a remove subject in the email,"['uae', 'enquirie', 'sir', 'emiratestender', 'provide', 'latest', 'busines', 'informa', 'project', 'tender', 'enquirie', 'busines', 'deal', 'unit', 'arab', 'emirate', 'will', 'keep', 'inform', 'busines', 'activitie', 'abu', 'dhabi', 'dubai', 'sharjah', 'ain', 'northern', 'emirate', 'area', 'construc', 'oilfield', 'development', 'telecommunica', 'informa', 'technology', 'medical', 'power', 'genera', 'road', 'bridge', 'emiratestender', 'provide', 'member', 'free', 'acces', 'comprehensive', 'detail', 'real', 'time', 'project', 'tender', 'database', 'many', 'benefit', 'includ', 'complete', 'acces', 'detail', 'real', 'time', 'database', 'project', 'tender', 'enquirie', 'unit', 'arab', 'emirate', 'detail', 'provid', 'project', 'number', 'project', 'name', 'territory', 'client', 'client', 'addres', 'descrip', 'invita', 'post', 'clos', 'tender', 'cost', 'budget', 'contractor', 'consultant', 'tender', 'categorie', 'statu', 'remark', 'free', 'notifica', 'preferr', 'area', 'busines', 'useful', 'local', 'busines', 'new', 'easy', 'use', 'search', 'option', 'archive', 'project', 'tender', 'market', 'research', 'analysi', 'updat', 'daily', 'basi', 'newsletter', 'informa', 'latest', 'busines', 'activitie', 'uae', 'free', 'consultancy', 'local', 'busines', 'requirement', 'territory', 'people', 'emiratestender', 'indepth', 'knowledge', 'experience', 'local', 'market', 'can', 'assist', 'develop', 'busines', 'unit', 'arab', 'emirate', 'annual', 'subscrip', 'fee', 'emiratestender', 'usd', 'give', 'unlimit', 'acces', 'real', 'time', 'project', 'tender', 'database', 'informa', 'click', 'see', 'sample', 'page', 'usd', 'can', 'sign', 'member', 'take', 'advantage', 'comprehensive', 'detail', 'real', 'time', 'project', 'tender', 'database', 'undoubtedly', 'one', 'exit', 'potentially', 'lucrative', 'market', 'world', 'today', 'visit', 'http', 'www', 'uaeenquirie', 'com', 'find', 'can', 'help', 'expand', 'busines', 'win', 'deal', 'unit', 'arab', 'emirate', 'faithfully', 'sale', 'support', 'teamtel', 'fax', 'receiv', 'opt', 'receive', 'special', 'offer', 'busines', 'development', 'one', 'market', 'partner', 'feel', 'error', 'not', 'wish', 'receive', 'additional', 'special', 'offer', 'reply', 'remove', 'uaeenquirie', 'com', 'remove']",uae enquirie sir emiratestender provide latest busines informa project tender enquirie busines deal unit arab emirate will keep inform busines activitie abu dhabi dubai sharjah ain northern emirate area construc oilfield development telecommunica informa technology medical power genera road bridge emiratestender provide member free acces comprehensive detail real time project tender database many benefit includ complete acces detail real time database project tender enquirie unit arab emirate detail provid project number project name territory client client addres descrip invita post clos tender cost budget contractor consultant tender categorie statu remark free notifica preferr area busines useful local busines new easy use search option archive project tender market research analysi updat daily basi newsletter informa latest busines activitie uae free consultancy local busines requirement territory people emiratestender indepth knowledge experience local market can assist develop busines unit arab emirate annual subscrip fee emiratestender usd give unlimit acces real time project tender database informa click see sample page usd can sign member take advantage comprehensive detail real time project tender database undoubtedly one exit potentially lucrative market world today visit http www uaeenquirie com find can help expand busines win deal unit arab emirate faithfully sale support teamtel fax receiv opt receive special offer busines development one market partner feel error not wish receive additional special offer reply remove uaeenquirie com remove,2336,220,137,0.0,0.0,0,0,9,9,0.04090909090909091,0,6.1909090909090905,0,0,0
8746,"trash bash event on saturday , march 31 st","thanks for the interest so many of you have shown in trash bash . several of
you are of the mistaken idea that trash bash is tomorrow . it is not until
saturday , march 31 , 2001 . registration will be in sam houston park and
trash will be picked up along buffalo bayou from so . shephard to the wortham
center . the work areas will be divided into 8 to 10 sections . when you
check in , you will be assigned to a work section . if you are going to work
at the registration desk , you need to be at sam houston park by 7 : 30 am . if
you are going to pick - up trash , you need to be at sam houston park by 8 : 00 am .
there will be a pre - registration desk set up in the lobby of the enron bldg .
sometime during the week of march 26 th and i will let you know the exact
dates when they are given to me . if you pre - register , you won ' t have to
stand in the long lines at sam houston park .
thanks again for your interest and help .
anita",ham,2001-03-16,"trash bash event on saturday , march 31 st thanks for the interest so many of you have shown in trash bash . several of
you are of the mistaken idea that trash bash is tomorrow . it is not until
saturday , march 31 , 2001 . registration will be in sam houston park and
trash will be picked up along buffalo bayou from so . shephard to the wortham
center . the work areas will be divided into 8 to 10 sections . when you
check in , you will be assigned to a work section . if you are going to work
at the registration desk , you need to be at sam houston park by 7 : 30 am . if
you are going to pick - up trash , you need to be at sam houston park by 8 : 00 am .
there will be a pre - registration desk set up in the lobby of the enron bldg .
sometime during the week of march 26 th and i will let you know the exact
dates when they are given to me . if you pre - register , you won ' t have to
stand in the long lines at sam houston park .
thanks again for your interest and help .
anita",0,trash bash event on saturday march st thanks for the interest so many of you have shown in trash bash several of you are of the mistaken idea that trash bash is tomorrow it is not until saturday march registration will be in sam houston park and trash will be picked up along buffalo bayou from so shephard to the wortham center the work areas will be divided into to sections when you check in you will be assigned to a work section if you are going to work at the registration desk you need to be at sam houston park by am if you are going to pick up trash you need to be at sam houston park by am there will be a pre registration desk set up in the lobby of the enron bldg sometime during the week of march th and i will let you know the exact dates when they are given to me if you pre register you won t have to stand in the long lines at sam houston park thanks again for your interest and help anita,"['trash', 'bash', 'event', 'saturday', 'march', 'interest', 'many', 'shown', 'trash', 'bash', 'several', 'mistaken', 'idea', 'trash', 'bash', 'tomorrow', 'not', 'saturday', 'march', 'registra', 'will', 'sam', 'houston', 'park', 'trash', 'will', 'pick', 'along', 'buffalo', 'bayou', 'shephard', 'wortham', 'center', 'work', 'area', 'will', 'divid', 'section', 'check', 'will', 'assign', 'work', 'sec', 'go', 'work', 'registra', 'desk', 'ne', 'sam', 'houston', 'park', 'go', 'pick', 'trash', 'ne', 'sam', 'houston', 'park', 'will', 'pre', 'registra', 'desk', 'set', 'lobby', 'enron', 'bldg', 'sometime', 'week', 'march', 'will', 'let', 'know', 'exact', 'date', 'given', 'pre', 'register', 'won', 'stand', 'long', 'line', 'sam', 'houston', 'park', 'interest', 'help', 'anita']",trash bash event saturday march interest many shown trash bash several mistaken idea trash bash tomorrow not saturday march registra will sam houston park trash will pick along buffalo bayou shephard wortham center work area will divid section check will assign work sec go work registra desk ne sam houston park go pick trash ne sam houston park will pre registra desk set lobby enron bldg sometime week march will let know exact date given pre register won stand long line sam houston park interest help anita,906,87,54,0.0,0.0,0,0,1,0,0.011494252873563218,1,4.885057471264368,0,0,0
5898,re : resco database and customer capture,"steve ,
it makes sense to meet with abacus . retail marketing is very data intensive .
if you set up a meeting with them ,
please , let me know .
vince
steven r meyers @ ees
04 / 11 / 2000 08 : 17 am
to : timothy edward vail / hou / ees @ ees
cc : vince j kaminski / hou / ect @ ect
subject : resco database and customer capture
tim ,
i hope things are going well in resco . i think somebody from resco ( or
research ) may be interested in the email i received below from brad davids .
brad is now working at abacus who works with residential customer patterns as
well as predictive modelling . he ' s going to be here the 25 and 26 of this
month . i ' m not sure who is responsible for resco marketing , but i think they
would find this interesting . who should i send this to ? please let me know
if anybody in resco may have any interest .
thanks ,
steve
ps : vince , simply an fyi since they do focus on modelling and research .
- - - - - - - - - - - - - - - - - - - - - - forwarded by steven r meyers / hou / ees on 04 / 11 / 2000
08 : 14 am - - - - - - - - - - - - - - - - - - - - - - - - - - -
bradley davids on 04 / 10 / 2000 08 : 35 : 32 pm
to : "" ' steven . r . meyers @ enron . com ' ""
cc :
subject : re : possible meeting ?
steve :
i ' ll see if i can get in on the 25 th . . . will let you know , but i think
it ' ll work .
just to give you a very brief overview so you can think about who might be
interested , abacus has the largest transactional database of consumer buying
behavior in the world ( 89 million us households , 3 billion + purchases ) ,
along with sophisticated modeling capabilities to help predict customer
response to various offers at the household level . given the critical need
to reduce customer acquisition costs in retail energy markets , we believe
that our data and modeling can help energy retailers target their direct
marketing efforts toward the residential customers most likely to respond to
whatever the offer is - - improving the efficiency of mailings and other
promotional campaigns ( so there is an efficiency angle , see ! )
because our data allow the modeling of future buying behavior based on
actual purchases , our results tend to be significantly more predictive than
demographic - based models . so far , the the response from utilities and "" new
entrants "" i ' ve been talking to so far has been quite positive , and we have
some tests of our data underway , but we ' re interested in talking to as many
players in the market as possible as we develop specific products to meet
utility needs .
i can provide more background if desired to whoever might be interested , but
i guess the key immediate question is whether it might be worthwhile to
arrange a short meeting sometime on the 25 th of april with whoever at enron
might have interest in hearing what we ' re up to , and ( most importantly )
listening to what your data needs might be as you enter new markets .
thanks very much for any help . . . i look forward to catching up and
hearing how things are going for you .
regards ,
brad davids
303 - 410 - 5531
- - - - - original message - - - - -
from : steven . r . meyers @ enron . com [ mailto : steven . r . meyers @ enron . com ]
sent : monday , april 10 , 2000 12 : 13 pm
to : brad . davids @ abacus - direct . com
subject : re : possible meeting ?
it ' d be great to meet on the 25 th in the afternoon . i have a flight in the
evening . i ' m interested in hearing about life at abacus . i too have heard
that enron is getting back into the residential market . what type of
database do you have ? i might be able to find somebody for you to talk
with here .
- steve
bradley davids on 04 / 10 / 2000 12 : 04 : 00 pm
to : "" steve meyers ( e - mail ) ""
cc :
subject : possible meeting ?
steve :
sorry we ' ve been unable to hook up . . . i can probably get down there on
the 25 th , if you ' re going to be in town that afternoon ? would love to catch
up - - both on how things are going with ees and tell you about my new life .
also , i ' m hearing rumors that enron is about to get back into the
residential market in a big way - - you know anything about that ? anybody i
should talk to there about my huge database of consumer buying behavior ?
thanks - - looking forward to connecting . . . i ' ll be travelling most of this
week , but you can leave a vm and let me know when i can call you , or try me
on the cell at 303 - 886 - 3458 .
best ,
brad davids
bradley j . davids
associate vice president , utilities
abacus direct , a division of doubleclick , inc .
11101 west 120 th avenue
broomfield , co 80021 usa
e - mail brad . davids @ abacus - direct . com
tel 303 . 410 . 5531
fax 303 . 410 . 5300
www . doubleclick . net
www . abacus - direct . com
( see attached file : c . dtf )",ham,2000-04-11,"re : resco database and customer capture steve ,
it makes sense to meet with abacus . retail marketing is very data intensive .
if you set up a meeting with them ,
please , let me know .
vince
steven r meyers @ ees
04 / 11 / 2000 08 : 17 am
to : timothy edward vail / hou / ees @ ees
cc : vince j kaminski / hou / ect @ ect
subject : resco database and customer capture
tim ,
i hope things are going well in resco . i think somebody from resco ( or
research ) may be interested in the email i received below from brad davids .
brad is now working at abacus who works with residential customer patterns as
well as predictive modelling . he ' s going to be here the 25 and 26 of this
month . i ' m not sure who is responsible for resco marketing , but i think they
would find this interesting . who should i send this to ? please let me know
if anybody in resco may have any interest .
thanks ,
steve
ps : vince , simply an fyi since they do focus on modelling and research .
- - - - - - - - - - - - - - - - - - - - - - forwarded by steven r meyers / hou / ees on 04 / 11 / 2000
08 : 14 am - - - - - - - - - - - - - - - - - - - - - - - - - - -
bradley davids on 04 / 10 / 2000 08 : 35 : 32 pm
to : "" ' steven . r . meyers @ enron . com ' ""
cc :
subject : re : possible meeting ?
steve :
i ' ll see if i can get in on the 25 th . . . will let you know , but i think
it ' ll work .
just to give you a very brief overview so you can think about who might be
interested , abacus has the largest transactional database of consumer buying
behavior in the world ( 89 million us households , 3 billion + purchases ) ,
along with sophisticated modeling capabilities to help predict customer
response to various offers at the household level . given the critical need
to reduce customer acquisition costs in retail energy markets , we believe
that our data and modeling can help energy retailers target their direct
marketing efforts toward the residential customers most likely to respond to
whatever the offer is - - improving the efficiency of mailings and other
promotional campaigns ( so there is an efficiency angle , see ! )
because our data allow the modeling of future buying behavior based on
actual purchases , our results tend to be significantly more predictive than
demographic - based models . so far , the the response from utilities and "" new
entrants "" i ' ve been talking to so far has been quite positive , and we have
some tests of our data underway , but we ' re interested in talking to as many
players in the market as possible as we develop specific products to meet
utility needs .
i can provide more background if desired to whoever might be interested , but
i guess the key immediate question is whether it might be worthwhile to
arrange a short meeting sometime on the 25 th of april with whoever at enron
might have interest in hearing what we ' re up to , and ( most importantly )
listening to what your data needs might be as you enter new markets .
thanks very much for any help . . . i look forward to catching up and
hearing how things are going for you .
regards ,
brad davids
303 - 410 - 5531
- - - - - original message - - - - -
from : steven . r . meyers @ enron . com [ mailto : steven . r . meyers @ enron . com ]
sent : monday , april 10 , 2000 12 : 13 pm
to : brad . davids @ abacus - direct . com
subject : re : possible meeting ?
it ' d be great to meet on the 25 th in the afternoon . i have a flight in the
evening . i ' m interested in hearing about life at abacus . i too have heard
that enron is getting back into the residential market . what type of
database do you have ? i might be able to find somebody for you to talk
with here .
- steve
bradley davids on 04 / 10 / 2000 12 : 04 : 00 pm
to : "" steve meyers ( e - mail ) ""
cc :
subject : possible meeting ?
steve :
sorry we ' ve been unable to hook up . . . i can probably get down there on
the 25 th , if you ' re going to be in town that afternoon ? would love to catch
up - - both on how things are going with ees and tell you about my new life .
also , i ' m hearing rumors that enron is about to get back into the
residential market in a big way - - you know anything about that ? anybody i
should talk to there about my huge database of consumer buying behavior ?
thanks - - looking forward to connecting . . . i ' ll be travelling most of this
week , but you can leave a vm and let me know when i can call you , or try me
on the cell at 303 - 886 - 3458 .
best ,
brad davids
bradley j . davids
associate vice president , utilities
abacus direct , a division of doubleclick , inc .
11101 west 120 th avenue
broomfield , co 80021 usa
e - mail brad . davids @ abacus - direct . com
tel 303 . 410 . 5531
fax 303 . 410 . 5300
www . doubleclick . net
www . abacus - direct . com
( see attached file : c . dtf )",0,re resco database and customer capture steve it makes sense to meet with abacus retail marketing is very data intensive if you set up a meeting with them please let me know vince steven r meyers ees am to timothy edward vail hou ees ees cc vince j kaminski hou ect ect subject resco database and customer capture tim i hope things are going well in resco i think somebody from resco or research may be interested in the email i received below from brad davids brad is now working at abacus who works with residential customer patterns as well as predictive modelling he s going to be here the and of this month i m not sure who is responsible for resco marketing but i think they would find this interesting who should i send this to ? please let me know if anybody in resco may have any interest thanks steve ps vince simply an fyi since they do focus on modelling and research forwarded by steven r meyers hou ees on am bradley davids on pm to steven r meyers enron com cc subject re possible meeting ? steve i ll see if i can get in on the th will let you know but i think it ll work just to give you a very brief overview so you can think about who might be interested abacus has the largest transactional database of consumer buying behavior in the world million us households billion purchases along with sophisticated modeling capabilities to help predict customer response to various offers at the household level given the critical need to reduce customer acquisition costs in retail energy markets we believe that our data and modeling can help energy retailers target their direct marketing efforts toward the residential customers most likely to respond to whatever the offer is improving the efficiency of mailings and other promotional campaigns so there is an efficiency angle see ! because our data allow the modeling of future buying behavior based on actual purchases our results tend to be significantly more predictive than demographic based models so far the the response from utilities and new entrants i ve been talking to so far has been quite positive and we have some tests of our data underway but we re interested in talking to as many players in the market as possible as we develop specific products to meet utility needs i can provide more background if desired to whoever might be interested but i guess the key immediate question is whether it might be worthwhile to arrange a short meeting sometime on the th of april with whoever at enron might have interest in hearing what we re up to and most importantly listening to what your data needs might be as you enter new markets thanks very much for any help i look forward to catching up and hearing how things are going for you regards brad davids original message from steven r meyers enron com mailto steven r meyers enron com sent monday april pm to brad davids abacus direct com subject re possible meeting ? it d be great to meet on the th in the afternoon i have a flight in the evening i m interested in hearing about life at abacus i too have heard that enron is getting back into the residential market what type of database do you have ? i might be able to find somebody for you to talk with here steve bradley davids on pm to steve meyers e mail cc subject possible meeting ? steve sorry we ve been unable to hook up i can probably get down there on the th if you re going to be in town that afternoon ? would love to catch up both on how things are going with ees and tell you about my new life also i m hearing rumors that enron is about to get back into the residential market in a big way you know anything about that ? anybody i should talk to there about my huge database of consumer buying behavior ? thanks looking forward to connecting i ll be travelling most of this week but you can leave a vm and let me know when i can call you or try me on the cell at best brad davids bradley j davids associate vice president utilities abacus direct a division of doubleclick inc west th avenue broomfield co usa e mail brad davids abacus direct com tel fax www doubleclick net www abacus direct com see attached file c dtf,"['resco', 'database', 'customer', 'capture', 'steve', 'make', 'sense', 'meet', 'abacu', 'retail', 'market', 'data', 'intensive', 'set', 'meet', 'let', 'know', 'vince', 'steven', 'meyer', 'ees', 'timothy', 'edward', 'vail', 'hou', 'ees', 'ees', 'vince', 'kaminski', 'hou', 'ect', 'ect', 'resco', 'database', 'customer', 'capture', 'tim', 'hope', 'thing', 'go', 'resco', 'think', 'somebody', 'resco', 'research', 'may', 'interest', 'brad', 'david', 'brad', 'now', 'work', 'abacu', 'work', 'residential', 'customer', 'pattern', 'predictive', 'modell', 'go', 'month', 'not', 'sure', 'responsible', 'resco', 'market', 'think', 'find', 'interest', 'send', 'let', 'know', 'anybody', 'resco', 'may', 'interest', 'steve', 'vince', 'simply', 'fyi', 'since', 'focu', 'modell', 'research', 'forward', 'steven', 'meyer', 'hou', 'ees', 'bradley', 'david', 'steven', 'meyer', 'enron', 'com', 'possible', 'meet', 'steve', 'see', 'can', 'get', 'will', 'let', 'know', 'think', 'work', 'just', 'give', 'brief', 'overview', 'can', 'think', 'might', 'interest', 'abacu', 'largest', 'transactional', 'database', 'consumer', 'buy', 'behavior', 'world', 'million', 'household', 'billion', 'purchase', 'along', 'sophisticat', 'model', 'capabilitie', 'help', 'predict', 'customer', 'response', 'variou', 'offer', 'household', 'level', 'given', 'critical', 'ne', 'reduce', 'customer', 'acquisi', 'cost', 'retail', 'energy', 'market', 'believe', 'data', 'model', 'can', 'help', 'energy', 'retailer', 'target', 'direct', 'market', 'effort', 'toward', 'residential', 'customer', 'likely', 'respond', 'whatever', 'offer', 'improv', 'efficiency', 'mailing', 'promotional', 'campaign', 'efficiency', 'angle', 'see', 'data', 'allow', 'model', 'future', 'buy', 'behavior', 'bas', 'actual', 'purchase', 'result', 'tend', 'significantly', 'predictive', 'demographic', 'bas', 'model', 'far', 'response', 'utilitie', 'new', 'entrant', 'talk', 'far', 'quite', 'positive', 'test', 'data', 'underway', 'interest', 'talk', 'many', 'player', 'market', 'possible', 'develop', 'specific', 'product', 'meet', 'utility', 'need', 'can', 'provide', 'background', 'desir', 'whoever', 'might', 'interest', 'gues', 'key', 'immediate', 'ques', 'whether', 'might', 'worthwhile', 'arrange', 'short', 'meet', 'sometime', 'april', 'whoever', 'enron', 'might', 'interest', 'hear', 'importantly', 'listen', 'data', 'need', 'might', 'enter', 'new', 'market', 'much', 'help', 'look', 'forward', 'catch', 'hear', 'thing', 'go', 'brad', 'david', 'original', 'steven', 'meyer', 'enron', 'com', 'mailto', 'steven', 'meyer', 'enron', 'com', 'monday', 'april', 'brad', 'david', 'abacu', 'direct', 'com', 'possible', 'meet', 'great', 'meet', 'afternoon', 'flight', 'even', 'interest', 'hear', 'life', 'abacu', 'heard', 'enron', 'gett', 'back', 'residential', 'market', 'type', 'database', 'might', 'able', 'find', 'somebody', 'talk', 'steve', 'bradley', 'david', 'steve', 'meyer', 'possible', 'meet', 'steve', 'unable', 'hook', 'can', 'probably', 'get', 'go', 'town', 'afternoon', 'love', 'catch', 'thing', 'go', 'ees', 'tell', 'new', 'life', 'also', 'hear', 'rumor', 'enron', 'get', 'back', 'residential', 'market', 'big', 'way', 'know', 'anyth', 'anybody', 'talk', 'huge', 'database', 'consumer', 'buy', 'behavior', 'look', 'forward', 'connect', 'travell', 'week', 'can', 'leave', 'let', 'know', 'can', 'call', 'try', 'cell', 'best', 'brad', 'david', 'bradley', 'david', 'associate', 'vice', 'president', 'utilitie', 'abacu', 'direct', 'division', 'doubleclick', 'inc', 'west', 'avenue', 'broomfield', 'usa', 'brad', 'david', 'abacu', 'direct', 'com', 'tel', 'fax', 'www', 'doubleclick', 'net', 'www', 'abacu', 'direct', 'com', 'see', 'attach', 'file', 'dtf']",resco database customer capture steve make sense meet abacu retail market data intensive set meet let know vince steven meyer ees timothy edward vail hou ees ees vince kaminski hou ect ect resco database customer capture tim hope thing go resco think somebody resco research may interest brad david brad now work abacu work residential customer pattern predictive modell go month not sure responsible resco market think find interest send let know anybody resco may interest steve vince simply fyi since focu modell research forward steven meyer hou ees bradley david steven meyer enron com possible meet steve see can get will let know think work just give brief overview can think might interest abacu largest transactional database consumer buy behavior world million household billion purchase along sophisticat model capabilitie help predict customer response variou offer household level given critical ne reduce customer acquisi cost retail energy market believe data model can help energy retailer target direct market effort toward residential customer likely respond whatever offer improv efficiency mailing promotional campaign efficiency angle see data allow model future buy behavior bas actual purchase result tend significantly predictive demographic bas model far response utilitie new entrant talk far quite positive test data underway interest talk many player market possible develop specific product meet utility need can provide background desir whoever might interest gues key immediate ques whether might worthwhile arrange short meet sometime april whoever enron might interest hear importantly listen data need might enter new market much help look forward catch hear thing go brad david original steven meyer enron com mailto steven meyer enron com monday april brad david abacu direct com possible meet great meet afternoon flight even interest hear life abacu heard enron gett back residential market type database might able find somebody talk steve bradley david steve meyer possible meet steve unable hook can probably get go town afternoon love catch thing go ees tell new life also hear rumor enron get back residential market big way know anyth anybody talk huge database consumer buy behavior look forward connect travell week can leave let know can call try cell best brad david bradley david associate vice president utilitie abacu direct division doubleclick inc west avenue broomfield usa brad david abacu direct com tel fax www doubleclick net www abacu direct com see attach file dtf,4117,389,205,0.0,0.0,1,8,4,0,0.010282776349614395,4,5.4910025706940875,0,0,0
9153,entouch newsletter,"business highlights
enron industrial markets
metal bulletin - iron and steel awards for 2000
pushiest entrant : enron , the us commodity trading company , which promised it would revolutionize the steel business by offering futures in hot rolled coil via its online market place .
the eim fundamentals analysis group is excited to announce that dave allan has joined as a director , responsible for all forest products lines . he comes to eim with 20 years of experience in the forest products industry , of which 14 were spent at abitibi and 6 with pulp and paper week . please join us in welcoming dave .
the siebel team ( "" the force "" ) continues to work towards program implementation of its customer management system in early may , with training to begin at the end of april . stay tuned for updates .
enron global lng
enron global lng is positioning itself to be a creator and leader of a global wholesale lng market . the rising prices of natural gas in the united states and concerns over future energy supplies have created a bullish outlook for lng in the u . s . and around the globe . lng has played a major role in serving energy needs in many parts of the world , but its place in the u . s . energy picture has been limited . an lng market that spans the globe can supply vast amounts of otherwise stranded gas to the world ' s growing appetite for cleaner burning fuels . enron global lng sees great opportunity for enron ' s wholesale energy business model to help shape yet another energy market .
in the news
enron corp . says first - quarter profit rose 20 percent
houston , april 17 ( bloomberg ) - - enron corp . , the largest energy trader , said first - quarter profit rose 20 percent as sales almost quadrupled . profit from operations rose to $ 406 million , or 47 cents , from $ 338 million , or 40 cents , in the year - earlier period . enron raised its 2001 profit forecast to $ 1 . 75 to $ 1 . 80 a share , from its january projection of $ 1 . 70 to $ 1 . 75 .
first - quarter revenue surged to $ 50 . 1 billion from $ 13 . 1 billion as enron boosted the volume of power sold in north america by 90 percent . enron had a first - quarter gain of $ 19 million , or 2 cents a share , for an accounting change , making net income $ 425 million , or 49 cents a share . there were no charges or gains in the year - earlier period .
welcome
new hires
egm - janelle russell ,
eim - david allan , sylvia carter
ena - sasha divelbiss , amy quirsfeld , judy zhang , annette thompson , kelly donlevy - lee , grant patterson
transfers ( to or within )
ena - william abler , magdalena cruz , barbara taylor , james reyes , marvin carter , angel tamariz , jesse bryson
eim - cassandra dutton , christine sullivan , camille gerard , sherri kathol , jennifer watson
egm - steven batchelder
legal stuff
the information contained in this newsletter is confidential and proprietary to enron corp . and its subsidiaries . it is intended for internal use only and should not be disclosed .",ham,2001-04-20,"entouch newsletter business highlights
enron industrial markets
metal bulletin - iron and steel awards for 2000
pushiest entrant : enron , the us commodity trading company , which promised it would revolutionize the steel business by offering futures in hot rolled coil via its online market place .
the eim fundamentals analysis group is excited to announce that dave allan has joined as a director , responsible for all forest products lines . he comes to eim with 20 years of experience in the forest products industry , of which 14 were spent at abitibi and 6 with pulp and paper week . please join us in welcoming dave .
the siebel team ( "" the force "" ) continues to work towards program implementation of its customer management system in early may , with training to begin at the end of april . stay tuned for updates .
enron global lng
enron global lng is positioning itself to be a creator and leader of a global wholesale lng market . the rising prices of natural gas in the united states and concerns over future energy supplies have created a bullish outlook for lng in the u . s . and around the globe . lng has played a major role in serving energy needs in many parts of the world , but its place in the u . s . energy picture has been limited . an lng market that spans the globe can supply vast amounts of otherwise stranded gas to the world ' s growing appetite for cleaner burning fuels . enron global lng sees great opportunity for enron ' s wholesale energy business model to help shape yet another energy market .
in the news
enron corp . says first - quarter profit rose 20 percent
houston , april 17 ( bloomberg ) - - enron corp . , the largest energy trader , said first - quarter profit rose 20 percent as sales almost quadrupled . profit from operations rose to $ 406 million , or 47 cents , from $ 338 million , or 40 cents , in the year - earlier period . enron raised its 2001 profit forecast to $ 1 . 75 to $ 1 . 80 a share , from its january projection of $ 1 . 70 to $ 1 . 75 .
first - quarter revenue surged to $ 50 . 1 billion from $ 13 . 1 billion as enron boosted the volume of power sold in north america by 90 percent . enron had a first - quarter gain of $ 19 million , or 2 cents a share , for an accounting change , making net income $ 425 million , or 49 cents a share . there were no charges or gains in the year - earlier period .
welcome
new hires
egm - janelle russell ,
eim - david allan , sylvia carter
ena - sasha divelbiss , amy quirsfeld , judy zhang , annette thompson , kelly donlevy - lee , grant patterson
transfers ( to or within )
ena - william abler , magdalena cruz , barbara taylor , james reyes , marvin carter , angel tamariz , jesse bryson
eim - cassandra dutton , christine sullivan , camille gerard , sherri kathol , jennifer watson
egm - steven batchelder
legal stuff
the information contained in this newsletter is confidential and proprietary to enron corp . and its subsidiaries . it is intended for internal use only and should not be disclosed .",0,entouch newsletter business highlights enron industrial markets metal bulletin iron and steel awards for pushiest entrant enron the us commodity trading company which promised it would revolutionize the steel business by offering futures in hot rolled coil via its online market place the eim fundamentals analysis group is excited to announce that dave allan has joined as a director responsible for all forest products lines he comes to eim with years of experience in the forest products industry of which were spent at abitibi and with pulp and paper week please join us in welcoming dave the siebel team the force continues to work towards program implementation of its customer management system in early may with training to begin at the end of april stay tuned for updates enron global lng enron global lng is positioning itself to be a creator and leader of a global wholesale lng market the rising prices of natural gas in the united states and concerns over future energy supplies have created a bullish outlook for lng in the u s and around the globe lng has played a major role in serving energy needs in many parts of the world but its place in the u s energy picture has been limited an lng market that spans the globe can supply vast amounts of otherwise stranded gas to the world s growing appetite for cleaner burning fuels enron global lng sees great opportunity for enron s wholesale energy business model to help shape yet another energy market in the news enron corp says first quarter profit rose percent houston april bloomberg enron corp the largest energy trader said first quarter profit rose percent as sales almost quadrupled profit from operations rose to million or cents from million or cents in the year earlier period enron raised its profit forecast to to a share from its january projection of to first quarter revenue surged to billion from billion as enron boosted the volume of power sold in north america by percent enron had a first quarter gain of million or cents a share for an accounting change making net income million or cents a share there were no charges or gains in the year earlier period welcome new hires egm janelle russell eim david allan sylvia carter ena sasha divelbiss amy quirsfeld judy zhang annette thompson kelly donlevy lee grant patterson transfers to or within ena william abler magdalena cruz barbara taylor james reyes marvin carter angel tamariz jesse bryson eim cassandra dutton christine sullivan camille gerard sherri kathol jennifer watson egm steven batchelder legal stuff the information contained in this newsletter is confidential and proprietary to enron corp and its subsidiaries it is intended for internal use only and should not be disclosed,"['entouch', 'newsletter', 'busines', 'highlight', 'enron', 'industrial', 'market', 'metal', 'bulletin', 'iron', 'steel', 'award', 'pushiest', 'entrant', 'enron', 'commodity', 'trad', 'company', 'promis', 'revolutionize', 'steel', 'busines', 'offer', 'future', 'hot', 'roll', 'coil', 'via', 'online', 'market', 'place', 'eim', 'fundamental', 'analysi', 'group', 'excit', 'announce', 'dave', 'allan', 'join', 'director', 'responsible', 'forest', 'product', 'line', 'come', 'eim', 'year', 'experience', 'forest', 'product', 'industry', 'spent', 'abitibi', 'pulp', 'paper', 'week', 'join', 'welcom', 'dave', 'siebel', 'team', 'force', 'continue', 'work', 'toward', 'program', 'implementa', 'customer', 'management', 'system', 'early', 'may', 'train', 'begin', 'end', 'april', 'stay', 'tun', 'update', 'enron', 'global', 'lng', 'enron', 'global', 'lng', 'position', 'creator', 'leader', 'global', 'wholesale', 'lng', 'market', 'ris', 'price', 'natural', 'gas', 'unit', 'state', 'concern', 'future', 'energy', 'supplie', 'creat', 'bullish', 'outlook', 'lng', 'around', 'globe', 'lng', 'play', 'major', 'role', 'serv', 'energy', 'need', 'many', 'part', 'world', 'place', 'energy', 'picture', 'limit', 'lng', 'market', 'span', 'globe', 'can', 'supply', 'vast', 'amount', 'otherwise', 'strand', 'gas', 'world', 'grow', 'appetite', 'cleaner', 'burn', 'fuel', 'enron', 'global', 'lng', 'see', 'great', 'opportunity', 'enron', 'wholesale', 'energy', 'busines', 'model', 'help', 'shape', 'yet', 'another', 'energy', 'market', 'new', 'enron', 'corp', 'say', 'first', 'quarter', 'profit', 'rose', 'percent', 'houston', 'april', 'bloomberg', 'enron', 'corp', 'largest', 'energy', 'trader', 'said', 'first', 'quarter', 'profit', 'rose', 'percent', 'sale', 'almost', 'quadrupl', 'profit', 'operation', 'rose', 'million', 'cent', 'million', 'cent', 'year', 'earlier', 'period', 'enron', 'rais', 'profit', 'forecast', 'share', 'january', 'projec', 'first', 'quarter', 'revenue', 'surg', 'billion', 'billion', 'enron', 'boost', 'volume', 'power', 'sold', 'north', 'america', 'percent', 'enron', 'first', 'quarter', 'gain', 'million', 'cent', 'share', 'account', 'change', 'mak', 'net', 'income', 'million', 'cent', 'share', 'charge', 'gain', 'year', 'earlier', 'period', 'welcome', 'new', 'hire', 'egm', 'janelle', 'russell', 'eim', 'david', 'allan', 'sylvia', 'carter', 'ena', 'sasha', 'divelbis', 'amy', 'quirsfeld', 'judy', 'zhang', 'annette', 'thompson', 'kelly', 'donlevy', 'lee', 'grant', 'patterson', 'transfer', 'within', 'ena', 'william', 'abler', 'magdalena', 'cruz', 'barbara', 'taylor', 'jame', 'reye', 'marvin', 'carter', 'angel', 'tamariz', 'jesse', 'bryson', 'eim', 'cassandra', 'dutton', 'christine', 'sullivan', 'camille', 'gerard', 'sherri', 'kathol', 'jennifer', 'watson', 'egm', 'steven', 'batchelder', 'legal', 'stuff', 'informa', 'contain', 'newsletter', 'confidential', 'proprietary', 'enron', 'corp', 'subsidiarie', 'intend', 'internal', 'use', 'not', 'disclos']",entouch newsletter busines highlight enron industrial market metal bulletin iron steel award pushiest entrant enron commodity trad company promis revolutionize steel busines offer future hot roll coil via online market place eim fundamental analysi group excit announce dave allan join director responsible forest product line come eim year experience forest product industry spent abitibi pulp paper week join welcom dave siebel team force continue work toward program implementa customer management system early may train begin end april stay tun update enron global lng enron global lng position creator leader global wholesale lng market ris price natural gas unit state concern future energy supplie creat bullish outlook lng around globe lng play major role serv energy need many part world place energy picture limit lng market span globe can supply vast amount otherwise strand gas world grow appetite cleaner burn fuel enron global lng see great opportunity enron wholesale energy busines model help shape yet another energy market new enron corp say first quarter profit rose percent houston april bloomberg enron corp largest energy trader said first quarter profit rose percent sale almost quadrupl profit operation rose million cent million cent year earlier period enron rais profit forecast share january projec first quarter revenue surg billion billion enron boost volume power sold north america percent enron first quarter gain million cent share account change mak net income million cent share charge gain year earlier period welcome new hire egm janelle russell eim david allan sylvia carter ena sasha divelbis amy quirsfeld judy zhang annette thompson kelly donlevy lee grant patterson transfer within ena william abler magdalena cruz barbara taylor jame reye marvin carter angel tamariz jesse bryson eim cassandra dutton christine sullivan camille gerard sherri kathol jennifer watson egm steven batchelder legal stuff informa contain newsletter confidential proprietary enron corp subsidiarie intend internal use not disclos,2724,305,224,0.0,0.0,0,0,6,0,0.019672131147540985,6,5.721311475409836,0,0,0
4411,ask tina if we can go,"luuuuuuube it up .
make her happy .
it will make u happy as well .
evergreen bullfinch continual endgame goose integer hydroxyl blare corp clobber drawback .
emitter lapelled saigon asbestos cannibal checkerboard rue changeover official cannister homeric drape disaccharide antler facilitate frieze chloroplatinate are puff declassify transpond .
stoop thiiiiis .
",spam,2004-10-26,"ask tina if we can go luuuuuuube it up .
make her happy .
it will make u happy as well .
evergreen bullfinch continual endgame goose integer hydroxyl blare corp clobber drawback .
emitter lapelled saigon asbestos cannibal checkerboard rue changeover official cannister homeric drape disaccharide antler facilitate frieze chloroplatinate are puff declassify transpond .
stoop thiiiiis .
",1,ask tina if we can go luuuuuuube it up make her happy it will make u happy as well evergreen bullfinch continual endgame goose integer hydroxyl blare corp clobber drawback emitter lapelled saigon asbestos cannibal checkerboard rue changeover official cannister homeric drape disaccharide antler facilitate frieze chloroplatinate are puff declassify transpond stoop thiiiiis,"['ask', 'tina', 'can', 'luuuuuuube', 'make', 'happy', 'will', 'make', 'happy', 'evergreen', 'bullfinch', 'continual', 'endgame', 'goose', 'integer', 'hydroxyl', 'blare', 'corp', 'clobber', 'drawback', 'emitter', 'lapell', 'saigon', 'asbesto', 'cannibal', 'checkerboard', 'rue', 'changeover', 'official', 'cannister', 'homeric', 'drape', 'disaccharide', 'antler', 'facilitate', 'frieze', 'chloroplatinate', 'puff', 'declassify', 'transpond', 'stoop', 'thiiiii']",ask tina can luuuuuuube make happy will make happy evergreen bullfinch continual endgame goose integer hydroxyl blare corp clobber drawback emitter lapell saigon asbesto cannibal checkerboard rue changeover official cannister homeric drape disaccharide antler facilitate frieze chloroplatinate puff declassify transpond stoop thiiiii,373,42,40,0.0,0.0,0,0,0,0,0.0,0,6.9523809523809526,0,0,0
26136,you don _ t know how to get into search engine results ?,"submitting your website in search engines may increase
your online sales dramatically .
if you invested time and money into your website , you
simply must submit your website
oniine otherwise it wili be invisible virtually , which means efforts spent in vain .
lf you want
peopie to know about your website and boost your revenues , the only way to do
that is to
make your site visibie in places
where people search for information , i . e .
submit your
website in multipie search engines .
submit your website online
and watch visitors stream to your e - business .
best regards ,
delmarhopkins _ _ _ _ _ _ _ _ _ _ _ _ _ _ _ _ _ _ _ _ _ _ _ _ _ _ _ _ _ _ _ _ _ _ _ _ _ _ _ _ _ _ _ _ _ _ _ _ _ _ _ _ not interested . . . _ _ _ _ _ _ _ _ _ _ _ _ _ _ _ _ _ _ _ _ _ _ _ _ _ _ _ _ _ _ _ _ _ _ _ _ _ _ _ _ _ _ _ _ _ _ _ _ _ _ _ _",spam,2005-06-30,"you don _ t know how to get into search engine results ? submitting your website in search engines may increase
your online sales dramatically .
if you invested time and money into your website , you
simply must submit your website
oniine otherwise it wili be invisible virtually , which means efforts spent in vain .
lf you want
peopie to know about your website and boost your revenues , the only way to do
that is to
make your site visibie in places
where people search for information , i . e .
submit your
website in multipie search engines .
submit your website online
and watch visitors stream to your e - business .
best regards ,
delmarhopkins _ _ _ _ _ _ _ _ _ _ _ _ _ _ _ _ _ _ _ _ _ _ _ _ _ _ _ _ _ _ _ _ _ _ _ _ _ _ _ _ _ _ _ _ _ _ _ _ _ _ _ _ not interested . . . _ _ _ _ _ _ _ _ _ _ _ _ _ _ _ _ _ _ _ _ _ _ _ _ _ _ _ _ _ _ _ _ _ _ _ _ _ _ _ _ _ _ _ _ _ _ _ _ _ _ _ _",1,you don t know how to get into search engine results ? submitting your website in search engines may increase your online sales dramatically if you invested time and money into your website you simply must submit your website oniine otherwise it wili be invisible virtually which means efforts spent in vain lf you want peopie to know about your website and boost your revenues the only way to do that is to make your site visibie in places where people search for information i e submit your website in multipie search engines submit your website online and watch visitors stream to your e business best regards delmarhopkins not interested,"['don', 'know', 'get', 'search', 'engine', 'result', 'submitt', 'website', 'search', 'engine', 'may', 'increase', 'online', 'sale', 'dramatically', 'invest', 'time', 'money', 'website', 'simply', 'must', 'submit', 'website', 'oniine', 'otherwise', 'wili', 'invisible', 'virtually', 'mean', 'effort', 'spent', 'vain', 'want', 'peopie', 'know', 'website', 'boost', 'revenue', 'way', 'make', 'site', 'visibie', 'place', 'people', 'search', 'informa', 'submit', 'website', 'multipie', 'search', 'engine', 'submit', 'website', 'online', 'watch', 'visitor', 'stream', 'busines', 'best', 'delmarhopkin', 'not', 'interest']",don know get search engine result submitt website search engine may increase online sale dramatically invest time money website simply must submit website oniine otherwise wili invisible virtually mean effort spent vain want peopie know website boost revenue way make site visibie place people search informa submit website multipie search engine submit website online watch visitor stream busines best delmarhopkin not interest,641,62,48,0.0,0.0,0,1,1,0,0.016129032258064516,1,5.919354838709677,0,0,0
14927,mike driscoll - hot shot analyst,is . . . . outta here ! i have been officially smoked . it ' s me and swerzbin on the term desk for now .,ham,2002-01-30,mike driscoll - hot shot analyst is . . . . outta here ! i have been officially smoked . it ' s me and swerzbin on the term desk for now .,0,mike driscoll hot shot analyst is outta here ! i have been officially smoked it s me and swerzbin on the term desk for now,"['mike', 'driscoll', 'hot', 'shot', 'analyst', 'outta', 'officially', 'smok', 'swerzbin', 'term', 'desk', 'now']",mike driscoll hot shot analyst outta officially smok swerzbin term desk now,122,12,12,0.0,0.0,1,0,0,0,0.0,0,5.333333333333333,0,0,0
23107,new oslo office - going live,"the new office in oslo is "" going live "" today , monday , july 24 . please make
a note of the new address .
enron nordic energy
hoffsveien ld
postboks 637 , sk > yen
0214 oslo
norway
all the phone numbers are the same as before .",ham,2000-07-24,"new oslo office - going live the new office in oslo is "" going live "" today , monday , july 24 . please make
a note of the new address .
enron nordic energy
hoffsveien ld
postboks 637 , sk > yen
0214 oslo
norway
all the phone numbers are the same as before .",0,new oslo office going live the new office in oslo is going live today monday july please make a note of the new address enron nordic energy hoffsveien ld postboks sk yen oslo norway all the phone numbers are the same as before,"['new', 'oslo', 'office', 'go', 'live', 'new', 'office', 'oslo', 'go', 'live', 'today', 'monday', 'july', 'make', 'note', 'new', 'addres', 'enron', 'nordic', 'energy', 'hoffsveien', 'postbok', 'yen', 'oslo', 'norway', 'phone', 'number']",new oslo office go live new office oslo go live today monday july make note new addres enron nordic energy hoffsveien postbok yen oslo norway phone number,226,27,20,0.0,0.0,0,0,0,0,0.0,0,4.7407407407407405,0,0,0
6882,options library links,"elena ,
the new research web page looks very nice .
recently i have a few users who called me about the links to exotica options
library .
i checked , both links to exotica . doc and example spreadsheets do not work .
i appreciate that if you could re - establish the links as soon as possible .
thanks .
zimin",ham,2000-08-24,"options library links elena ,
the new research web page looks very nice .
recently i have a few users who called me about the links to exotica options
library .
i checked , both links to exotica . doc and example spreadsheets do not work .
i appreciate that if you could re - establish the links as soon as possible .
thanks .
zimin",0,options library links elena the new research web page looks very nice recently i have a few users who called me about the links to exotica options library i checked both links to exotica doc and example spreadsheets do not work i appreciate that if you could re establish the links as soon as possible thanks zimin,"['option', 'library', 'link', 'elena', 'new', 'research', 'web', 'page', 'look', 'nice', 'recently', 'user', 'call', 'link', 'exotica', 'option', 'library', 'check', 'link', 'exotica', 'doc', 'example', 'spreadsheet', 'not', 'work', 'appreciate', 'establish', 'link', 'soon', 'possible', 'zimin']",option library link elena new research web page look nice recently user call link exotica option library check link exotica doc example spreadsheet not work appreciate establish link soon possible zimin,314,31,25,0.0,0.0,0,0,4,0,0.12903225806451613,4,5.548387096774194,0,0,0
16851,please come share birthday cake,there is a chocolate almond roca with chocolate ganache cake up for all to share .,ham,2001-07-12,please come share birthday cake there is a chocolate almond roca with chocolate ganache cake up for all to share .,0,please come share birthday cake there is a chocolate almond roca with chocolate ganache cake up for all to share,"['come', 'share', 'birthday', 'cake', 'chocolate', 'almond', 'roca', 'chocolate', 'ganache', 'cake', 'share']",come share birthday cake chocolate almond roca chocolate ganache cake share,112,11,8,0.0,0.0,0,0,0,0,0.0,0,5.909090909090909,0,0,0
13420,urgent - ena associates & analysts,"all ,
the below analyst & associate recruiting dates require ena participation at manager level at above . in order to resource each of your departments it is important to have ena ' s involvement and participation in the interviews and debrief sessions on fantastic friday and super saturday events . these de - brief sessions will allow you the opportunity to select candidates you wish to join your groups . the target is to assign potential candidates to business units and departments from the outset .
as ena has the highest percentage of a & a rotating in its business unit , the participation of ena at interview should reflect this . therefore , please encourage your direct reports and managers to participate in the below events in order to secure candidates for your business area .
associate recruiting : saturday november 3 total - 70 candidates for interview
analyst recruiting : friday , november 16 total - 70 candidates for interivew
associate recruiting : saturday , december 1 total - 70 candidates for interview
the above spreadsheet represents ena ' s particpation today which i believe highlights the need for much additional support in these efforts .
please confirm by return participation of your respective groups .
regards ,
karen buckley
hr - ena",ham,2001-10-23,"urgent - ena associates & analysts all ,
the below analyst & associate recruiting dates require ena participation at manager level at above . in order to resource each of your departments it is important to have ena ' s involvement and participation in the interviews and debrief sessions on fantastic friday and super saturday events . these de - brief sessions will allow you the opportunity to select candidates you wish to join your groups . the target is to assign potential candidates to business units and departments from the outset .
as ena has the highest percentage of a & a rotating in its business unit , the participation of ena at interview should reflect this . therefore , please encourage your direct reports and managers to participate in the below events in order to secure candidates for your business area .
associate recruiting : saturday november 3 total - 70 candidates for interview
analyst recruiting : friday , november 16 total - 70 candidates for interivew
associate recruiting : saturday , december 1 total - 70 candidates for interview
the above spreadsheet represents ena ' s particpation today which i believe highlights the need for much additional support in these efforts .
please confirm by return participation of your respective groups .
regards ,
karen buckley
hr - ena",0,urgent ena associates analysts all the below analyst associate recruiting dates require ena participation at manager level at above in order to resource each of your departments it is important to have ena s involvement and participation in the interviews and debrief sessions on fantastic friday and super saturday events these de brief sessions will allow you the opportunity to select candidates you wish to join your groups the target is to assign potential candidates to business units and departments from the outset as ena has the highest percentage of a a rotating in its business unit the participation of ena at interview should reflect this therefore please encourage your direct reports and managers to participate in the below events in order to secure candidates for your business area associate recruiting saturday november total candidates for interview analyst recruiting friday november total candidates for interivew associate recruiting saturday december total candidates for interview the above spreadsheet represents ena s particpation today which i believe highlights the need for much additional support in these efforts please confirm by return participation of your respective groups regards karen buckley hr ena,"['urgent', 'ena', 'associate', 'analyst', 'analyst', 'associate', 'recruit', 'date', 'require', 'ena', 'participa', 'manager', 'level', 'order', 'resource', 'department', 'important', 'ena', 'involvement', 'participa', 'interview', 'debrief', 'session', 'fantastic', 'friday', 'super', 'saturday', 'event', 'brief', 'session', 'will', 'allow', 'opportunity', 'select', 'candidate', 'wish', 'join', 'group', 'target', 'assign', 'potential', 'candidate', 'busines', 'unit', 'department', 'outset', 'ena', 'highest', 'percentage', 'rotat', 'busines', 'unit', 'participa', 'ena', 'interview', 'reflect', 'therefore', 'encourage', 'direct', 'report', 'manager', 'participate', 'event', 'order', 'secure', 'candidate', 'busines', 'area', 'associate', 'recruit', 'saturday', 'november', 'total', 'candidate', 'interview', 'analyst', 'recruit', 'friday', 'november', 'total', 'candidate', 'interivew', 'associate', 'recruit', 'saturday', 'december', 'total', 'candidate', 'interview', 'spreadsheet', 'represent', 'ena', 'particpa', 'today', 'believe', 'highlight', 'ne', 'much', 'additional', 'support', 'effort', 'confirm', 'return', 'participa', 'respective', 'group', 'karen', 'buckley', 'ena']",urgent ena associate analyst analyst associate recruit date require ena participa manager level order resource department important ena involvement participa interview debrief session fantastic friday super saturday event brief session will allow opportunity select candidate wish join group target assign potential candidate busines unit department outset ena highest percentage rotat busines unit participa ena interview reflect therefore encourage direct report manager participate event order secure candidate busines area associate recruit saturday november total candidate interview analyst recruit friday november total candidate interivew associate recruit saturday december total candidate interview spreadsheet represent ena particpa today believe highlight ne much additional support effort confirm return participa respective group karen buckley ena,1238,109,69,0.0,0.0,0,0,2,13,0.01834862385321101,-11,6.908256880733945,0,0,0
21376,choose what color ipod mini you want,"motto for a dog
i love this little house because
it offers after dark ,
a pause for rest , a rest for paws ,
a place to moor my bark .
zostaxaza dequo qbmjpvsh fonafa jju - efnplsjupt - hs tisha dawokuv racora ndonoquiga oveti nushebajiqu mesoqu
",spam,2005-02-23,"choose what color ipod mini you want motto for a dog
i love this little house because
it offers after dark ,
a pause for rest , a rest for paws ,
a place to moor my bark .
zostaxaza dequo qbmjpvsh fonafa jju - efnplsjupt - hs tisha dawokuv racora ndonoquiga oveti nushebajiqu mesoqu
",1,choose what color ipod mini you want motto for a dog i love this little house because it offers after dark a pause for rest a rest for paws a place to moor my bark zostaxaza dequo qbmjpvsh fonafa jju efnplsjupt hs tisha dawokuv racora ndonoquiga oveti nushebajiqu mesoqu,"['choose', 'color', 'ipod', 'mini', 'want', 'motto', 'dog', 'love', 'little', 'house', 'offer', 'dark', 'pause', 'rest', 'rest', 'paw', 'place', 'moor', 'bark', 'zostaxaza', 'dequo', 'qbmjpvsh', 'fonafa', 'jju', 'efnplsjupt', 'tisha', 'dawokuv', 'racora', 'ndonoquiga', 'oveti', 'nushebajiqu', 'mesoqu']",choose color ipod mini want motto dog love little house offer dark pause rest rest paw place moor bark zostaxaza dequo qbmjpvsh fonafa jju efnplsjupt tisha dawokuv racora ndonoquiga oveti nushebajiqu mesoqu,270,32,31,0.0,0.0,0,0,1,0,0.03125,1,5.46875,0,0,0
22734,financial controller job opportunity,"interoffice memo
to : rick causey  , s directors , senior directors , and vice presidents
from : rick causey , enron cao
cassandra schultz , enron apachi cao
cc : scott gilchrist , enron apachi human resources
carol howes , enron apachi accounting
date : 04 / 07 / 00
re : financial controller job opportunity
we have an exciting job opportunity for a qualified individual with relevant
enron experience . enron apachi is opening a trading office in tokyo , japan ,
and we urgently need a financial controller to fill an expat assignment in
tokyo to ensure enron accounting processes and procedures and internal
controls are properly implemented . the term of the expat assignment is
negotiable and will depend on the candidate  , s situation and qualifications as
we evaluate the skill sets of personnel that will be filling risk management
and other positions . we believe the candidate should be at least a director
given the responsibilities he / she will be handling , and in fact vice
presidents have been pursued to date ; but it is possible qualified managers
may also be considered depending upon the skill sets staffing complementary
positions . this is a high profile position requiring significant daily
interaction with regional top management and with enron trading / risk
management in houston , and this position will be the top accounting and
administrative person in the tokyo trading office .
japan has captured the interest of our top management as its power markets
are deregulating , and we have communicated the opportunities for enron in
japan to our analysts , as it is one of our top focus areas for growth of our
merchant businesses internationally . active deregulation is underway with
the initial opening of the market just occurring in march 2000 . japan  , s
industrial power prices are the highest in the world so there is a market
consensus for continued energy reform - - japan is potentially one of the
largest markets outside of north america .
please see the attached job description . if you are interested in being
considered for this position , we would like to talk with you as soon as
possible as our office set - up in tokyo has already commenced . please contact
scott gilchrist , head of apachi human resources , at 713 646 7081 , or
scott . gilchrist @ enron . com . i am out on maternity leave , but will also be
happy to talk with you about the opportunity , so feel free to call me at home
at 409 321 2185 , or you can call carol howes at 713 646 7133 .",ham,2000-04-07,"financial controller job opportunity interoffice memo
to : rick causey  , s directors , senior directors , and vice presidents
from : rick causey , enron cao
cassandra schultz , enron apachi cao
cc : scott gilchrist , enron apachi human resources
carol howes , enron apachi accounting
date : 04 / 07 / 00
re : financial controller job opportunity
we have an exciting job opportunity for a qualified individual with relevant
enron experience . enron apachi is opening a trading office in tokyo , japan ,
and we urgently need a financial controller to fill an expat assignment in
tokyo to ensure enron accounting processes and procedures and internal
controls are properly implemented . the term of the expat assignment is
negotiable and will depend on the candidate  , s situation and qualifications as
we evaluate the skill sets of personnel that will be filling risk management
and other positions . we believe the candidate should be at least a director
given the responsibilities he / she will be handling , and in fact vice
presidents have been pursued to date ; but it is possible qualified managers
may also be considered depending upon the skill sets staffing complementary
positions . this is a high profile position requiring significant daily
interaction with regional top management and with enron trading / risk
management in houston , and this position will be the top accounting and
administrative person in the tokyo trading office .
japan has captured the interest of our top management as its power markets
are deregulating , and we have communicated the opportunities for enron in
japan to our analysts , as it is one of our top focus areas for growth of our
merchant businesses internationally . active deregulation is underway with
the initial opening of the market just occurring in march 2000 . japan  , s
industrial power prices are the highest in the world so there is a market
consensus for continued energy reform - - japan is potentially one of the
largest markets outside of north america .
please see the attached job description . if you are interested in being
considered for this position , we would like to talk with you as soon as
possible as our office set - up in tokyo has already commenced . please contact
scott gilchrist , head of apachi human resources , at 713 646 7081 , or
scott . gilchrist @ enron . com . i am out on maternity leave , but will also be
happy to talk with you about the opportunity , so feel free to call me at home
at 409 321 2185 , or you can call carol howes at 713 646 7133 .",0,financial controller job opportunity interoffice memo to rick causey s directors senior directors and vice presidents from rick causey enron cao cassandra schultz enron apachi cao cc scott gilchrist enron apachi human resources carol howes enron apachi accounting date re financial controller job opportunity we have an exciting job opportunity for a qualified individual with relevant enron experience enron apachi is opening a trading office in tokyo japan and we urgently need a financial controller to fill an expat assignment in tokyo to ensure enron accounting processes and procedures and internal controls are properly implemented the term of the expat assignment is negotiable and will depend on the candidate s situation and qualifications as we evaluate the skill sets of personnel that will be filling risk management and other positions we believe the candidate should be at least a director given the responsibilities he she will be handling and in fact vice presidents have been pursued to date but it is possible qualified managers may also be considered depending upon the skill sets staffing complementary positions this is a high profile position requiring significant daily interaction with regional top management and with enron trading risk management in houston and this position will be the top accounting and administrative person in the tokyo trading office japan has captured the interest of our top management as its power markets are deregulating and we have communicated the opportunities for enron in japan to our analysts as it is one of our top focus areas for growth of our merchant businesses internationally active deregulation is underway with the initial opening of the market just occurring in march japan s industrial power prices are the highest in the world so there is a market consensus for continued energy reform japan is potentially one of the largest markets outside of north america please see the attached job description if you are interested in being considered for this position we would like to talk with you as soon as possible as our office set up in tokyo has already commenced please contact scott gilchrist head of apachi human resources at or scott gilchrist enron com i am out on maternity leave but will also be happy to talk with you about the opportunity so feel free to call me at home at or you can call carol howes at,"['financial', 'controller', 'job', 'opportunity', 'interoffice', 'memo', 'rick', 'causey', 'director', 'senior', 'director', 'vice', 'president', 'rick', 'causey', 'enron', 'cao', 'cassandra', 'schultz', 'enron', 'apachi', 'cao', 'scott', 'gilchrist', 'enron', 'apachi', 'human', 'resource', 'carol', 'howe', 'enron', 'apachi', 'account', 'financial', 'controller', 'job', 'opportunity', 'excit', 'job', 'opportunity', 'qualifi', 'individual', 'relevant', 'enron', 'experience', 'enron', 'apachi', 'open', 'trad', 'office', 'tokyo', 'japan', 'urgently', 'ne', 'financial', 'controller', 'fill', 'expat', 'assignment', 'tokyo', 'ensure', 'enron', 'account', 'processe', 'procedure', 'internal', 'control', 'properly', 'implement', 'term', 'expat', 'assignment', 'negotiable', 'will', 'depend', 'candidate', 'situa', 'qualification', 'evaluate', 'skill', 'set', 'personnel', 'will', 'fill', 'risk', 'management', 'position', 'believe', 'candidate', 'least', 'director', 'given', 'responsibilitie', 'will', 'handl', 'fact', 'vice', 'president', 'pursu', 'possible', 'qualifi', 'manager', 'may', 'also', 'consider', 'depend', 'upon', 'skill', 'set', 'staff', 'complementary', 'position', 'high', 'profile', 'posi', 'requir', 'significant', 'daily', 'interac', 'regional', 'top', 'management', 'enron', 'trad', 'risk', 'management', 'houston', 'posi', 'will', 'top', 'account', 'administrative', 'person', 'tokyo', 'trad', 'office', 'japan', 'captur', 'interest', 'top', 'management', 'power', 'market', 'deregulat', 'communicat', 'opportunitie', 'enron', 'japan', 'analyst', 'one', 'top', 'focu', 'area', 'growth', 'merchant', 'businesse', 'internationally', 'active', 'deregula', 'underway', 'initial', 'open', 'market', 'just', 'occurr', 'march', 'japan', 'industrial', 'power', 'price', 'highest', 'world', 'market', 'consensu', 'continu', 'energy', 'reform', 'japan', 'potentially', 'one', 'largest', 'market', 'outside', 'north', 'america', 'see', 'attach', 'job', 'descrip', 'interest', 'consider', 'posi', 'like', 'talk', 'soon', 'possible', 'office', 'set', 'tokyo', 'already', 'commenc', 'contact', 'scott', 'gilchrist', 'head', 'apachi', 'human', 'resource', 'scott', 'gilchrist', 'enron', 'com', 'maternity', 'leave', 'will', 'also', 'happy', 'talk', 'opportunity', 'feel', 'free', 'call', 'home', 'can', 'call', 'carol', 'howe']",financial controller job opportunity interoffice memo rick causey director senior director vice president rick causey enron cao cassandra schultz enron apachi cao scott gilchrist enron apachi human resource carol howe enron apachi account financial controller job opportunity excit job opportunity qualifi individual relevant enron experience enron apachi open trad office tokyo japan urgently ne financial controller fill expat assignment tokyo ensure enron account processe procedure internal control properly implement term expat assignment negotiable will depend candidate situa qualification evaluate skill set personnel will fill risk management position believe candidate least director given responsibilitie will handl fact vice president pursu possible qualifi manager may also consider depend upon skill set staff complementary position high profile posi requir significant daily interac regional top management enron trad risk management houston posi will top account administrative person tokyo trad office japan captur interest top management power market deregulat communicat opportunitie enron japan analyst one top focu area growth merchant businesse internationally active deregula underway initial open market just occurr march japan industrial power price highest world market consensu continu energy reform japan potentially one largest market outside north america see attach job descrip interest consider posi like talk soon possible office set tokyo already commenc contact scott gilchrist head apachi human resource scott gilchrist enron com maternity leave will also happy talk opportunity feel free call home can call carol howe,2384,227,141,0.0,0.0,0,0,4,2,0.01762114537444934,2,6.290748898678414,0,0,0
13286,americas 3 q presentation,"please find the latest draft of the wholesale pitch included below as an attachment .
i have included front portion , americas and europe sections .
the only data point i am lacking at this point relates to our east power slide regarding # of term mw ' s . i am working with leslie reeves on obtaining this information . i expect the wording on the rto ' s slide may change a bit once gov . affairs provides their final comments ; however , this draft includes most of the content .
following our discussion this morning , you may have some comments on slide 14 ( recent structured transactions ) . this slide was modeled after your board presentation . we can add / delete information as you desire .
i am working on modifying the conference call script language and will forward to you shortly .
thanks again for your help .
regards .
david t . leboe
director , investor relations
enron corp .
office 713 . 853 . 4785
cell 713 . 562 . 2160
fax 713 . 646 . 3002
pager 877 . 237 . 7732
david . leboe @ enron . com",ham,2001-10-15,"americas 3 q presentation please find the latest draft of the wholesale pitch included below as an attachment .
i have included front portion , americas and europe sections .
the only data point i am lacking at this point relates to our east power slide regarding # of term mw ' s . i am working with leslie reeves on obtaining this information . i expect the wording on the rto ' s slide may change a bit once gov . affairs provides their final comments ; however , this draft includes most of the content .
following our discussion this morning , you may have some comments on slide 14 ( recent structured transactions ) . this slide was modeled after your board presentation . we can add / delete information as you desire .
i am working on modifying the conference call script language and will forward to you shortly .
thanks again for your help .
regards .
david t . leboe
director , investor relations
enron corp .
office 713 . 853 . 4785
cell 713 . 562 . 2160
fax 713 . 646 . 3002
pager 877 . 237 . 7732
david . leboe @ enron . com",0,americas q presentation please find the latest draft of the wholesale pitch included below as an attachment i have included front portion americas and europe sections the only data point i am lacking at this point relates to our east power slide regarding of term mw s i am working with leslie reeves on obtaining this information i expect the wording on the rto s slide may change a bit once gov affairs provides their final comments however this draft includes most of the content following our discussion this morning you may have some comments on slide recent structured transactions this slide was modeled after your board presentation we can add delete information as you desire i am working on modifying the conference call script language and will forward to you shortly thanks again for your help regards david t leboe director investor relations enron corp office cell fax pager david leboe enron com,"['america', 'presenta', 'find', 'latest', 'draft', 'wholesale', 'pitch', 'includ', 'attachment', 'includ', 'front', 'por', 'america', 'europe', 'section', 'data', 'point', 'lack', 'point', 'relate', 'east', 'power', 'slide', 'regard', 'term', 'work', 'leslie', 'reeve', 'obtain', 'informa', 'expect', 'word', 'rto', 'slide', 'may', 'change', 'bit', 'gov', 'affair', 'provide', 'final', 'comment', 'however', 'draft', 'include', 'content', 'follow', 'discussion', 'morn', 'may', 'comment', 'slide', 'recent', 'structur', 'transaction', 'slide', 'model', 'board', 'presenta', 'can', 'add', 'delete', 'informa', 'desire', 'work', 'modify', 'conference', 'call', 'script', 'language', 'will', 'forward', 'shortly', 'help', 'david', 'leboe', 'director', 'investor', 'relation', 'enron', 'corp', 'office', 'cell', 'fax', 'pager', 'david', 'leboe', 'enron', 'com']",america presenta find latest draft wholesale pitch includ attachment includ front por america europe section data point lack point relate east power slide regard term work leslie reeve obtain informa expect word rto slide may change bit gov affair provide final comment however draft include content follow discussion morn may comment slide recent structur transaction slide model board presenta can add delete informa desire work modify conference call script language will forward shortly help david leboe director investor relation enron corp office cell fax pager david leboe enron com,910,89,74,0.0,0.0,0,0,0,2,0.0,-2,5.629213483146067,0,0,0
134,calpine force majeure - dec 99,"hi daren ,
i spoke with ricky archer at calpine about some penalty charges i billed him
for undertakes on dec 20 , 21 , 31 .
he said force majeure letters were sent to your attention .
if you have them , would you have someone fax a copy of those letters to met
at 713 - 646 - 8420 ?
do you have any other information on the force majure or should i speak with
jennifer ?
thanks for your help !",ham,2000-01-12,"calpine force majeure - dec 99 hi daren ,
i spoke with ricky archer at calpine about some penalty charges i billed him
for undertakes on dec 20 , 21 , 31 .
he said force majeure letters were sent to your attention .
if you have them , would you have someone fax a copy of those letters to met
at 713 - 646 - 8420 ?
do you have any other information on the force majure or should i speak with
jennifer ?
thanks for your help !",0,calpine force majeure dec hi daren i spoke with ricky archer at calpine about some penalty charges i billed him for undertakes on dec he said force majeure letters were sent to your attention if you have them would you have someone fax a copy of those letters to met at ? do you have any other information on the force majure or should i speak with jennifer ? thanks for your help !,"['calpine', 'force', 'majeure', 'dec', 'daren', 'spoke', 'ricky', 'archer', 'calpine', 'penalty', 'charge', 'bill', 'undertake', 'dec', 'said', 'force', 'majeure', 'letter', 'atten', 'someone', 'fax', 'copy', 'letter', 'met', 'informa', 'force', 'majure', 'speak', 'jennifer', 'help']",calpine force majeure dec daren spoke ricky archer calpine penalty charge bill undertake dec said force majeure letter atten someone fax copy letter met informa force majure speak jennifer help,382,30,24,0.0,0.0,1,2,0,0,0.0,0,5.466666666666667,0,0,0
31386,better prescripiton drvgs,"cohesion amoeba gravid spittle apology
want a prescription medication ? find it here !
everything you need ! we have it ! quick and economical !
all your needs in one shop !
stop receiving promotional material now
regrettable straw dendrite spruce abutted brett
",spam,2005-01-21,"better prescripiton drvgs cohesion amoeba gravid spittle apology
want a prescription medication ? find it here !
everything you need ! we have it ! quick and economical !
all your needs in one shop !
stop receiving promotional material now
regrettable straw dendrite spruce abutted brett
",1,better prescripiton drvgs cohesion amoeba gravid spittle apology want a prescription medication ? find it here ! everything you need ! we have it ! quick and economical ! all your needs in one shop ! stop receiving promotional material now regrettable straw dendrite spruce abutted brett,"['better', 'prescripiton', 'drvg', 'cohesion', 'amoeba', 'gravid', 'spittle', 'apology', 'want', 'prescrip', 'medica', 'find', 'everyth', 'ne', 'quick', 'economical', 'need', 'one', 'shop', 'stop', 'receiv', 'promotional', 'material', 'now', 'regrettable', 'straw', 'dendrite', 'spruce', 'abutt', 'brett']",better prescripiton drvg cohesion amoeba gravid spittle apology want prescrip medica find everyth ne quick economical need one shop stop receiv promotional material now regrettable straw dendrite spruce abutt brett,287,30,30,0.0,0.0,5,1,0,0,0.0,0,6.166666666666667,0,0,0
33454,25 mg did thee trick,"how to save on your medlcatlons over sixshooter 60 % .
pharm auscultate amail shop - s viniculture uccessfull and proven way to save your mone advertize y .
inevitable \
a nodular g
affair l
l browned u
vesper / l
r bourse a counterscarp cla
i cornucopia sv winterize al
nailing m
andmanyother .
* best p inartificial rlces
* worldwide sh foolishness lpplng
* to unvote tal confidentiaiity
* over 5 mili airspraying ion customers
have a ni snuffy ce day !",spam,2005-07-08,"25 mg did thee trick how to save on your medlcatlons over sixshooter 60 % .
pharm auscultate amail shop - s viniculture uccessfull and proven way to save your mone advertize y .
inevitable \
a nodular g
affair l
l browned u
vesper / l
r bourse a counterscarp cla
i cornucopia sv winterize al
nailing m
andmanyother .
* best p inartificial rlces
* worldwide sh foolishness lpplng
* to unvote tal confidentiaiity
* over 5 mili airspraying ion customers
have a ni snuffy ce day !",1,mg did thee trick how to save on your medlcatlons over sixshooter pharm auscultate amail shop s viniculture uccessfull and proven way to save your mone advertize y inevitable a nodular g affair l l browned u vesper l r bourse a counterscarp cla i cornucopia sv winterize al nailing m andmanyother best p inartificial rlces worldwide sh foolishness lpplng to unvote tal confidentiaiity over mili airspraying ion customers have a ni snuffy ce day !,"['thee', 'trick', 'save', 'medlcatlon', 'sixshooter', 'pharm', 'auscultate', 'amail', 'shop', 'viniculture', 'uccessfull', 'proven', 'way', 'save', 'mone', 'advertize', 'inevitable', 'nodular', 'affair', 'brown', 'vesper', 'bourse', 'counterscarp', 'cla', 'cornucopia', 'winterize', 'nail', 'andmanyother', 'best', 'inartificial', 'rlce', 'worldwide', 'foolishnes', 'lpplng', 'unvote', 'tal', 'confidentiaiity', 'mili', 'airspray', 'ion', 'customer', 'snuffy', 'day']",thee trick save medlcatlon sixshooter pharm auscultate amail shop viniculture uccessfull proven way save mone advertize inevitable nodular affair brown vesper bourse counterscarp cla cornucopia winterize nail andmanyother best inartificial rlce worldwide foolishnes lpplng unvote tal confidentiaiity mili airspray ion customer snuffy day,446,43,42,0.0,0.0,1,0,0,0,0.0,0,6.8604651162790695,0,0,0
23856,staffing update,"i also have an opportunity for a manager / top - class ss - in the media services
group - our advertising activities under edward ondarza - it ' s going to be
big .
b .
- - - - - forwarded by barry pearce / enron communications on 02 / 21 / 01 11 : 40 am
- - - - -
barry pearce
02 / 21 / 01 08 : 55 am
to : sally beck / hou / ect
cc :
subject : staffing update
happy to help with kristin ' s week of doorstep work with ees . i ' m glad she
will still be in the building / houston however , because we are all working our
tails off up here - plenty of infrastructure work in progress .
on that - just a couple of other things to mention .
1 . kim / leslie decided to keep ellen w - with a revised / upgraded role - which
is good for ellen . i think ellen ' s disappointment was that they told her she
was ' good to go ' on the tuesday - and changed their minds on wednesday -
invoking the ' 12 months ' rule . however - ellen seems over it - and is pleased
with her new role . point to note - it took an external ' inquiry ' to make them
realise what a potential diamond they had - maybe they may of seen it earlier
- just an observation .
2 . i ' m still a couple of good quality deal capture / documentation people
short . i would gladly take any quality candidates you may like to suggest .
3 . enfiber - our valuation / risk management engine ( a cannabilised version of
enpower ) is up and running - and live .
hope you are well .
b .",ham,2001-02-21,"staffing update i also have an opportunity for a manager / top - class ss - in the media services
group - our advertising activities under edward ondarza - it ' s going to be
big .
b .
- - - - - forwarded by barry pearce / enron communications on 02 / 21 / 01 11 : 40 am
- - - - -
barry pearce
02 / 21 / 01 08 : 55 am
to : sally beck / hou / ect
cc :
subject : staffing update
happy to help with kristin ' s week of doorstep work with ees . i ' m glad she
will still be in the building / houston however , because we are all working our
tails off up here - plenty of infrastructure work in progress .
on that - just a couple of other things to mention .
1 . kim / leslie decided to keep ellen w - with a revised / upgraded role - which
is good for ellen . i think ellen ' s disappointment was that they told her she
was ' good to go ' on the tuesday - and changed their minds on wednesday -
invoking the ' 12 months ' rule . however - ellen seems over it - and is pleased
with her new role . point to note - it took an external ' inquiry ' to make them
realise what a potential diamond they had - maybe they may of seen it earlier
- just an observation .
2 . i ' m still a couple of good quality deal capture / documentation people
short . i would gladly take any quality candidates you may like to suggest .
3 . enfiber - our valuation / risk management engine ( a cannabilised version of
enpower ) is up and running - and live .
hope you are well .
b .",0,staffing update i also have an opportunity for a manager top class ss in the media services group our advertising activities under edward ondarza it s going to be big b forwarded by barry pearce enron communications on am barry pearce am to sally beck hou ect cc subject staffing update happy to help with kristin s week of doorstep work with ees i m glad she will still be in the building houston however because we are all working our tails off up here plenty of infrastructure work in progress on that just a couple of other things to mention kim leslie decided to keep ellen w with a revised upgraded role which is good for ellen i think ellen s disappointment was that they told her she was good to go on the tuesday and changed their minds on wednesday invoking the months rule however ellen seems over it and is pleased with her new role point to note it took an external inquiry to make them realise what a potential diamond they had maybe they may of seen it earlier just an observation i m still a couple of good quality deal capture documentation people short i would gladly take any quality candidates you may like to suggest enfiber our valuation risk management engine a cannabilised version of enpower is up and running and live hope you are well b,"['staff', 'update', 'also', 'opportunity', 'manager', 'top', 'clas', 'media', 'service', 'group', 'advertis', 'activitie', 'edward', 'ondarza', 'go', 'big', 'forward', 'barry', 'pearce', 'enron', 'communication', 'barry', 'pearce', 'sally', 'beck', 'hou', 'ect', 'staff', 'update', 'happy', 'help', 'kristin', 'week', 'doorstep', 'work', 'ees', 'glad', 'will', 'still', 'build', 'houston', 'however', 'work', 'tail', 'off', 'plenty', 'infrastructure', 'work', 'progres', 'just', 'couple', 'thing', 'men', 'kim', 'leslie', 'decid', 'keep', 'ellen', 'revis', 'upgrad', 'role', 'good', 'ellen', 'think', 'ellen', 'disappointment', 'told', 'good', 'tuesday', 'chang', 'mind', 'wednesday', 'invok', 'month', 'rule', 'however', 'ellen', 'seem', 'pleas', 'new', 'role', 'point', 'note', 'took', 'external', 'inquiry', 'make', 'realise', 'potential', 'diamond', 'maybe', 'may', 'seen', 'earlier', 'just', 'observa', 'still', 'couple', 'good', 'quality', 'deal', 'capture', 'documenta', 'people', 'short', 'gladly', 'take', 'quality', 'candidate', 'may', 'like', 'suggest', 'enfiber', 'valua', 'risk', 'management', 'engine', 'cannabilis', 'version', 'enpower', 'runn', 'live', 'hope']",staff update also opportunity manager top clas media service group advertis activitie edward ondarza go big forward barry pearce enron communication barry pearce sally beck hou ect staff update happy help kristin week doorstep work ees glad will still build houston however work tail off plenty infrastructure work progres just couple thing men kim leslie decid keep ellen revis upgrad role good ellen think ellen disappointment told good tuesday chang mind wednesday invok month rule however ellen seem pleas new role point note took external inquiry make realise potential diamond maybe may seen earlier just observa still couple good quality deal capture documenta people short gladly take quality candidate may like suggest enfiber valua risk management engine cannabilis version enpower runn live hope,1263,123,105,0.0,0.0,0,0,0,1,0.0,-1,5.560975609756097,0,0,0
27578,what ' s going on,"hi u . this is sarah gal . where have you been hiding ? if you want to hang out and talk some more i would sure like too . hey check out these new pictures of me i just got taken . have a good one .
http : / / mmjx . sakarsucks . com / sal 6 /
martina sonant deprecatory boogie northampton .",spam,2005-07-20,"what ' s going on hi u . this is sarah gal . where have you been hiding ? if you want to hang out and talk some more i would sure like too . hey check out these new pictures of me i just got taken . have a good one .
http : / / mmjx . sakarsucks . com / sal 6 /
martina sonant deprecatory boogie northampton .",1,what s going on hi u this is sarah gal where have you been hiding ? if you want to hang out and talk some more i would sure like too hey check out these new pictures of me i just got taken have a good one http mmjx sakarsucks com sal martina sonant deprecatory boogie northampton,"['go', 'sarah', 'gal', 'hid', 'want', 'hang', 'talk', 'sure', 'like', 'check', 'new', 'picture', 'just', 'got', 'taken', 'good', 'one', 'http', 'mmjx', 'sakarsuck', 'com', 'sal', 'martina', 'sonant', 'deprecatory', 'boogie', 'northampton']",go sarah gal hid want hang talk sure like check new picture just got taken good one http mmjx sakarsuck com sal martina sonant deprecatory boogie northampton,279,27,27,0.0,0.0,0,1,0,0,0.0,0,4.851851851851852,0,0,0
28446,tw park and ride billing - january 2001,"attached is the detail for park n ride billing for january , 2001 . the summary
of charges is as follows :",ham,2001-02-01,"tw park and ride billing - january 2001 attached is the detail for park n ride billing for january , 2001 . the summary
of charges is as follows :",0,tw park and ride billing january attached is the detail for park n ride billing for january the summary of charges is as follows,"['park', 'ride', 'bill', 'january', 'attach', 'detail', 'park', 'ride', 'bill', 'january', 'summary', 'charge', 'follow']",park ride bill january attach detail park ride bill january summary charge follow,128,13,9,0.0,0.0,0,0,0,0,0.0,0,5.3076923076923075,0,0,0
11341,internal ownership of enron americas assets,"i have suggested a slightly edited version of the draft policy . i think classifying assets qualifying for transfer as "" problem "" and / or "" orphan "" may clarify the criteria . also , i am assuming that the intent is to except energy capital resources assets from the policy and have so indicated . on the other hand , as written , the policy would apply to principal investing assets .",ham,2001-03-29,"internal ownership of enron americas assets i have suggested a slightly edited version of the draft policy . i think classifying assets qualifying for transfer as "" problem "" and / or "" orphan "" may clarify the criteria . also , i am assuming that the intent is to except energy capital resources assets from the policy and have so indicated . on the other hand , as written , the policy would apply to principal investing assets .",0,internal ownership of enron americas assets i have suggested a slightly edited version of the draft policy i think classifying assets qualifying for transfer as problem and or orphan may clarify the criteria also i am assuming that the intent is to except energy capital resources assets from the policy and have so indicated on the other hand as written the policy would apply to principal investing assets,"['internal', 'ownership', 'enron', 'america', 'asset', 'suggest', 'slightly', 'edit', 'version', 'draft', 'policy', 'think', 'classify', 'asset', 'qualify', 'transfer', 'problem', 'orphan', 'may', 'clarify', 'criteria', 'also', 'assum', 'intent', 'except', 'energy', 'capital', 'resource', 'asset', 'policy', 'indicat', 'hand', 'written', 'policy', 'apply', 'principal', 'invest', 'asset']",internal ownership enron america asset suggest slightly edit version draft policy think classify asset qualify transfer problem orphan may clarify criteria also assum intent except energy capital resource asset policy indicat hand written policy apply principal invest asset,407,38,33,0.0,0.0,0,0,0,0,0.0,0,6.2368421052631575,0,0,0
8894,re : research resumes,"molly ,
below are the resumes sent to us by focus . vince suggested that we
interview one person plus sriram , who already lives in houston . karim looks
like the most qualified , but my fear is that we may not be able to afford
him . i am assuming that vince will want to hire at most at the manager
level . can you first check and see if karim would consider coming at a
manager level salary before we spend time talking with him . if he is too
senior , then we should talk to samir , who looks like a more junior level
person .
thanks ,
stinson
- - - - - - - - - - - - - - - - - - - - - - forwarded by stinson gibner / hou / ect on 04 / 05 / 2001
02 : 03 pm - - - - - - - - - - - - - - - - - - - - - - - - - - -
stinson gibner
04 / 05 / 2001 08 : 42 am
to : vince j kaminski / hou / ect @ ect
cc :
subject : re : resumes
vince ,
see below for my picks based on the resumes . the others marked as "" no ""
might be ok as well , but did not seem to have as much slant towards finance .
- - stinson
vince j kaminski
04 / 04 / 2001 03 : 45 pm
to : stinson gibner / hou / ect @ ect
cc :
subject : resumes
- - - - - - - - - - - - - - - - - - - - - - forwarded by vince j kaminski / hou / ect on 04 / 04 / 2001
03 : 45 pm - - - - - - - - - - - - - - - - - - - - - - - - - - -
to :
cc :
subject : resumes
here are some people you might want to speak with . ? siriam lives in
houston . ? please see the attached resumes of the following :
?
karim ashktorab yes ( might be expensive ? )
stephen liu no
farshad ravanshad no
matthew rusk no
samir ranjan yes
cedric chow no
sriram vasudevan maybe ( already in houston )
?
regards ,
?
scott gerson
focus capital markets
71 vanderbilt avenue
suite 200
new york , ny 10017
( 212 ) 986 - 3344 tele
( 212 ) 986 - 3370 fax
- focus sriram vasudevan . doc
- focus cedric chow . doc
- focus samir ranjan . doc
- focus matthew rusk . doc
- focus farshad ravanshad . doc
- focus stephen liu . doc
- focus karim ashktorab . doc",ham,2001-04-05,"re : research resumes molly ,
below are the resumes sent to us by focus . vince suggested that we
interview one person plus sriram , who already lives in houston . karim looks
like the most qualified , but my fear is that we may not be able to afford
him . i am assuming that vince will want to hire at most at the manager
level . can you first check and see if karim would consider coming at a
manager level salary before we spend time talking with him . if he is too
senior , then we should talk to samir , who looks like a more junior level
person .
thanks ,
stinson
- - - - - - - - - - - - - - - - - - - - - - forwarded by stinson gibner / hou / ect on 04 / 05 / 2001
02 : 03 pm - - - - - - - - - - - - - - - - - - - - - - - - - - -
stinson gibner
04 / 05 / 2001 08 : 42 am
to : vince j kaminski / hou / ect @ ect
cc :
subject : re : resumes
vince ,
see below for my picks based on the resumes . the others marked as "" no ""
might be ok as well , but did not seem to have as much slant towards finance .
- - stinson
vince j kaminski
04 / 04 / 2001 03 : 45 pm
to : stinson gibner / hou / ect @ ect
cc :
subject : resumes
- - - - - - - - - - - - - - - - - - - - - - forwarded by vince j kaminski / hou / ect on 04 / 04 / 2001
03 : 45 pm - - - - - - - - - - - - - - - - - - - - - - - - - - -
to :
cc :
subject : resumes
here are some people you might want to speak with . ? siriam lives in
houston . ? please see the attached resumes of the following :
?
karim ashktorab yes ( might be expensive ? )
stephen liu no
farshad ravanshad no
matthew rusk no
samir ranjan yes
cedric chow no
sriram vasudevan maybe ( already in houston )
?
regards ,
?
scott gerson
focus capital markets
71 vanderbilt avenue
suite 200
new york , ny 10017
( 212 ) 986 - 3344 tele
( 212 ) 986 - 3370 fax
- focus sriram vasudevan . doc
- focus cedric chow . doc
- focus samir ranjan . doc
- focus matthew rusk . doc
- focus farshad ravanshad . doc
- focus stephen liu . doc
- focus karim ashktorab . doc",0,re research resumes molly below are the resumes sent to us by focus vince suggested that we interview one person plus sriram who already lives in houston karim looks like the most qualified but my fear is that we may not be able to afford him i am assuming that vince will want to hire at most at the manager level can you first check and see if karim would consider coming at a manager level salary before we spend time talking with him if he is too senior then we should talk to samir who looks like a more junior level person thanks stinson forwarded by stinson gibner hou ect on pm stinson gibner am to vince j kaminski hou ect ect cc subject re resumes vince see below for my picks based on the resumes the others marked as no might be ok as well but did not seem to have as much slant towards finance stinson vince j kaminski pm to stinson gibner hou ect ect cc subject resumes forwarded by vince j kaminski hou ect on pm to cc subject resumes here are some people you might want to speak with ? siriam lives in houston ? please see the attached resumes of the following ? karim ashktorab yes might be expensive ? stephen liu no farshad ravanshad no matthew rusk no samir ranjan yes cedric chow no sriram vasudevan maybe already in houston ? regards ? scott gerson focus capital markets vanderbilt avenue suite new york ny tele fax focus sriram vasudevan doc focus cedric chow doc focus samir ranjan doc focus matthew rusk doc focus farshad ravanshad doc focus stephen liu doc focus karim ashktorab doc,"['research', 'resume', 'molly', 'resume', 'focu', 'vince', 'suggest', 'interview', 'one', 'person', 'plu', 'sriram', 'already', 'live', 'houston', 'karim', 'look', 'like', 'qualifi', 'fear', 'may', 'not', 'able', 'afford', 'assum', 'vince', 'will', 'want', 'hire', 'manager', 'level', 'can', 'first', 'check', 'see', 'karim', 'consider', 'com', 'manager', 'level', 'salary', 'spend', 'time', 'talk', 'senior', 'talk', 'samir', 'look', 'like', 'junior', 'level', 'person', 'stinson', 'forward', 'stinson', 'gibner', 'hou', 'ect', 'stinson', 'gibner', 'vince', 'kaminski', 'hou', 'ect', 'ect', 'resume', 'vince', 'see', 'pick', 'bas', 'resume', 'other', 'mark', 'might', 'not', 'seem', 'much', 'slant', 'toward', 'finance', 'stinson', 'vince', 'kaminski', 'stinson', 'gibner', 'hou', 'ect', 'ect', 'resume', 'forward', 'vince', 'kaminski', 'hou', 'ect', 'resume', 'people', 'might', 'want', 'speak', 'siriam', 'live', 'houston', 'see', 'attach', 'resume', 'follow', 'karim', 'ashktorab', 'yes', 'might', 'expensive', 'stephen', 'liu', 'farshad', 'ravanshad', 'matthew', 'rusk', 'samir', 'ranjan', 'yes', 'cedric', 'chow', 'sriram', 'vasudevan', 'maybe', 'already', 'houston', 'scott', 'gerson', 'focu', 'capital', 'market', 'vanderbilt', 'avenue', 'suite', 'new', 'york', 'tele', 'fax', 'focu', 'sriram', 'vasudevan', 'doc', 'focu', 'cedric', 'chow', 'doc', 'focu', 'samir', 'ranjan', 'doc', 'focu', 'matthew', 'rusk', 'doc', 'focu', 'farshad', 'ravanshad', 'doc', 'focu', 'stephen', 'liu', 'doc', 'focu', 'karim', 'ashktorab', 'doc']",research resume molly resume focu vince suggest interview one person plu sriram already live houston karim look like qualifi fear may not able afford assum vince will want hire manager level can first check see karim consider com manager level salary spend time talk senior talk samir look like junior level person stinson forward stinson gibner hou ect stinson gibner vince kaminski hou ect ect resume vince see pick bas resume other mark might not seem much slant toward finance stinson vince kaminski stinson gibner hou ect ect resume forward vince kaminski hou ect resume people might want speak siriam live houston see attach resume follow karim ashktorab yes might expensive stephen liu farshad ravanshad matthew rusk samir ranjan yes cedric chow sriram vasudevan maybe already houston scott gerson focu capital market vanderbilt avenue suite new york tele fax focu sriram vasudevan doc focu cedric chow doc focu samir ranjan doc focu matthew rusk doc focu farshad ravanshad doc focu stephen liu doc focu karim ashktorab doc,1508,167,89,0.0,0.0,0,6,0,1,0.0,-1,5.173652694610778,0,0,0
21023,kluwer alerts is now springer alerts,"dear kluwer alert subscribers ,
as a result of our merger , kluwer academic publishers ( kap ) and springer - verlag , are now operating jointly under the springer brand .
you are receiving this e - mail because you were registered with the kluwer alerts service .
enjoy all of the added benefits of being a springer alert subscriber now there are even more subject areas and journal alerts available ; all tailored to keep you abreast of the latest developments in your discipline .
transfer of book alert preferences
as a convenience to you , your registration to kluwer alerts and your subject area preferences are automatically being transferred to springer alerts .
soon , you may receive a few e - mail notifications from springer alerts . for those who are :
current springer alerts subscribers
your e - mail preferences will be updated , and your current login and password information for springer alerts will still remain the same . however we suggest that you visit and review your profile page by logging in here : www . springeronline . com / alertprofile .
new to springer alerts
we will be providing you with a system generated user name and password ( in two separate e - mails ) . after you receive your password e - mail we suggest you visit and review your profile page by logging in here : www . springeronline . com / alertprofile .
if you have any questions regarding your updated or new springer alerts subscription , please feel free to contact the springeronline helpdesk at : golive @ springeronline . com .
transfer of journal alert preferences
springerlink alerts is our table of contents and keyword e - mail service customized to journal preferences . if you were subscribed to kluwer alert for table of contents alerting , springerlink will now continue to send you these e - mails .
as always , we suggest you visit and review your journal preferences here : www . springerlink . com / alerting .
if you have any questions regarding your new springerlink alerts subscription , please feel free to contact the springerlink helpdesk at : springerlink . marketing @ springer - sbm . com
- - - - - - - - - - - - - - - - -
we look forward to keeping you abreast of the latest developments in your discipline .
with best regards ,
your springer alerts and springerlink alerts team
- - - - - - - - - - - - - - - - -
to unsubscribe by post please write to :
springer
tiergartenstra?e 17
69121 heidelberg
germany
",spam,2005-01-20,"kluwer alerts is now springer alerts dear kluwer alert subscribers ,
as a result of our merger , kluwer academic publishers ( kap ) and springer - verlag , are now operating jointly under the springer brand .
you are receiving this e - mail because you were registered with the kluwer alerts service .
enjoy all of the added benefits of being a springer alert subscriber now there are even more subject areas and journal alerts available ; all tailored to keep you abreast of the latest developments in your discipline .
transfer of book alert preferences
as a convenience to you , your registration to kluwer alerts and your subject area preferences are automatically being transferred to springer alerts .
soon , you may receive a few e - mail notifications from springer alerts . for those who are :
current springer alerts subscribers
your e - mail preferences will be updated , and your current login and password information for springer alerts will still remain the same . however we suggest that you visit and review your profile page by logging in here : www . springeronline . com / alertprofile .
new to springer alerts
we will be providing you with a system generated user name and password ( in two separate e - mails ) . after you receive your password e - mail we suggest you visit and review your profile page by logging in here : www . springeronline . com / alertprofile .
if you have any questions regarding your updated or new springer alerts subscription , please feel free to contact the springeronline helpdesk at : golive @ springeronline . com .
transfer of journal alert preferences
springerlink alerts is our table of contents and keyword e - mail service customized to journal preferences . if you were subscribed to kluwer alert for table of contents alerting , springerlink will now continue to send you these e - mails .
as always , we suggest you visit and review your journal preferences here : www . springerlink . com / alerting .
if you have any questions regarding your new springerlink alerts subscription , please feel free to contact the springerlink helpdesk at : springerlink . marketing @ springer - sbm . com
- - - - - - - - - - - - - - - - -
we look forward to keeping you abreast of the latest developments in your discipline .
with best regards ,
your springer alerts and springerlink alerts team
- - - - - - - - - - - - - - - - -
to unsubscribe by post please write to :
springer
tiergartenstra?e 17
69121 heidelberg
germany
",1,kluwer alerts is now springer alerts dear kluwer alert subscribers as a result of our merger kluwer academic publishers kap and springer verlag are now operating jointly under the springer brand you are receiving this e mail because you were registered with the kluwer alerts service enjoy all of the added benefits of being a springer alert subscriber now there are even more subject areas and journal alerts available all tailored to keep you abreast of the latest developments in your discipline transfer of book alert preferences as a convenience to you your registration to kluwer alerts and your subject area preferences are automatically being transferred to springer alerts soon you may receive a few e mail notifications from springer alerts for those who are current springer alerts subscribers your e mail preferences will be updated and your current login and password information for springer alerts will still remain the same however we suggest that you visit and review your profile page by logging in here www springeronline com alertprofile new to springer alerts we will be providing you with a system generated user name and password in two separate e mails after you receive your password e mail we suggest you visit and review your profile page by logging in here www springeronline com alertprofile if you have any questions regarding your updated or new springer alerts subscription please feel free to contact the springeronline helpdesk at golive springeronline com transfer of journal alert preferences springerlink alerts is our table of contents and keyword e mail service customized to journal preferences if you were subscribed to kluwer alert for table of contents alerting springerlink will now continue to send you these e mails as always we suggest you visit and review your journal preferences here www springerlink com alerting if you have any questions regarding your new springerlink alerts subscription please feel free to contact the springerlink helpdesk at springerlink marketing springer sbm com we look forward to keeping you abreast of the latest developments in your discipline with best regards your springer alerts and springerlink alerts team to unsubscribe by post please write to springer tiergartenstra?e heidelberg germany,"['kluwer', 'alert', 'now', 'springer', 'alert', 'kluwer', 'alert', 'subscriber', 'result', 'merger', 'kluwer', 'academic', 'publisher', 'kap', 'springer', 'verlag', 'now', 'operat', 'jointly', 'springer', 'brand', 'receiv', 'register', 'kluwer', 'alert', 'service', 'enjoy', 'add', 'benefit', 'springer', 'alert', 'subscriber', 'now', 'even', 'area', 'journal', 'alert', 'available', 'tailor', 'keep', 'abreast', 'latest', 'development', 'discipline', 'transfer', 'book', 'alert', 'preference', 'convenience', 'registra', 'kluwer', 'alert', 'area', 'preference', 'automatically', 'transferr', 'springer', 'alert', 'soon', 'may', 'receive', 'notification', 'springer', 'alert', 'current', 'springer', 'alert', 'subscriber', 'preference', 'will', 'updat', 'current', 'login', 'password', 'informa', 'springer', 'alert', 'will', 'still', 'remain', 'however', 'suggest', 'visit', 'review', 'profile', 'page', 'logg', 'www', 'springeronline', 'com', 'alertprofile', 'new', 'springer', 'alert', 'will', 'provid', 'system', 'generat', 'user', 'name', 'password', 'two', 'separate', 'mail', 'receive', 'password', 'suggest', 'visit', 'review', 'profile', 'page', 'logg', 'www', 'springeronline', 'com', 'alertprofile', 'question', 'regard', 'updat', 'new', 'springer', 'alert', 'subscrip', 'feel', 'free', 'contact', 'springeronline', 'helpdesk', 'golive', 'springeronline', 'com', 'transfer', 'journal', 'alert', 'preference', 'springerlink', 'alert', 'table', 'content', 'keyword', 'service', 'customiz', 'journal', 'preference', 'subscrib', 'kluwer', 'alert', 'table', 'content', 'alert', 'springerlink', 'will', 'now', 'continue', 'send', 'mail', 'alway', 'suggest', 'visit', 'review', 'journal', 'preference', 'www', 'springerlink', 'com', 'alert', 'question', 'regard', 'new', 'springerlink', 'alert', 'subscrip', 'feel', 'free', 'contact', 'springerlink', 'helpdesk', 'springerlink', 'market', 'springer', 'sbm', 'com', 'look', 'forward', 'keep', 'abreast', 'latest', 'development', 'discipline', 'best', 'springer', 'alert', 'springerlink', 'alert', 'team', 'unsubscribe', 'post', 'write', 'springer', 'tiergartenstra?e', 'heidelberg', 'germany']",kluwer alert now springer alert kluwer alert subscriber result merger kluwer academic publisher kap springer verlag now operat jointly springer brand receiv register kluwer alert service enjoy add benefit springer alert subscriber now even area journal alert available tailor keep abreast latest development discipline transfer book alert preference convenience registra kluwer alert area preference automatically transferr springer alert soon may receive notification springer alert current springer alert subscriber preference will updat current login password informa springer alert will still remain however suggest visit review profile page logg www springeronline com alertprofile new springer alert will provid system generat user name password two separate mail receive password suggest visit review profile page logg www springeronline com alertprofile question regard updat new springer alert subscrip feel free contact springeronline helpdesk golive springeronline com transfer journal alert preference springerlink alert table content keyword service customiz journal preference subscrib kluwer alert table content alert springerlink will now continue send mail alway suggest visit review journal preference www springerlink com alert question regard new springerlink alert subscrip feel free contact springerlink helpdesk springerlink market springer sbm com look forward keep abreast latest development discipline best springer alert springerlink alert team unsubscribe post write springer tiergartenstra?e heidelberg germany,2275,202,98,0.0,0.0,0,1,6,3,0.0297029702970297,3,6.623762376237623,0,0,0
19849,receive a free sony dvd handycam !,0,spam,2004-09-18,receive a free sony dvd handycam ! ,1,receive a free sony dvd handycam !,"['receive', 'free', 'sony', 'dvd', 'handycam']",receive free sony dvd handycam,34,5,5,0.0,0.0,1,0,1,0,0.2,1,5.2,0,0,0
33500,"alprazzolam , tramadool , \ / aluum , \ / llgra , caalls , levltrra , xana , merldlla , loraazepam , ambllen dare friends","different goodbye pie horses . word forest argue ye familiar ""
hard to buy medsall countriies shiiping
150 hottest selling meds for you to choose from knewrecognize
clicck here to order ye
comes stairs jealous business science approach side blow "" everyone friends accident met , truly meant meaning goes off goodbye is wood . yours action changed bear buy .
",spam,2005-07-12,"alprazzolam , tramadool , \ / aluum , \ / llgra , caalls , levltrra , xana , merldlla , loraazepam , ambllen dare friends different goodbye pie horses . word forest argue ye familiar ""
hard to buy medsall countriies shiiping
150 hottest selling meds for you to choose from knewrecognize
clicck here to order ye
comes stairs jealous business science approach side blow "" everyone friends accident met , truly meant meaning goes off goodbye is wood . yours action changed bear buy .
",1,alprazzolam tramadool aluum llgra caalls levltrra xana merldlla loraazepam ambllen dare friends different goodbye pie horses word forest argue ye familiar hard to buy medsall countriies shiiping hottest selling meds for you to choose from knewrecognize clicck here to order ye comes stairs jealous business science approach side blow everyone friends accident met truly meant meaning goes off goodbye is wood yours action changed bear buy,"['alprazzolam', 'tramadool', 'aluum', 'llgra', 'caall', 'levltrra', 'xana', 'merldlla', 'loraazepam', 'ambllen', 'dare', 'friend', 'different', 'goodbye', 'pie', 'horse', 'word', 'forest', 'argue', 'familiar', 'hard', 'buy', 'medsall', 'countriie', 'shiip', 'hottest', 'sell', 'med', 'choose', 'knewrecognize', 'clicck', 'order', 'come', 'stair', 'jealou', 'busines', 'science', 'approach', 'side', 'blow', 'everyone', 'friend', 'accident', 'met', 'truly', 'meant', 'mean', 'goe', 'off', 'goodbye', 'wood', 'ac', 'chang', 'bear', 'buy']",alprazzolam tramadool aluum llgra caall levltrra xana merldlla loraazepam ambllen dare friend different goodbye pie horse word forest argue familiar hard buy medsall countriie shiip hottest sell med choose knewrecognize clicck order come stair jealou busines science approach side blow everyone friend accident met truly meant mean goe off goodbye wood ac chang bear buy,438,55,52,0.0,0.0,0,0,0,1,0.0,-1,5.745454545454545,0,0,0
16953,"axia energy , lp name change","axia energy lp has changed its name to entergy - koch trading , l . p .",ham,2001-07-27,"axia energy , lp name change axia energy lp has changed its name to entergy - koch trading , l . p .",0,axia energy lp name change axia energy lp has changed its name to entergy koch trading l p,"['axia', 'energy', 'name', 'change', 'axia', 'energy', 'chang', 'name', 'entergy', 'koch', 'trad']",axia energy name change axia energy chang name entergy koch trad,90,11,8,0.0,0.0,0,0,0,0,0.0,0,4.909090909090909,0,0,0
32380,gewinne jetzt das grosse geld,"herzlichen glückwünsch .
sie sind einer der glücklichen menschen denen wir folgendes super - angebot
unterbreiten können :
spielen sie mit beim casino royal las vegas und freuen sie sich auf bis zu
500 $ extra
beim ersten kauf von chips ! !
ja sie lesen richtig - bei ihrem ersten chipkauf geben wir ihnen bis zu
500 $ extra - geschenkt ohne verpflichtungen .
holen sie sich das casino - game zum bequemen spielen von zuhause .
jetzt mit tollen neuen spielen und gewinnchancen
sie können das spiel auch ohne geldeinsatz spielen - allerdings können sie
dann auch nichts gewinnen .
aufladen können sie ihr konto auf den verschiedensten wegen - mit
kreditkarte . banküberweisung und und und .
also worauf warten sie noch - gehören auch sie bald zu den glücklichen
gewinnern . . .
http : / / www . yournews 99 . com / a 22 werde /
mit freundlichem gruß
das casino - team",spam,2005-04-03,"gewinne jetzt das grosse geld herzlichen glückwünsch .
sie sind einer der glücklichen menschen denen wir folgendes super - angebot
unterbreiten können :
spielen sie mit beim casino royal las vegas und freuen sie sich auf bis zu
500 $ extra
beim ersten kauf von chips ! !
ja sie lesen richtig - bei ihrem ersten chipkauf geben wir ihnen bis zu
500 $ extra - geschenkt ohne verpflichtungen .
holen sie sich das casino - game zum bequemen spielen von zuhause .
jetzt mit tollen neuen spielen und gewinnchancen
sie können das spiel auch ohne geldeinsatz spielen - allerdings können sie
dann auch nichts gewinnen .
aufladen können sie ihr konto auf den verschiedensten wegen - mit
kreditkarte . banküberweisung und und und .
also worauf warten sie noch - gehören auch sie bald zu den glücklichen
gewinnern . . .
http : / / www . yournews 99 . com / a 22 werde /
mit freundlichem gruß
das casino - team",1,gewinne jetzt das grosse geld herzlichen gl ckw nsch sie sind einer der gl cklichen menschen denen wir folgendes super angebot unterbreiten k nnen spielen sie mit beim casino royal las vegas und freuen sie sich auf bis zu extra beim ersten kauf von chips ! ! ja sie lesen richtig bei ihrem ersten chipkauf geben wir ihnen bis zu extra geschenkt ohne verpflichtungen holen sie sich das casino game zum bequemen spielen von zuhause jetzt mit tollen neuen spielen und gewinnchancen sie k nnen das spiel auch ohne geldeinsatz spielen allerdings k nnen sie dann auch nichts gewinnen aufladen k nnen sie ihr konto auf den verschiedensten wegen mit kreditkarte bank berweisung und und und also worauf warten sie noch geh ren auch sie bald zu den gl cklichen gewinnern http www yournews com a werde mit freundlichem gru das casino team,"['gewinne', 'jetzt', 'das', 'grosse', 'geld', 'herzlichen', 'ckw', 'nsch', 'sie', 'sind', 'einer', 'der', 'cklichen', 'menschen', 'denen', 'wir', 'folgende', 'super', 'angebot', 'unterbreiten', 'nnen', 'spielen', 'sie', 'mit', 'beim', 'casino', 'royal', 'las', 'vega', 'und', 'freuen', 'sie', 'sich', 'auf', 'bis', 'extra', 'beim', 'ersten', 'kauf', 'von', 'chip', 'sie', 'lesen', 'richtig', 'bei', 'ihrem', 'ersten', 'chipkauf', 'geben', 'wir', 'ihnen', 'bis', 'extra', 'geschenkt', 'ohne', 'verpflichtungen', 'holen', 'sie', 'sich', 'das', 'casino', 'game', 'zum', 'bequemen', 'spielen', 'von', 'zuhause', 'jetzt', 'mit', 'tollen', 'neuen', 'spielen', 'und', 'gewinnchancen', 'sie', 'nnen', 'das', 'spiel', 'auch', 'ohne', 'geldeinsatz', 'spielen', 'allerding', 'nnen', 'sie', 'dann', 'auch', 'nicht', 'gewinnen', 'aufladen', 'nnen', 'sie', 'ihr', 'konto', 'auf', 'den', 'verschiedensten', 'wegen', 'mit', 'kreditkarte', 'bank', 'berweisung', 'und', 'und', 'und', 'also', 'worauf', 'warten', 'sie', 'noch', 'geh', 'ren', 'auch', 'sie', 'bald', 'den', 'cklichen', 'gewinnern', 'http', 'www', 'yournew', 'com', 'werde', 'mit', 'freundlichem', 'gru', 'das', 'casino', 'team']",gewinne jetzt das grosse geld herzlichen ckw nsch sie sind einer der cklichen menschen denen wir folgende super angebot unterbreiten nnen spielen sie mit beim casino royal las vega und freuen sie sich auf bis extra beim ersten kauf von chip sie lesen richtig bei ihrem ersten chipkauf geben wir ihnen bis extra geschenkt ohne verpflichtungen holen sie sich das casino game zum bequemen spielen von zuhause jetzt mit tollen neuen spielen und gewinnchancen sie nnen das spiel auch ohne geldeinsatz spielen allerding nnen sie dann auch nicht gewinnen aufladen nnen sie ihr konto auf den verschiedensten wegen mit kreditkarte bank berweisung und und und also worauf warten sie noch geh ren auch sie bald den cklichen gewinnern http www yournew com werde mit freundlichem gru das casino team,827,129,88,0.0,0.0,2,0,0,0,0.0,0,5.10077519379845,0,0,0
6961,software license,"dear ms . feldman ,
please receive all my apologies for not having
answered earlier your 2 emails , but i was in the
states for 6 weeks and could not access my
dauphine email . in any case , the time was
fruitfully used by my associates and myself to
improve the "" robustness "" of the product , from
a computer and mathematical standpoint .
regarding your 3 points
1 . we agree on the price of 90 , 000 usd
2 . d - g will provide system support : we can do so
by emailing anther version of the software , being
available on the phone and by email but we
cannot promise unlimited support of all kinds
without risking bankruptcy right away .
moreover , the $ 90 , 000 may be paid in 3 fractions
and your risk would be quite minimal
3 . regarding the escrow , we have been using so
far a small law firm with 5 partners ( none of my
family ) in amherst : hart , reed , brown , golowich
and kaplan . but we are not closed to anther
solution you would strongly prefer .
best regards
helyette geman , phd , phd
d - g energy systems",ham,2000-09-01,"software license dear ms . feldman ,
please receive all my apologies for not having
answered earlier your 2 emails , but i was in the
states for 6 weeks and could not access my
dauphine email . in any case , the time was
fruitfully used by my associates and myself to
improve the "" robustness "" of the product , from
a computer and mathematical standpoint .
regarding your 3 points
1 . we agree on the price of 90 , 000 usd
2 . d - g will provide system support : we can do so
by emailing anther version of the software , being
available on the phone and by email but we
cannot promise unlimited support of all kinds
without risking bankruptcy right away .
moreover , the $ 90 , 000 may be paid in 3 fractions
and your risk would be quite minimal
3 . regarding the escrow , we have been using so
far a small law firm with 5 partners ( none of my
family ) in amherst : hart , reed , brown , golowich
and kaplan . but we are not closed to anther
solution you would strongly prefer .
best regards
helyette geman , phd , phd
d - g energy systems",0,software license dear ms feldman please receive all my apologies for not having answered earlier your emails but i was in the states for weeks and could not access my dauphine email in any case the time was fruitfully used by my associates and myself to improve the robustness of the product from a computer and mathematical standpoint regarding your points we agree on the price of usd d g will provide system support we can do so by emailing anther version of the software being available on the phone and by email but we cannot promise unlimited support of all kinds without risking bankruptcy right away moreover the may be paid in fractions and your risk would be quite minimal regarding the escrow we have been using so far a small law firm with partners none of my family in amherst hart reed brown golowich and kaplan but we are not closed to anther solution you would strongly prefer best regards helyette geman phd phd d g energy systems,"['software', 'license', 'feldman', 'receive', 'apologie', 'not', 'answer', 'earlier', 'email', 'state', 'week', 'not', 'acces', 'dauphine', 'case', 'time', 'fruitfully', 'us', 'associate', 'improve', 'robustnes', 'product', 'computer', 'mathematical', 'standpoint', 'regard', 'point', 'agree', 'price', 'usd', 'will', 'provide', 'system', 'support', 'can', 'email', 'anther', 'version', 'software', 'available', 'phone', 'cannot', 'promise', 'unlimit', 'support', 'kind', 'without', 'risk', 'bankruptcy', 'right', 'away', 'moreover', 'may', 'paid', 'fraction', 'risk', 'quite', 'minimal', 'regard', 'escrow', 'us', 'far', 'small', 'law', 'firm', 'partner', 'none', 'family', 'amherst', 'hart', 're', 'brown', 'golowich', 'kaplan', 'not', 'clos', 'anther', 'solu', 'strongly', 'prefer', 'best', 'helyette', 'geman', 'phd', 'phd', 'energy', 'system']",software license feldman receive apologie not answer earlier email state week not acces dauphine case time fruitfully us associate improve robustnes product computer mathematical standpoint regard point agree price usd will provide system support can email anther version software available phone cannot promise unlimit support kind without risk bankruptcy right away moreover may paid fraction risk quite minimal regard escrow us far small law firm partner none family amherst hart re brown golowich kaplan not clos anther solu strongly prefer best helyette geman phd phd energy system,947,87,76,0.0,0.0,0,0,0,0,0.0,0,5.747126436781609,0,0,0
27212,still wanna her ? : - ),"you have not tried cialls yet ?
than you cannot even imagine what it is like to be a real man in bed !
the thing is that a great errrectlon is provided for you exactly when you want .
ciaiis has a iot of advantaqes over viaqra
- the effect lasts 36 hours !
- you are ready to start within just 10 minutes !
- you can mix it with alcohol ! shipping to any country available !
get it right now ! .
",spam,2005-07-19,"still wanna her ? : - ) you have not tried cialls yet ?
than you cannot even imagine what it is like to be a real man in bed !
the thing is that a great errrectlon is provided for you exactly when you want .
ciaiis has a iot of advantaqes over viaqra
- the effect lasts 36 hours !
- you are ready to start within just 10 minutes !
- you can mix it with alcohol ! shipping to any country available !
get it right now ! .
",1,still wanna her ? you have not tried cialls yet ? than you cannot even imagine what it is like to be a real man in bed ! the thing is that a great errrectlon is provided for you exactly when you want ciaiis has a iot of advantaqes over viaqra the effect lasts hours ! you are ready to start within just minutes ! you can mix it with alcohol ! shipping to any country available ! get it right now !,"['still', 'wanna', 'not', 'tri', 'ciall', 'yet', 'cannot', 'even', 'imagine', 'like', 'real', 'man', 'b', 'th', 'great', 'errrectlon', 'provid', 'exactly', 'want', 'ciaii', 'iot', 'advantaqe', 'viaqra', 'effect', 'last', 'hour', 'ready', 'start', 'within', 'just', 'minute', 'can', 'mix', 'alcohol', 'shipp', 'country', 'available', 'get', 'right', 'now']",still wanna not tri ciall yet cannot even imagine like real man b th great errrectlon provid exactly want ciaii iot advantaqe viaqra effect last hour ready start within just minute can mix alcohol shipp country available get right now,397,40,40,0.0,0.0,6,2,0,0,0.0,0,4.875,0,0,0
21099,video dating profiles,"click the photo above or click here
introducing
videodate 33 . com
a 1 . 3 mega pixel webcam and headset and a 6 month membership - - a $ 135 . 00 value , yours for only only $ 29 . 95 with a subscription to videodate 33 . com
your ticket to the dating world
we want to revive the dating fanatic within you . unlike our competitors , videodate 33 . com offers you an exciting and safe way to meet that special someone . each of our members is allowed to record a video and audio profile using a webcam and headset supplied to you by videodate 33 . com
here at videodate 33 . com , we do not believe in filling out long lengthy paragraphs about yourself because it still boils down to simple attraction . videodate 33 . com is the only online dating sevice that allows you to know exactly who you are chatting with on the other end . no more lying with fake photos
get back into the dating world
videodate 33 . com will equip you with all the necessary tools . hows this for starters ?
a 1 . 3 mega pixel webcam and headset and a 6 month membership - - a $ 135 . 00 value , yours for only only $ 29 . 95 with a subscription to videodate 33 . com
videodate 33 1911 glacier park ave , suite 480 naperville , il 60540
",spam,2005-01-28,"video dating profiles click the photo above or click here
introducing
videodate 33 . com
a 1 . 3 mega pixel webcam and headset and a 6 month membership - - a $ 135 . 00 value , yours for only only $ 29 . 95 with a subscription to videodate 33 . com
your ticket to the dating world
we want to revive the dating fanatic within you . unlike our competitors , videodate 33 . com offers you an exciting and safe way to meet that special someone . each of our members is allowed to record a video and audio profile using a webcam and headset supplied to you by videodate 33 . com
here at videodate 33 . com , we do not believe in filling out long lengthy paragraphs about yourself because it still boils down to simple attraction . videodate 33 . com is the only online dating sevice that allows you to know exactly who you are chatting with on the other end . no more lying with fake photos
get back into the dating world
videodate 33 . com will equip you with all the necessary tools . hows this for starters ?
a 1 . 3 mega pixel webcam and headset and a 6 month membership - - a $ 135 . 00 value , yours for only only $ 29 . 95 with a subscription to videodate 33 . com
videodate 33 1911 glacier park ave , suite 480 naperville , il 60540
",1,video dating profiles click the photo above or click here introducing videodate com a mega pixel webcam and headset and a month membership a value yours for only only with a subscription to videodate com your ticket to the dating world we want to revive the dating fanatic within you unlike our competitors videodate com offers you an exciting and safe way to meet that special someone each of our members is allowed to record a video and audio profile using a webcam and headset supplied to you by videodate com here at videodate com we do not believe in filling out long lengthy paragraphs about yourself because it still boils down to simple attraction videodate com is the only online dating sevice that allows you to know exactly who you are chatting with on the other end no more lying with fake photos get back into the dating world videodate com will equip you with all the necessary tools hows this for starters ? a mega pixel webcam and headset and a month membership a value yours for only only with a subscription to videodate com videodate glacier park ave suite naperville il,"['video', 'dat', 'profile', 'click', 'photo', 'click', 'introduc', 'videodate', 'com', 'mega', 'pixel', 'webcam', 'headset', 'month', 'membership', 'value', 'subscrip', 'videodate', 'com', 'ticket', 'dat', 'world', 'want', 'revive', 'dat', 'fanatic', 'within', 'unlike', 'competitor', 'videodate', 'com', 'offer', 'excit', 'safe', 'way', 'meet', 'special', 'someone', 'member', 'allow', 'record', 'video', 'audio', 'profile', 'us', 'webcam', 'headset', 'suppli', 'videodate', 'com', 'videodate', 'com', 'not', 'believe', 'fill', 'long', 'lengthy', 'paragraph', 'still', 'boil', 'simple', 'attrac', 'videodate', 'com', 'online', 'dat', 'sevice', 'allow', 'know', 'exactly', 'chatt', 'end', 'ly', 'fake', 'photo', 'get', 'back', 'dat', 'world', 'videodate', 'com', 'will', 'equip', 'necessary', 'tool', 'starter', 'mega', 'pixel', 'webcam', 'headset', 'month', 'membership', 'value', 'subscrip', 'videodate', 'com', 'videodate', 'glacier', 'park', 'ave', 'suite', 'naperville']",video dat profile click photo click introduc videodate com mega pixel webcam headset month membership value subscrip videodate com ticket dat world want revive dat fanatic within unlike competitor videodate com offer excit safe way meet special someone member allow record video audio profile us webcam headset suppli videodate com videodate com not believe fill long lengthy paragraph still boil simple attrac videodate com online dat sevice allow know exactly chatt end ly fake photo get back dat world videodate com will equip necessary tool starter mega pixel webcam headset month membership value subscrip videodate com videodate glacier park ave suite naperville,1089,102,67,0.0,0.0,0,1,3,0,0.029411764705882353,3,5.5588235294117645,0,0,0
22033,rise up for your benefits - - get quality medis coupon,"this is to reduce the expenses effectively at estore .
love to sav on nnedicals ? check our store for this superssale .
http : / / lweuu . spacecroakshine . com
we present you all leading ones for ereection dysfunction , pain , health of
the male , stress , sleeping aids , blues , distress and obesity .
get the medical history form checked by licensed physicians quickly .
testify our quick and safe distribution service .
so you cannot get enoughof the musicwherever music is playin ' ( tonight )
the way we groove to the rythm ( alright )
frelinger emjhq flatin mzo 8 frasr chokai
where ' s my umbrella ? gonna shoot that static down the drain
",spam,2005-06-01,"rise up for your benefits - - get quality medis coupon this is to reduce the expenses effectively at estore .
love to sav on nnedicals ? check our store for this superssale .
http : / / lweuu . spacecroakshine . com
we present you all leading ones for ereection dysfunction , pain , health of
the male , stress , sleeping aids , blues , distress and obesity .
get the medical history form checked by licensed physicians quickly .
testify our quick and safe distribution service .
so you cannot get enoughof the musicwherever music is playin ' ( tonight )
the way we groove to the rythm ( alright )
frelinger emjhq flatin mzo 8 frasr chokai
where ' s my umbrella ? gonna shoot that static down the drain
",1,rise up for your benefits get quality medis coupon this is to reduce the expenses effectively at estore love to sav on nnedicals ? check our store for this superssale http lweuu spacecroakshine com we present you all leading ones for ereection dysfunction pain health of the male stress sleeping aids blues distress and obesity get the medical history form checked by licensed physicians quickly testify our quick and safe distribution service so you cannot get enoughof the musicwherever music is playin tonight the way we groove to the rythm alright frelinger emjhq flatin mzo frasr chokai where s my umbrella ? gonna shoot that static down the drain,"['rise', 'benefit', 'get', 'quality', 'medi', 'coupon', 'reduce', 'expense', 'effectively', 'estore', 'love', 'sav', 'nnedical', 'check', 'store', 'superssale', 'http', 'lweuu', 'spacecroakshine', 'com', 'present', 'lead', 'one', 'ereec', 'dysfunc', 'pain', 'health', 'male', 'stres', 'sleep', 'aid', 'blue', 'distres', 'obesity', 'get', 'medical', 'history', 'form', 'check', 'licens', 'physician', 'quickly', 'testify', 'quick', 'safe', 'distribu', 'service', 'cannot', 'get', 'enoughof', 'musicwherever', 'music', 'playin', 'tonight', 'way', 'groove', 'rythm', 'alright', 'frelinger', 'emjhq', 'flatin', 'mzo', 'frasr', 'chokai', 'umbrella', 'gonna', 'shoot', 'static', 'drain']",rise benefit get quality medi coupon reduce expense effectively estore love sav nnedical check store superssale http lweuu spacecroakshine com present lead one ereec dysfunc pain health male stres sleep aid blue distres obesity get medical history form check licens physician quickly testify quick safe distribu service cannot get enoughof musicwherever music playin tonight way groove rythm alright frelinger emjhq flatin mzo frasr chokai umbrella gonna shoot static drain,652,69,66,0.0,0.0,0,2,0,0,0.0,0,5.869565217391305,0,0,0
11225,wholesale budget meeting - 3 / 20 / 01 - 11 : 00 a . m .,"the wholesale budget meeting is confirmed for today @ 11 : 00 a . m . in eb - 32 c 2 . london will participate via video conference .
many thanks ,
liz taylor
p . s . i know some of you are not participating today .",ham,2001-03-20,"wholesale budget meeting - 3 / 20 / 01 - 11 : 00 a . m . the wholesale budget meeting is confirmed for today @ 11 : 00 a . m . in eb - 32 c 2 . london will participate via video conference .
many thanks ,
liz taylor
p . s . i know some of you are not participating today .",0,wholesale budget meeting a m the wholesale budget meeting is confirmed for today a m in eb c london will participate via video conference many thanks liz taylor p s i know some of you are not participating today,"['wholesale', 'budget', 'meet', 'wholesale', 'budget', 'meet', 'confirm', 'today', 'london', 'will', 'participate', 'via', 'video', 'conference', 'many', 'liz', 'taylor', 'know', 'not', 'participat', 'today']",wholesale budget meet wholesale budget meet confirm today london will participate via video conference many liz taylor know not participat today,211,21,17,0.0,0.0,0,0,1,3,0.047619047619047616,-2,5.904761904761905,0,0,0
19773,get great prices on medications,"discount generic drugs . save over 70 %
todays specials ,
viagra , retails for $ 15 , we sell for 3 ! ! !
prozac , retails for $ 6 , we sell for $ 1 . 50 ! !
- private online ordering !
- world wide shipping !
- no prescription required ! !
check it out : http : / / 0 rderdrugs . com / ? index
no thanks : http : / / 0 rderdrugs . com / rm . html
",spam,2004-09-10,"get great prices on medications discount generic drugs . save over 70 %
todays specials ,
viagra , retails for $ 15 , we sell for 3 ! ! !
prozac , retails for $ 6 , we sell for $ 1 . 50 ! !
- private online ordering !
- world wide shipping !
- no prescription required ! !
check it out : http : / / 0 rderdrugs . com / ? index
no thanks : http : / / 0 rderdrugs . com / rm . html
",1,get great prices on medications discount generic drugs save over todays specials viagra retails for we sell for ! ! ! prozac retails for we sell for ! ! private online ordering ! world wide shipping ! no prescription required ! ! check it out http rderdrugs com ? index no thanks http rderdrugs com rm html,"['get', 'great', 'price', 'medication', 'discount', 'generic', 'drug', 'save', 'today', 'special', 'viagra', 'retail', 'sell', 'prozac', 'retail', 'sell', 'private', 'online', 'order', 'world', 'wide', 'shipp', 'prescrip', 'requir', 'check', 'http', 'rderdrug', 'com', 'index', 'http', 'rderdrug', 'com', 'html']",get great price medication discount generic drug save today special viagra retail sell prozac retail sell private online order world wide shipp prescrip requir check http rderdrug com index http rderdrug com html,306,33,28,0.0,0.0,9,1,3,1,0.09090909090909091,2,5.454545454545454,0,0,0
17899,schedule crawler : hourahead failure,start date : 1 / 25 / 02 ; hourahead hour : 23 ; hourahead schedule download failed . manual intervention required .,ham,2002-01-26,schedule crawler : hourahead failure start date : 1 / 25 / 02 ; hourahead hour : 23 ; hourahead schedule download failed . manual intervention required .,0,schedule crawler hourahead failure start date hourahead hour hourahead schedule download failed manual intervention required,"['schedule', 'crawler', 'hourahead', 'failure', 'start', 'hourahead', 'hour', 'hourahead', 'schedule', 'download', 'fail', 'manual', 'interven', 'requir']",schedule crawler hourahead failure start hourahead hour hourahead schedule download fail manual interven requir,124,14,11,0.0,0.0,0,0,0,2,0.0,-2,7.0,0,0,0
11297,press clippings - letter on californian utilities,"please find attached the following article :
' californian utilities ' - financial times ( also sent to california distribution team )
kind regards ,
kuldeep chana",ham,2001-03-26,"press clippings - letter on californian utilities please find attached the following article :
' californian utilities ' - financial times ( also sent to california distribution team )
kind regards ,
kuldeep chana",0,press clippings letter on californian utilities please find attached the following article californian utilities financial times also sent to california distribution team kind regards kuldeep chana,"['pres', 'clipping', 'letter', 'californian', 'utilitie', 'find', 'attach', 'follow', 'article', 'californian', 'utilitie', 'financial', 'time', 'also', 'california', 'distribu', 'team', 'kind', 'kuldeep', 'chana']",pres clipping letter californian utilitie find attach follow article californian utilitie financial time also california distribu team kind kuldeep chana,197,20,18,0.0,0.0,0,0,0,0,0.0,0,6.7,0,0,0
17919,start date : 1 / 28 / 02 ; hourahead hour : 10 ;,"start date : 1 / 28 / 02 ; hourahead hour : 10 ; no ancillary schedules awarded . no variances detected .
log messages :
parsing file - - > > o : \ portland \ westdesk \ california scheduling \ iso final schedules \ 2002012810 . txt
# # # cannot locate a preferred or revised _ preferred schedule that matches the final individual interchange schedule . unable to assign deal number .",ham,2002-01-28,"start date : 1 / 28 / 02 ; hourahead hour : 10 ; start date : 1 / 28 / 02 ; hourahead hour : 10 ; no ancillary schedules awarded . no variances detected .
log messages :
parsing file - - > > o : \ portland \ westdesk \ california scheduling \ iso final schedules \ 2002012810 . txt
# # # cannot locate a preferred or revised _ preferred schedule that matches the final individual interchange schedule . unable to assign deal number .",0,start date hourahead hour start date hourahead hour no ancillary schedules awarded no variances detected log messages parsing file o portland westdesk california scheduling iso final schedules txt cannot locate a preferred or revised preferred schedule that matches the final individual interchange schedule unable to assign deal number,"['start', 'hourahead', 'hour', 'start', 'hourahead', 'hour', 'ancillary', 'schedule', 'award', 'variance', 'detect', 'log', 'message', 'pars', 'file', 'portland', 'westdesk', 'california', 'schedul', 'iso', 'final', 'schedule', 'txt', 'cannot', 'locate', 'preferr', 'revis', 'preferr', 'schedule', 'matche', 'final', 'individual', 'interchange', 'schedule', 'unable', 'assign', 'deal', 'number']",start hourahead hour start hourahead hour ancillary schedule award variance detect log message pars file portland westdesk california schedul iso final schedule txt cannot locate preferr revis preferr schedule matche final individual interchange schedule unable assign deal number,336,38,30,0.0,0.0,0,0,0,4,0.0,-4,6.394736842105263,0,0,0
17123,i think we need to have a quick conversation,when you have a minute,ham,2001-08-21,i think we need to have a quick conversation when you have a minute,0,i think we need to have a quick conversation when you have a minute,"['think', 'ne', 'quick', 'conversa', 'minute']",think ne quick conversa minute,67,5,5,0.0,0.0,0,0,0,0,0.0,0,5.2,0,0,0
33519,from : mrs . noye ibekwe,"from : mrs . noye ibekwe
dear friend ,
i greet you in the name of our lord . my
name is mrs . noye ibekwe . i am a widow and a mother of two all girls . i know
you will see my letter to you as an embarrassment considering the fact that
we do not know ourselves . i plead with you to be patient with me i feel very
pleased to contact you for some assistance and business relationship .
i live in nigeria with my children . my late husband was a loving , caring and
hard working businessman who died unfortunately in a ghastly auto
crash . beforethe sudden death of my beloved husband , and father of my
daughters , my late husband intended to establisha business in the japan
asia with the sum of $ 25 million united states dollars , but unfortunately he
died before this proposed venture .
following his death , his family members insisted that i am not entitled to
his property ( assets and money ) since i am a woman and my offspring ' s all
girls as i do not have a male child for my husband . well , according to some
barbaric traditional laws here in nigeria ( africa )
which doesn ' t permit a woman to inherit a man ' s property , as they are
expected by tradition to take over the management of his business and other
properties including myself who automatically becomes a wife to one of his
immediate brothers . unfortunately to this wicked family members , the $ 25
million united states dollars which my late husband intended to use in
establishing a business in the japan ( asia ) was deposited in unknown bank
here in nigeria which his family did not know about it .
. i and my late husband lawyer is the only one aware of this money , so i have
discussed this matter with the bank mnager that i want this money
personally so that i will be able to take care of my children ' s educational
needs since my husband ' s family members vehemently opposed the furtherance
of their education .
according to the manager of the bank , he told me that the best way to
secure this money is to transfer this money out side nigeria for
safe - keeping , later it will be used for business establishment subject to
the advise of whosoever finally assists us .
at this juncture , i therefore ask for your sincere assistance in providing us
with your details and the enablement to facilitate there mittance of this
fund .
you have to present yourself as my late husband business partiner all the
documents that back up this fund will be given to you .
as soon as i get your positive response , i shall provide you with all the
necessary detail . however , i have decided to to give you 30 % of the total
money as a reward for your sincere assistance and 10 % will be map out incase
of any expenses the remaining 60 % of the money will be for my investment as
i will want to keep aglow my late husbands dream of investing in real
estate .
to be able to help me , kindly send through my email , your personal details
including yourcontact informations for easy communication .
my two major reason of contacting you are :
1 ) i need and honest person into this deal
2 ) i need someone who will be capble to handle this money and also who will
assist me finacerly to make sure that this fund move out of this country to
your own account in your country according to bank manager he made me to
understand that this transcation may need some money for important
documents to make everything legally and i do not have money i am only
maneging myself with my two duaghters here so if you see yourself honest and
capeble to do the deal reply me immedaitley
thanking you for your anticipated response .
mrs . noye ibekwe",spam,2005-07-14,"from : mrs . noye ibekwe from : mrs . noye ibekwe
dear friend ,
i greet you in the name of our lord . my
name is mrs . noye ibekwe . i am a widow and a mother of two all girls . i know
you will see my letter to you as an embarrassment considering the fact that
we do not know ourselves . i plead with you to be patient with me i feel very
pleased to contact you for some assistance and business relationship .
i live in nigeria with my children . my late husband was a loving , caring and
hard working businessman who died unfortunately in a ghastly auto
crash . beforethe sudden death of my beloved husband , and father of my
daughters , my late husband intended to establisha business in the japan
asia with the sum of $ 25 million united states dollars , but unfortunately he
died before this proposed venture .
following his death , his family members insisted that i am not entitled to
his property ( assets and money ) since i am a woman and my offspring ' s all
girls as i do not have a male child for my husband . well , according to some
barbaric traditional laws here in nigeria ( africa )
which doesn ' t permit a woman to inherit a man ' s property , as they are
expected by tradition to take over the management of his business and other
properties including myself who automatically becomes a wife to one of his
immediate brothers . unfortunately to this wicked family members , the $ 25
million united states dollars which my late husband intended to use in
establishing a business in the japan ( asia ) was deposited in unknown bank
here in nigeria which his family did not know about it .
. i and my late husband lawyer is the only one aware of this money , so i have
discussed this matter with the bank mnager that i want this money
personally so that i will be able to take care of my children ' s educational
needs since my husband ' s family members vehemently opposed the furtherance
of their education .
according to the manager of the bank , he told me that the best way to
secure this money is to transfer this money out side nigeria for
safe - keeping , later it will be used for business establishment subject to
the advise of whosoever finally assists us .
at this juncture , i therefore ask for your sincere assistance in providing us
with your details and the enablement to facilitate there mittance of this
fund .
you have to present yourself as my late husband business partiner all the
documents that back up this fund will be given to you .
as soon as i get your positive response , i shall provide you with all the
necessary detail . however , i have decided to to give you 30 % of the total
money as a reward for your sincere assistance and 10 % will be map out incase
of any expenses the remaining 60 % of the money will be for my investment as
i will want to keep aglow my late husbands dream of investing in real
estate .
to be able to help me , kindly send through my email , your personal details
including yourcontact informations for easy communication .
my two major reason of contacting you are :
1 ) i need and honest person into this deal
2 ) i need someone who will be capble to handle this money and also who will
assist me finacerly to make sure that this fund move out of this country to
your own account in your country according to bank manager he made me to
understand that this transcation may need some money for important
documents to make everything legally and i do not have money i am only
maneging myself with my two duaghters here so if you see yourself honest and
capeble to do the deal reply me immedaitley
thanking you for your anticipated response .
mrs . noye ibekwe",1,from mrs noye ibekwe from mrs noye ibekwe dear friend i greet you in the name of our lord my name is mrs noye ibekwe i am a widow and a mother of two all girls i know you will see my letter to you as an embarrassment considering the fact that we do not know ourselves i plead with you to be patient with me i feel very pleased to contact you for some assistance and business relationship i live in nigeria with my children my late husband was a loving caring and hard working businessman who died unfortunately in a ghastly auto crash beforethe sudden death of my beloved husband and father of my daughters my late husband intended to establisha business in the japan asia with the sum of million united states dollars but unfortunately he died before this proposed venture following his death his family members insisted that i am not entitled to his property assets and money since i am a woman and my offspring s all girls as i do not have a male child for my husband well according to some barbaric traditional laws here in nigeria africa which doesn t permit a woman to inherit a man s property as they are expected by tradition to take over the management of his business and other properties including myself who automatically becomes a wife to one of his immediate brothers unfortunately to this wicked family members the million united states dollars which my late husband intended to use in establishing a business in the japan asia was deposited in unknown bank here in nigeria which his family did not know about it i and my late husband lawyer is the only one aware of this money so i have discussed this matter with the bank mnager that i want this money personally so that i will be able to take care of my children s educational needs since my husband s family members vehemently opposed the furtherance of their education according to the manager of the bank he told me that the best way to secure this money is to transfer this money out side nigeria for safe keeping later it will be used for business establishment subject to the advise of whosoever finally assists us at this juncture i therefore ask for your sincere assistance in providing us with your details and the enablement to facilitate there mittance of this fund you have to present yourself as my late husband business partiner all the documents that back up this fund will be given to you as soon as i get your positive response i shall provide you with all the necessary detail however i have decided to to give you of the total money as a reward for your sincere assistance and will be map out incase of any expenses the remaining of the money will be for my investment as i will want to keep aglow my late husbands dream of investing in real estate to be able to help me kindly send through my email your personal details including yourcontact informations for easy communication my two major reason of contacting you are i need and honest person into this deal i need someone who will be capble to handle this money and also who will assist me finacerly to make sure that this fund move out of this country to your own account in your country according to bank manager he made me to understand that this transcation may need some money for important documents to make everything legally and i do not have money i am only maneging myself with my two duaghters here so if you see yourself honest and capeble to do the deal reply me immedaitley thanking you for your anticipated response mrs noye ibekwe,"['mrs', 'noye', 'ibekwe', 'mrs', 'noye', 'ibekwe', 'friend', 'greet', 'name', 'lord', 'name', 'mrs', 'noye', 'ibekwe', 'widow', 'mother', 'two', 'girl', 'know', 'will', 'see', 'letter', 'embarrassment', 'consider', 'fact', 'not', 'know', 'plead', 'patient', 'feel', 'pleas', 'contact', 'assistance', 'busines', 'relationship', 'live', 'nigeria', 'children', 'late', 'husband', 'lov', 'car', 'hard', 'work', 'businessman', 'di', 'unfortunately', 'ghastly', 'auto', 'crash', 'beforethe', 'sudden', 'death', 'belov', 'husband', 'father', 'daughter', 'late', 'husband', 'intend', 'establisha', 'busines', 'japan', 'asia', 'sum', 'million', 'unit', 'state', 'dollar', 'unfortunately', 'di', 'propos', 'venture', 'follow', 'death', 'family', 'member', 'insist', 'not', 'entitl', 'property', 'asset', 'money', 'since', 'woman', 'offspr', 'girl', 'not', 'male', 'child', 'husband', 'accord', 'barbaric', 'traditional', 'law', 'nigeria', 'africa', 'doesn', 'permit', 'woman', 'inherit', 'man', 'property', 'expect', 'tradi', 'take', 'management', 'busines', 'propertie', 'includ', 'automatically', 'become', 'wife', 'one', 'immediate', 'brother', 'unfortunately', 'wick', 'family', 'member', 'million', 'unit', 'state', 'dollar', 'late', 'husband', 'intend', 'use', 'establish', 'busines', 'japan', 'asia', 'deposit', 'unknown', 'bank', 'nigeria', 'family', 'not', 'know', 'late', 'husband', 'lawyer', 'one', 'aware', 'money', 'discuss', 'matter', 'bank', 'mnager', 'want', 'money', 'personally', 'will', 'able', 'take', 'care', 'children', 'educational', 'need', 'since', 'husband', 'family', 'member', 'vehemently', 'oppos', 'furtherance', 'educa', 'accord', 'manager', 'bank', 'told', 'best', 'way', 'secure', 'money', 'transfer', 'money', 'side', 'nigeria', 'safe', 'keep', 'later', 'will', 'us', 'busines', 'establishment', 'advise', 'whosoever', 'finally', 'assist', 'juncture', 'therefore', 'ask', 'sincere', 'assistance', 'provid', 'detail', 'enablement', 'facilitate', 'mittance', 'fund', 'present', 'late', 'husband', 'busines', 'partiner', 'document', 'back', 'fund', 'will', 'given', 'soon', 'get', 'positive', 'response', 'shall', 'provide', 'necessary', 'detail', 'however', 'decid', 'give', 'total', 'money', 'reward', 'sincere', 'assistance', 'will', 'map', 'incase', 'expense', 'remain', 'money', 'will', 'investment', 'will', 'want', 'keep', 'aglow', 'late', 'husband', 'dream', 'invest', 'real', 'estate', 'able', 'help', 'kindly', 'send', 'personal', 'detail', 'includ', 'yourcontact', 'information', 'easy', 'communica', 'two', 'major', 'reason', 'contact', 'ne', 'honest', 'person', 'deal', 'ne', 'someone', 'will', 'capble', 'handle', 'money', 'also', 'will', 'assist', 'finacerly', 'make', 'sure', 'fund', 'move', 'country', 'account', 'country', 'accord', 'bank', 'manager', 'made', 'understand', 'transca', 'may', 'ne', 'money', 'important', 'document', 'make', 'everyth', 'legally', 'not', 'money', 'maneg', 'two', 'duaghter', 'see', 'honest', 'capeble', 'deal', 'reply', 'immedaitley', 'thank', 'anticipat', 'response', 'mrs', 'noye', 'ibekwe']",mrs noye ibekwe mrs noye ibekwe friend greet name lord name mrs noye ibekwe widow mother two girl know will see letter embarrassment consider fact not know plead patient feel pleas contact assistance busines relationship live nigeria children late husband lov car hard work businessman di unfortunately ghastly auto crash beforethe sudden death belov husband father daughter late husband intend establisha busines japan asia sum million unit state dollar unfortunately di propos venture follow death family member insist not entitl property asset money since woman offspr girl not male child husband accord barbaric traditional law nigeria africa doesn permit woman inherit man property expect tradi take management busines propertie includ automatically become wife one immediate brother unfortunately wick family member million unit state dollar late husband intend use establish busines japan asia deposit unknown bank nigeria family not know late husband lawyer one aware money discuss matter bank mnager want money personally will able take care children educational need since husband family member vehemently oppos furtherance educa accord manager bank told best way secure money transfer money side nigeria safe keep later will us busines establishment advise whosoever finally assist juncture therefore ask sincere assistance provid detail enablement facilitate mittance fund present late husband busines partiner document back fund will given soon get positive response shall provide necessary detail however decid give total money reward sincere assistance will map incase expense remain money will investment will want keep aglow late husband dream invest real estate able help kindly send personal detail includ yourcontact information easy communica two major reason contact ne honest person deal ne someone will capble handle money also will assist finacerly make sure fund move country account country accord bank manager made understand transca may ne money important document make everyth legally not money maneg two duaghter see honest capeble deal reply immedaitley thank anticipat response mrs noye ibekwe,3488,312,205,0.0,0.0,0,0,16,2,0.05128205128205128,14,5.8173076923076925,0,0,0
31024,"we got your info from your website , hope cooperation .","chinee £ ¬
china ' s inflatables .
thank you for your support these
years and we get more development and improvement
especially in the quality of our products , we have new pricelist and catalog .
please download them through the links below .
download :
price list order form
new catalogue
more info :
www . china - inflatables . cn
contact us :
tel : 00 86 20 31992109
fax : 00 86 20 83684025
info @ china - inflatbles . cn
feedback online
other links :
download 2 :
download 3 :
¡ ¡
if you do not need this info ,
click here .
",spam,2004-12-30,"we got your info from your website , hope cooperation . chinee £ ¬
china ' s inflatables .
thank you for your support these
years and we get more development and improvement
especially in the quality of our products , we have new pricelist and catalog .
please download them through the links below .
download :
price list order form
new catalogue
more info :
www . china - inflatables . cn
contact us :
tel : 00 86 20 31992109
fax : 00 86 20 83684025
info @ china - inflatbles . cn
feedback online
other links :
download 2 :
download 3 :
¡ ¡
if you do not need this info ,
click here .
",1,we got your info from your website hope cooperation chinee china s inflatables thank you for your support these years and we get more development and improvement especially in the quality of our products we have new pricelist and catalog please download them through the links below download price list order form new catalogue more info www china inflatables cn contact us tel fax info china inflatbles cn feedback online other links download download if you do not need this info click here,"['got', 'info', 'website', 'hope', 'coopera', 'chinee', 'china', 'inflatable', 'support', 'year', 'get', 'development', 'improvement', 'especially', 'quality', 'product', 'new', 'pricelist', 'catalog', 'download', 'link', 'download', 'price', 'list', 'order', 'form', 'new', 'catalogue', 'info', 'www', 'china', 'inflatable', 'contact', 'tel', 'fax', 'info', 'china', 'inflatble', 'feedback', 'online', 'link', 'download', 'download', 'not', 'ne', 'info', 'click']",got info website hope coopera chinee china inflatable support year get development improvement especially quality product new pricelist catalog download link download price list order form new catalogue info www china inflatable contact tel fax info china inflatble feedback online link download download not ne info click,492,47,36,0.0,0.0,0,0,3,2,0.06382978723404255,1,5.872340425531915,0,0,0
16737,hi from texas,"hi bill ,
sorry i haven ' t been alive earlier but it ' s been busy , busy here too .
after leaving portland we went to ny for a few days and we got here in houston during the weekend of the flood but we were lucky not to get any of that . in fact i was suprised when i saw the news the next morning .
first thing , i checked my past paychecks and you were correct , i have been receiving the 10 % extra for shift work . i apologize for bringing it up in our meeting as i did not know anything about it . i did not receive any explanation that i was going to get it for shift work and i never check my paychecks in detail anyway .
thanks for sitting with me in that meeting too . i had a good time working in real time .
work here is fine . it is a new market that enron is exploring , that of paper and pulp and trading is fairly thin . i do market analysis for pulp traders and it includes intensive news - reading and passing on important info and gathering of the data and compiling spreadsheets , creating graphs and so on . i like it a lot , i take a lot of the reading home . i get to do some travelling too both in the us and overseas , and i like that too . i like the people in my group and they help me when i don ' t know stuff . one good thing about being here is that there are a lot of classes offered and i am going to be in some of them .
texas is different for sure but we like it . yes it is hot but i feel like home . we have been out a bit and went to dallas last weekend to visit some cousins . there is a lot of spanish around here , you hear it everywhere so i decided to learn it and i am going to start it this week , twice a week . it ' s great beacuse when i learn new words i can practice with my latin co - workers .
that ' s pretty much it for now .
when is evaluation taking place ? how are things there , i bet much busier .
let me know ,
cheers ,
monika",ham,2001-06-26,"hi from texas hi bill ,
sorry i haven ' t been alive earlier but it ' s been busy , busy here too .
after leaving portland we went to ny for a few days and we got here in houston during the weekend of the flood but we were lucky not to get any of that . in fact i was suprised when i saw the news the next morning .
first thing , i checked my past paychecks and you were correct , i have been receiving the 10 % extra for shift work . i apologize for bringing it up in our meeting as i did not know anything about it . i did not receive any explanation that i was going to get it for shift work and i never check my paychecks in detail anyway .
thanks for sitting with me in that meeting too . i had a good time working in real time .
work here is fine . it is a new market that enron is exploring , that of paper and pulp and trading is fairly thin . i do market analysis for pulp traders and it includes intensive news - reading and passing on important info and gathering of the data and compiling spreadsheets , creating graphs and so on . i like it a lot , i take a lot of the reading home . i get to do some travelling too both in the us and overseas , and i like that too . i like the people in my group and they help me when i don ' t know stuff . one good thing about being here is that there are a lot of classes offered and i am going to be in some of them .
texas is different for sure but we like it . yes it is hot but i feel like home . we have been out a bit and went to dallas last weekend to visit some cousins . there is a lot of spanish around here , you hear it everywhere so i decided to learn it and i am going to start it this week , twice a week . it ' s great beacuse when i learn new words i can practice with my latin co - workers .
that ' s pretty much it for now .
when is evaluation taking place ? how are things there , i bet much busier .
let me know ,
cheers ,
monika",0,hi from texas hi bill sorry i haven t been alive earlier but it s been busy busy here too after leaving portland we went to ny for a few days and we got here in houston during the weekend of the flood but we were lucky not to get any of that in fact i was suprised when i saw the news the next morning first thing i checked my past paychecks and you were correct i have been receiving the extra for shift work i apologize for bringing it up in our meeting as i did not know anything about it i did not receive any explanation that i was going to get it for shift work and i never check my paychecks in detail anyway thanks for sitting with me in that meeting too i had a good time working in real time work here is fine it is a new market that enron is exploring that of paper and pulp and trading is fairly thin i do market analysis for pulp traders and it includes intensive news reading and passing on important info and gathering of the data and compiling spreadsheets creating graphs and so on i like it a lot i take a lot of the reading home i get to do some travelling too both in the us and overseas and i like that too i like the people in my group and they help me when i don t know stuff one good thing about being here is that there are a lot of classes offered and i am going to be in some of them texas is different for sure but we like it yes it is hot but i feel like home we have been out a bit and went to dallas last weekend to visit some cousins there is a lot of spanish around here you hear it everywhere so i decided to learn it and i am going to start it this week twice a week it s great beacuse when i learn new words i can practice with my latin co workers that s pretty much it for now when is evaluation taking place ? how are things there i bet much busier let me know cheers monika,"['texa', 'bill', 'haven', 'alive', 'earlier', 'busy', 'busy', 'leav', 'portland', 'went', 'day', 'got', 'houston', 'weekend', 'flood', 'lucky', 'not', 'get', 'fact', 'supris', 'saw', 'new', 'next', 'morn', 'first', 'th', 'check', 'past', 'paycheck', 'correct', 'receiv', 'extra', 'shift', 'work', 'bring', 'meet', 'not', 'know', 'anyth', 'not', 'receive', 'explana', 'go', 'get', 'shift', 'work', 'never', 'check', 'paycheck', 'detail', 'anyway', 'sitt', 'meet', 'good', 'time', 'work', 'real', 'time', 'work', 'fine', 'new', 'market', 'enron', 'explor', 'paper', 'pulp', 'trad', 'fairly', 'thin', 'market', 'analysi', 'pulp', 'trader', 'include', 'intensive', 'new', 'read', 'pass', 'important', 'info', 'gather', 'data', 'compil', 'spreadsheet', 'creat', 'graph', 'like', 'lot', 'take', 'lot', 'read', 'home', 'get', 'travell', 'oversea', 'like', 'like', 'people', 'group', 'help', 'don', 'know', 'stuff', 'one', 'good', 'th', 'lot', 'classe', 'offer', 'go', 'texa', 'different', 'sure', 'like', 'yes', 'hot', 'feel', 'like', 'home', 'bit', 'went', 'dalla', 'last', 'weekend', 'visit', 'cousin', 'lot', 'spanish', 'around', 'hear', 'everywhere', 'decid', 'learn', 'go', 'start', 'week', 'twice', 'week', 'great', 'beacuse', 'learn', 'new', 'word', 'can', 'practice', 'latin', 'worker', 'pretty', 'much', 'now', 'evalua', 'tak', 'place', 'thing', 'bet', 'much', 'busier', 'let', 'know', 'cheer', 'monika']",texa bill haven alive earlier busy busy leav portland went day got houston weekend flood lucky not get fact supris saw new next morn first th check past paycheck correct receiv extra shift work bring meet not know anyth not receive explana go get shift work never check paycheck detail anyway sitt meet good time work real time work fine new market enron explor paper pulp trad fairly thin market analysi pulp trader include intensive new read pass important info gather data compil spreadsheet creat graph like lot take lot read home get travell oversea like like people group help don know stuff one good th lot classe offer go texa different sure like yes hot feel like home bit went dalla last weekend visit cousin lot spanish around hear everywhere decid learn go start week twice week great beacuse learn new word can practice latin worker pretty much now evalua tak place thing bet much busier let know cheer monika,1812,161,122,0.0,0.0,0,1,1,0,0.006211180124223602,1,4.732919254658385,0,0,0
8865,re : real options,"thanks vince . paul q and raymond y will also attend the call .
regards
paul
vince j kaminski @ ect
02 / 04 / 2001 11 : 16 pm
to : paul smith / enron _ development @ enron _ development
cc : stinson gibner / hou / ect @ ect , vince j kaminski / hou / ect @ ect , paul
quilkey / enron _ development @ enron _ development , raymond
yeow / enron _ development @ enron _ development
subject : re : real options
paul ,
we have done a lot of work in this area . i shall call you later
today ( monday my time ) , tuesday morning your time with
some recommendations .
vince
p . s . shirley , please send a real options binder to paul .
vince
from : paul smith @ enron _ development on 03 / 30 / 2001 08 : 42 am zel 0
to : vince j kaminski @ ect
cc : paul quilkey / enron _ development @ enron _ development , raymond
yeow / enron _ development @ enron _ development
subject : real options
vince ,
the sydney office is currently evaluating a proposal that involves an option
to participate in building a wind farm . should this proceed , we would like to
mark this option "" to market "" .
have the research group completed any work on methods for booking and
remarking real options ? alternatively , do you have any suggestions as to the
best way to value , and book , real options fairly ?
regards
paul smith",ham,2001-04-03,"re : real options thanks vince . paul q and raymond y will also attend the call .
regards
paul
vince j kaminski @ ect
02 / 04 / 2001 11 : 16 pm
to : paul smith / enron _ development @ enron _ development
cc : stinson gibner / hou / ect @ ect , vince j kaminski / hou / ect @ ect , paul
quilkey / enron _ development @ enron _ development , raymond
yeow / enron _ development @ enron _ development
subject : re : real options
paul ,
we have done a lot of work in this area . i shall call you later
today ( monday my time ) , tuesday morning your time with
some recommendations .
vince
p . s . shirley , please send a real options binder to paul .
vince
from : paul smith @ enron _ development on 03 / 30 / 2001 08 : 42 am zel 0
to : vince j kaminski @ ect
cc : paul quilkey / enron _ development @ enron _ development , raymond
yeow / enron _ development @ enron _ development
subject : real options
vince ,
the sydney office is currently evaluating a proposal that involves an option
to participate in building a wind farm . should this proceed , we would like to
mark this option "" to market "" .
have the research group completed any work on methods for booking and
remarking real options ? alternatively , do you have any suggestions as to the
best way to value , and book , real options fairly ?
regards
paul smith",0,re real options thanks vince paul q and raymond y will also attend the call regards paul vince j kaminski ect pm to paul smith enron development enron development cc stinson gibner hou ect ect vince j kaminski hou ect ect paul quilkey enron development enron development raymond yeow enron development enron development subject re real options paul we have done a lot of work in this area i shall call you later today monday my time tuesday morning your time with some recommendations vince p s shirley please send a real options binder to paul vince from paul smith enron development on am zel to vince j kaminski ect cc paul quilkey enron development enron development raymond yeow enron development enron development subject real options vince the sydney office is currently evaluating a proposal that involves an option to participate in building a wind farm should this proceed we would like to mark this option to market have the research group completed any work on methods for booking and remarking real options ? alternatively do you have any suggestions as to the best way to value and book real options fairly ? regards paul smith,"['real', 'option', 'vince', 'paul', 'raymond', 'will', 'also', 'attend', 'call', 'paul', 'vince', 'kaminski', 'ect', 'paul', 'smith', 'enron', 'development', 'enron', 'development', 'stinson', 'gibner', 'hou', 'ect', 'ect', 'vince', 'kaminski', 'hou', 'ect', 'ect', 'paul', 'quilkey', 'enron', 'development', 'enron', 'development', 'raymond', 'yeow', 'enron', 'development', 'enron', 'development', 'real', 'option', 'paul', 'done', 'lot', 'work', 'area', 'shall', 'call', 'later', 'today', 'monday', 'time', 'tuesday', 'morn', 'time', 'recommendation', 'vince', 'shirley', 'send', 'real', 'option', 'binder', 'paul', 'vince', 'paul', 'smith', 'enron', 'development', 'zel', 'vince', 'kaminski', 'ect', 'paul', 'quilkey', 'enron', 'development', 'enron', 'development', 'raymond', 'yeow', 'enron', 'development', 'enron', 'development', 'real', 'option', 'vince', 'sydney', 'office', 'currently', 'evaluat', 'proposal', 'involve', 'op', 'participate', 'build', 'wind', 'farm', 'proce', 'like', 'mark', 'op', 'market', 'research', 'group', 'complet', 'work', 'method', 'book', 'remark', 'real', 'option', 'alternatively', 'suggestion', 'best', 'way', 'value', 'book', 'real', 'option', 'fairly', 'paul', 'smith']",real option vince paul raymond will also attend call paul vince kaminski ect paul smith enron development enron development stinson gibner hou ect ect vince kaminski hou ect ect paul quilkey enron development enron development raymond yeow enron development enron development real option paul done lot work area shall call later today monday time tuesday morn time recommendation vince shirley send real option binder paul vince paul smith enron development zel vince kaminski ect paul quilkey enron development enron development raymond yeow enron development enron development real option vince sydney office currently evaluat proposal involve op participate build wind farm proce like mark op market research group complet work method book remark real option alternatively suggestion best way value book real option fairly paul smith,1141,125,62,0.0,0.0,0,2,0,1,0.0,-1,5.696,0,0,0
